category,product_name,price_jod,product_url,image_url,sku,description,stock_status
WOODEN PRODUCTS,منظر  (اليوم العالمي للفن ) كبير,5.0,https://e-shop.psd.gov.jo/625mw6m12091.html,https://e-shop.psd.gov.jo/media/catalog/product/cache/6fe0f40091d9883a4caf18d72ffe3621/f/i/file_29.png,625MW6M12091,منظر  (اليوم العالمي للفن ) كبير القياسات: الطول:20*العرض:24سم,In stock
WOODEN PRODUCTS,منظر  (اليوم العالمي للإبداع والإبتكار ),5.0,https://e-shop.psd.gov.jo/625mw6m12090.html,https://e-shop.psd.gov.jo/media/catalog/product/cache/6fe0f40091d9883a4caf18d72ffe3621/_/9/_9873.png,625MW6M12090,منظر  (اليوم العالمي للإبداع والإبتكار ) القياسات: الطول:24*العرض:31سم,In stock
WOODEN PRODUCTS,منظر ( أيادي أزرق),5.0,https://e-shop.psd.gov.jo/625mw6m12089.html,https://e-shop.psd.gov.jo/media/catalog/product/cache/6fe0f40091d9883a4caf18d72ffe3621/_/8/_892.png,625MW6M12089,منظر ( أيادي أزرق) القياسات: الطول:23*العرض:30سم,In stock
WOODEN PRODUCTS,منظر ( لنرفع علمنا عالياً),5.0,https://e-shop.psd.gov.jo/625mw6m12088.html,https://e-shop.psd.gov.jo/media/catalog/product/cache/6fe0f40091d9883a4caf18d72ffe3621/_/7/_7892.png,625MW6M12088,منظر ( لنرفع علمنا عالياً) القياسات: الطول:19*العرض:30سم,In stock
WOODEN PRODUCTS,منظر  (اليوم الوطني للعلم الأردني أحمر ),5.0,https://e-shop.psd.gov.jo/625mw6m12087.html,https://e-shop.psd.gov.jo/media/catalog/product/cache/6fe0f40091d9883a4caf18d72ffe3621/_/8/_89999999992.png,625MW6M12087,منظر  (اليوم الوطني للعلم الأردني أحمر ) القياسات: الطول:22*العرض:30سم,In stock
WOODEN PRODUCTS,مدفع خشبي,5.0,https://e-shop.psd.gov.jo/2mw17621000.html,https://e-shop.psd.gov.jo/media/catalog/product/cache/6fe0f40091d9883a4caf18d72ffe3621/1/0/1000038280.jpg,2MW17621000,مدفع خشبي القياسات الطول15*العرض26سم,Out of stock
WOODEN PRODUCTS,فازا لون أسود,15.0,https://e-shop.psd.gov.jo/625mw1m230.html,https://e-shop.psd.gov.jo/media/catalog/product/cache/6fe0f40091d9883a4caf18d72ffe3621/1/0/1000038265.jpg,625MW1M230,فازا أسود القياسات الطول32*العرض26سم,Out of stock
WOODEN PRODUCTS,كوخ خشبي كبير,25.0,https://e-shop.psd.gov.jo/625mw1l125.html,https://e-shop.psd.gov.jo/media/catalog/product/cache/6fe0f40091d9883a4caf18d72ffe3621/p/h/photo_2024-02-27_10-28-54.jpg,625MW1L125,كوخ خشبي كبير ال قياسات: الطول55*العرض40سم*العمق 70سم,In stock
WOODEN PRODUCTS,صينية خشب (عين),5.0,https://e-shop.psd.gov.jo/2mw21226000.html,https://e-shop.psd.gov.jo/media/catalog/product/cache/6fe0f40091d9883a4caf18d72ffe3621/p/h/photoroom-____15_1.png,2MW21226000,صينية خشب (عين) القياسات: الطول 60,Out of stock
WOODEN PRODUCTS,صحن خشبي (يد و قلم),5.0,https://e-shop.psd.gov.jo/1mw22026000.html,https://e-shop.psd.gov.jo/media/catalog/product/cache/6fe0f40091d9883a4caf18d72ffe3621/p/h/photoroom-____16_1_1_1.png,1MW22026000,,Out of stock
WOODEN PRODUCTS,منظر مكتبي فسبح بحمد ربك,4.0,https://e-shop.psd.gov.jo/625mw1m05637.html,https://e-shop.psd.gov.jo/media/catalog/product/cache/6fe0f40091d9883a4caf18d72ffe3621/p/h/photoroom-____43_1.png,625MW1M05637,منظر مكتبي فسبح بحمد ربك القياسات: الطول 21*العرض18,In stock
WOODEN PRODUCTS,منظر مكتبي (الحب من شيم الكرام),4.0,https://e-shop.psd.gov.jo/625mw1m05627.html,https://e-shop.psd.gov.jo/media/catalog/product/cache/6fe0f40091d9883a4caf18d72ffe3621/p/h/photoroom-____40_1.png,625MW1M05627,منظر مكتبي (الحب من شيم الكرام) القياسات الطول 20*العرض 18,In stock
WOODEN PRODUCTS,منظر (الحمدالله)وردة خضراء,4.0,https://e-shop.psd.gov.jo/625mw1m05630.html,https://e-shop.psd.gov.jo/media/catalog/product/cache/6fe0f40091d9883a4caf18d72ffe3621/8/5/85afef51-9205-4b61-be23-1889662f5825.png,625MW1M05630,منظر (الحمدالله)وردة خضراء القياسات الطول 19*العرض19,In stock
WOODEN PRODUCTS,منظر مكتبي رفقاً بالقوارير,4.0,https://e-shop.psd.gov.jo/625mw1m05640.html,https://e-shop.psd.gov.jo/media/catalog/product/cache/6fe0f40091d9883a4caf18d72ffe3621/p/h/photoroom-____45_1.png,625MW1M05640,منظر مكتبي (رفقاً بالقوارير) القياسات الطول 20*العرض 18,In stock
WOODEN PRODUCTS,منظر يخت خشبي,15.0,https://e-shop.psd.gov.jo/625mw1m647.html,https://e-shop.psd.gov.jo/media/catalog/product/cache/6fe0f40091d9883a4caf18d72ffe3621/e/3/e3dbf628-d311-4141-842e-5d694020eeda.jpg,625MW1M647,منظر يخت خشبي القياسات الطول 38*العرض47,In stock
WOODEN PRODUCTS,منظر مكتبي رب ابن لي,4.0,https://e-shop.psd.gov.jo/625mw1m05610.html,https://e-shop.psd.gov.jo/media/catalog/product/cache/6fe0f40091d9883a4caf18d72ffe3621/p/h/photoroom-____36_-_copy.png,625MW1M05610,منظر مكتبي رب ابن لي القياسات الطول 22*العرض 20,In stock
WOODEN PRODUCTS,منظر مكتبي إن مع العسر يسراً,4.0,https://e-shop.psd.gov.jo/625mw1m05679.html,https://e-shop.psd.gov.jo/media/catalog/product/cache/6fe0f40091d9883a4caf18d72ffe3621/p/h/photoroom-____42_2_1_1.png,625MW1M05679,منظر مكتبي إن مع العسر يسراً القياسات الطول 18*العرض 25,In stock
WOODEN PRODUCTS,منظر مكتبي (و هو على كل شيء قدير),4.0,https://e-shop.psd.gov.jo/625mw1m05638.html,https://e-shop.psd.gov.jo/media/catalog/product/cache/6fe0f40091d9883a4caf18d72ffe3621/p/h/photoroom-____3_2.png,625MW1M05638,منظر مكتبي (و هو على كل شيء قدير) القياسات الطول 19*العرض 15,In stock
WOODEN PRODUCTS,صندوق خشبي صغير,10.0,https://e-shop.psd.gov.jo/625mw1m139.html,https://e-shop.psd.gov.jo/media/catalog/product/cache/6fe0f40091d9883a4caf18d72ffe3621/p/h/photoroom-____9_1_1.png,625MW1M139,صندوق خشبي صغير القياسات الطول 24*العرض24,In stock
WOODEN PRODUCTS,نافورة خشبية,12.0,https://e-shop.psd.gov.jo/1mw18726000.html,https://e-shop.psd.gov.jo/media/catalog/product/cache/6fe0f40091d9883a4caf18d72ffe3621/1/2/123.jpg,1MW18726000,نافورة خشبية القياسات الطول 58*العرض19,Out of stock
WOODEN PRODUCTS,منظر طائرة خشبي,15.0,https://e-shop.psd.gov.jo/625mw1m646.html,https://e-shop.psd.gov.jo/media/catalog/product/cache/6fe0f40091d9883a4caf18d72ffe3621/5/1/5132351a-214c-4f31-9ebe-08fda00fcde3_1.jpg,625MW1M646,منظر طيارة خشبي القياسات الطول45*العرض22,In stock
WOODEN PRODUCTS,منظر (من أراد أن يكون قوياً),4.0,https://e-shop.psd.gov.jo/625mw1m05660.html,https://e-shop.psd.gov.jo/media/catalog/product/cache/6fe0f40091d9883a4caf18d72ffe3621/p/h/photoroom-____46_2.png,625MW1M05660,منظر (من أراد أن يكون قوياً) القياسات الطول24*العرض24,In stock
WOODEN PRODUCTS,منظر قاعدة (دوار) أسود,5.0,https://e-shop.psd.gov.jo/625mw1m252.html,https://e-shop.psd.gov.jo/media/catalog/product/cache/6fe0f40091d9883a4caf18d72ffe3621/_/1/_12222222.png,625MW1M252,منظر قاعدة دوارة (لا إله الا الله ) القياسات الطول34*العرض27,Out of stock
WOODEN PRODUCTS,منظر مكتبي فلسطين,4.0,https://e-shop.psd.gov.jo/625mw1m05649.html,https://e-shop.psd.gov.jo/media/catalog/product/cache/6fe0f40091d9883a4caf18d72ffe3621/p/h/photoroom-____21_2_8.png,625MW1M05649,منظر مكتبي فلسطين القياسات مختلف القياسات,In stock
WOODEN PRODUCTS,ميداليات خشب,1.0,https://e-shop.psd.gov.jo/625jw1s592.html,https://e-shop.psd.gov.jo/media/catalog/product/cache/6fe0f40091d9883a4caf18d72ffe3621/p/h/photoroom-____26_1_3.png,625JW1S592,ميداليات خشب القياسات: طول:10سم,Out of stock
WOODEN PRODUCTS,لوحة خشبية (ومابكم من نعمة ),10.0,https://e-shop.psd.gov.jo/625sw1l162.html,https://e-shop.psd.gov.jo/media/catalog/product/cache/6fe0f40091d9883a4caf18d72ffe3621/p/h/photo_2024-07-21_11-34-29.jpg,625SW1L162,لوحة خشبية (ومابكم من نعمة ) القياسات: الطول 36 سم* العرض 20 سم,In stock
WOODEN PRODUCTS,فازا أغصان,25.0,https://e-shop.psd.gov.jo/2mw23426000.html,https://e-shop.psd.gov.jo/media/catalog/product/cache/6fe0f40091d9883a4caf18d72ffe3621/p/h/photoroom-____14_3.png,2MW23426000,فازا أغصان القياسات: الطول140*العرض30سم,In stock
WOODEN PRODUCTS,منظر شجرة النخيل,10.0,https://e-shop.psd.gov.jo/625mw1m172.html,https://e-shop.psd.gov.jo/media/catalog/product/cache/6fe0f40091d9883a4caf18d72ffe3621/p/h/photoroom-____34_1_3.png,625MW1M172,منظر شجرة نخيل القياسات: الطول45*العرض23سم,In stock
WOODEN PRODUCTS,منظر مكتبي فراشة وطفلة,4.0,https://e-shop.psd.gov.jo/625mw1m05666.html,https://e-shop.psd.gov.jo/media/catalog/product/cache/6fe0f40091d9883a4caf18d72ffe3621/p/h/photo_2024-08-06_09-49-47.jpg,625MW1M05666,منظر مكتبي فراشة وطفلة القياسات: الطول21*العرض22سم,In stock
WOODEN PRODUCTS,طقم دلة قهوة صغير ثلاثة قطع,7.0,https://e-shop.psd.gov.jo/625mw6m1124.html,https://e-shop.psd.gov.jo/media/catalog/product/cache/6fe0f40091d9883a4caf18d72ffe3621/p/h/photo_2024-08-06_09-58-11.jpg,625MW6M1124,طقم دلة قهوة صغير ثلاثة قطع القياسات: الطول15*العرض5سم,Out of stock
WOODEN PRODUCTS,مجسم (درع +سيفين),15.0,https://e-shop.psd.gov.jo/625sw1m144.html,https://e-shop.psd.gov.jo/media/catalog/product/cache/6fe0f40091d9883a4caf18d72ffe3621/p/h/photo_2024-08-07_11-50-25.jpg,625SW1M144,مجسم (درع +سيفين) القياسات: الطول51*العرض51سم,Out of stock
WOODEN PRODUCTS,مجسم فيل أسود كبير,32.0,https://e-shop.psd.gov.jo/625mw9003.html,https://e-shop.psd.gov.jo/media/catalog/product/cache/6fe0f40091d9883a4caf18d72ffe3621/p/h/photo_2024-08-07_11-49-32.jpg,625MW9003,فيلمجسم فيل أسود كبير القياسات: الطول25*العرض60سم,In stock
WOODEN PRODUCTS,مجسم فيل نحاسي صغير,20.0,https://e-shop.psd.gov.jo/625mw9006.html,https://e-shop.psd.gov.jo/media/catalog/product/cache/6fe0f40091d9883a4caf18d72ffe3621/p/h/photo_2024-08-07_11-50-38.jpg,625MW9006,فيل ذهبي القياسات: الطول21*العرض30سم,In stock
WOODEN PRODUCTS,فرس ذهبي,25.0,https://e-shop.psd.gov.jo/1mw24526000.html,https://e-shop.psd.gov.jo/media/catalog/product/cache/6fe0f40091d9883a4caf18d72ffe3621/p/h/photo_2024-08-07_11-50-45.jpg,1MW24526000,فرس ذهبي القياسات: الطول31*العرض31سم,Out of stock
WOODEN PRODUCTS,مهباش صغير8,8.0,https://e-shop.psd.gov.jo/625mw9010.html,https://e-shop.psd.gov.jo/media/catalog/product/cache/6fe0f40091d9883a4caf18d72ffe3621/w/h/whatsapp_image_2024-08-11_at_1.10.04_pm_2_.jpeg,625MW9010,8مهباش صغير القياسات طول 40* عرض12,In stock
WOODEN PRODUCTS,منظر مكتبي الله نور السموات,4.0,https://e-shop.psd.gov.jo/625mw1m0562.html,https://e-shop.psd.gov.jo/media/catalog/product/cache/6fe0f40091d9883a4caf18d72ffe3621/w/h/whatsapp_image_2024-08-11_at_12.57.05_pm_35_.jpeg,625MW1M0562,منظر مكتبي الله نور السموات القياسات طول 20* عرض22,In stock
WOODEN PRODUCTS,منظر جيتار أسود,4.0,https://e-shop.psd.gov.jo/625mw1m05611.html,https://e-shop.psd.gov.jo/media/catalog/product/cache/6fe0f40091d9883a4caf18d72ffe3621/w/h/whatsapp_image_2024-08-11_at_12.57.05_pm_33_.jpeg,625MW1M05611,منظر جيتار أسود القياسات طول 21* عرض13,In stock
WOODEN PRODUCTS,منظر تبارك الله أحسن الخالقين,4.0,https://e-shop.psd.gov.jo/625mw1m05661.html,https://e-shop.psd.gov.jo/media/catalog/product/cache/6fe0f40091d9883a4caf18d72ffe3621/w/h/whatsapp_image_2024-08-11_at_12.57.05_pm_32_.jpeg,625MW1M05661,منظر تبارك الله أحسن الخالقين القياسات طول 20* عرض20,In stock
WOODEN PRODUCTS,منظر مكتبي البسملة أحمر,4.0,https://e-shop.psd.gov.jo/625mw1m05635.html,https://e-shop.psd.gov.jo/media/catalog/product/cache/6fe0f40091d9883a4caf18d72ffe3621/w/h/whatsapp_image_2024-08-11_at_12.57.05_pm_30_.jpeg,625MW1M05635,منظر مكتبي البسملة أحمر القياسات طول 19* عرض20,In stock
WOODEN PRODUCTS,منظر سبحانك الله 1,4.0,https://e-shop.psd.gov.jo/625mw1m05650.html,https://e-shop.psd.gov.jo/media/catalog/product/cache/6fe0f40091d9883a4caf18d72ffe3621/w/h/whatsapp_image_2024-08-11_at_12.57.05_pm_29_.jpeg,625MW1M05650,منظر سبحانك الله 1 القياسات طول 24* عرض24,In stock
WOODEN PRODUCTS,منظر مكتبي (الاستقلال ),4.0,https://e-shop.psd.gov.jo/625mw1m05648.html,https://e-shop.psd.gov.jo/media/catalog/product/cache/6fe0f40091d9883a4caf18d72ffe3621/w/h/whatsapp_image_2024-08-11_at_12.57.05_pm_23__1.jpeg,625MW1M05648,منظر مكتبي (الاستقلال ) القياسات طول 20* عرض27,In stock
WOODEN PRODUCTS,منظر مكتبي لا اله الا الله ريشة,4.0,https://e-shop.psd.gov.jo/625mw1m05624.html,https://e-shop.psd.gov.jo/media/catalog/product/cache/6fe0f40091d9883a4caf18d72ffe3621/w/h/whatsapp_image_2024-08-11_at_12.57.05_pm_22_.jpeg,625MW1M05624,منظر مكتبي لا اله الا الله ريشة القياسات طول 20* عرض25,In stock
WOODEN PRODUCTS,منظر مكتبي الله-الله,5.0,https://e-shop.psd.gov.jo/625mw1m0568.html,https://e-shop.psd.gov.jo/media/catalog/product/cache/6fe0f40091d9883a4caf18d72ffe3621/w/h/whatsapp_image_2024-08-11_at_12.57.05_pm_20_.jpeg,625MW1M0568,منظر مكتبي الله-الله القياسات طول 20*عرض19,In stock
WOODEN PRODUCTS,عكاز 2026,5.0,https://e-shop.psd.gov.jo/625mw6m12044.html,https://e-shop.psd.gov.jo/media/catalog/product/cache/6fe0f40091d9883a4caf18d72ffe3621/w/h/whatsapp_image_2024-08-11_at_12.57.05_pm_16_.jpeg,625MW6M12044,عكازة القياسات الطول 95,Out of stock
WOODEN PRODUCTS,كرسي ملوكي,250.0,https://e-shop.psd.gov.jo/1sw2236000.html,https://e-shop.psd.gov.jo/media/catalog/product/cache/6fe0f40091d9883a4caf18d72ffe3621/p/h/photoroom-____1_2_2.png,1sw2236000,كرسي ملوكي القياسات: الطول1.20*العرض50سم,Out of stock
WOODEN PRODUCTS,مجسم خنجر (أبيض),30.0,https://e-shop.psd.gov.jo/1sw10236000.html,https://e-shop.psd.gov.jo/media/catalog/product/cache/6fe0f40091d9883a4caf18d72ffe3621/p/h/photoroom-____49_3_1.png,1sw10236000,مجسم خنجر (أبيض) القياسات: الطول 30*العرض 10سم,Out of stock
WOODEN PRODUCTS,مجسم بندقية خشبي,50.0,https://e-shop.psd.gov.jo/1sw11236000.html,https://e-shop.psd.gov.jo/media/catalog/product/cache/6fe0f40091d9883a4caf18d72ffe3621/p/h/photoroom-____20_2_2.png,1sw11236000,القياسات: الطول 90*العرض 20سم,Out of stock
WOODEN PRODUCTS,صقر ذهبي مع قاعدة,45.0,https://e-shop.psd.gov.jo/1sw12236000.html,https://e-shop.psd.gov.jo/media/catalog/product/cache/6fe0f40091d9883a4caf18d72ffe3621/p/h/photoroom-____21_2_3.png,1sw12236000,صقر ذهبي مع قاعدة القياسات: الطول:70**قطر القاعدة 40سم,Out of stock
WOODEN PRODUCTS,مجسم أفعى,40.0,https://e-shop.psd.gov.jo/1sw15236000.html,https://e-shop.psd.gov.jo/media/catalog/product/cache/6fe0f40091d9883a4caf18d72ffe3621/p/h/photoroom-____38_4.png,1sw15236000,مجسم أفعى القياسات: الطول40*العرض70سم,Out of stock
WOODEN PRODUCTS,كأس ريزن وخشب,7.0,https://e-shop.psd.gov.jo/625mw6m061.html,https://e-shop.psd.gov.jo/media/catalog/product/cache/6fe0f40091d9883a4caf18d72ffe3621/w/h/whatsapp_image_2024-10-13_at_11.14.39_am.jpeg,625MW6M061,كأس ريزن وخشب القياسات الطول 17سم* العرض8سم,Out of stock
WOODEN PRODUCTS,مجسم بندقية مكتبي صناعة يدوية,20.0,https://e-shop.psd.gov.jo/2swq2024.html,https://e-shop.psd.gov.jo/media/catalog/product/cache/6fe0f40091d9883a4caf18d72ffe3621/w/h/whatsapp_image_2024-10-14_at_12.32.28_pm.jpeg,2SWQ2024,مجسم بندقية مكتبي صناعة يدوية القياسات القياسات: الطول ٣٠سم* العرض٥ سم* الارتفاع ٨ سم.,Out of stock
WOODEN PRODUCTS,صينية خشب وريزن عدة ألوان,15.0,https://e-shop.psd.gov.jo/625mw6m023.html,https://e-shop.psd.gov.jo/media/catalog/product/cache/6fe0f40091d9883a4caf18d72ffe3621/p/h/photoroom-____33_3.png,625MW6M023,صينية ريزن وخشب زهري القياسات: الطول 43سم* العرض28سم,In stock
WOODEN PRODUCTS,منظر مكتبي أعطني الناي,8.0,https://e-shop.psd.gov.jo/625mw1l0574.html,https://e-shop.psd.gov.jo/media/catalog/product/cache/6fe0f40091d9883a4caf18d72ffe3621/_/2/_2__2.png,625MW1L0574,منظر مكتبي أعطني الناي القياسات: طول: 33سم العرض: 34سم,In stock
WOODEN PRODUCTS,منظر مكتبي كن جميلاً,4.0,https://e-shop.psd.gov.jo/625mw1m05682.html,https://e-shop.psd.gov.jo/media/catalog/product/cache/6fe0f40091d9883a4caf18d72ffe3621/1/m/1mw37186000.png,625MW1M05682,منظر مكتبي كن جميلاً القياسات: الطول:27 سم العرض:20 سم,In stock
WOODEN PRODUCTS,منظر جيتار أمل حياتي,4.0,https://e-shop.psd.gov.jo/625mw1m05614.html,https://e-shop.psd.gov.jo/media/catalog/product/cache/6fe0f40091d9883a4caf18d72ffe3621/_/1/_167777.png,625MW1M05614,منظر جيتار أمل حياتي القياسات: الطول: 23سم العرض: 25سم,In stock
WOODEN PRODUCTS,منظر مكتبي بعدك على بالي,4.0,https://e-shop.psd.gov.jo/625mw1m05655.html,https://e-shop.psd.gov.jo/media/catalog/product/cache/6fe0f40091d9883a4caf18d72ffe3621/p/h/photoroom-____2_3.png,625MW1M05655,منظر مكتبي بعدك على بالي القياسات: الطول:25 سم العرض: 18سم,In stock
WOODEN PRODUCTS,منظر الله نور السموات والأرض,4.0,https://e-shop.psd.gov.jo/625mw1m05671.html,https://e-shop.psd.gov.jo/media/catalog/product/cache/6fe0f40091d9883a4caf18d72ffe3621/_/1/_12345.png,625MW1M05671,منظر الله نور السموات والأرض القياسات: الطول:20 سم العرض:20 سم,In stock
WOODEN PRODUCTS,منظر مكتبي (سفني في المرفأ),4.0,https://e-shop.psd.gov.jo/625mw1m05654.html,https://e-shop.psd.gov.jo/media/catalog/product/cache/6fe0f40091d9883a4caf18d72ffe3621/1/m/1mw37986000.png,625MW1M05654,منظر مكتبي (سفني في المرفأ) القياسات: الطول: 19سم العرض: 20سم,In stock
WOODEN PRODUCTS,منظر مكتبي أما بنعمة ربك,4.0,https://e-shop.psd.gov.jo/625mw1m05656.html,https://e-shop.psd.gov.jo/media/catalog/product/cache/6fe0f40091d9883a4caf18d72ffe3621/f/i/file_11.png,625MW1M05656,منظر مكتبي(و أما بنعمة ربك فحدث) القياسات: الطول: 29سم العرض: 10سم,In stock
WOODEN PRODUCTS,منظر مكتبي محمد -ص- بيج,4.0,https://e-shop.psd.gov.jo/625mw1m05622.html,https://e-shop.psd.gov.jo/media/catalog/product/cache/6fe0f40091d9883a4caf18d72ffe3621/_/1/_164.jpg,625MW1M05622,منظر مكتبي محمد -ص- بيج القياسات: الطول:21 سم العرض: 10سم,In stock
WOODEN PRODUCTS,منظر مكتبي(الله ليس كمثله شيء),4.0,https://e-shop.psd.gov.jo/625mw1m05684.html,https://e-shop.psd.gov.jo/media/catalog/product/cache/6fe0f40091d9883a4caf18d72ffe3621/_/8/_87654.png,625MW1M05684,منظر مكتبي(الله ليس كمثله شيء) القياسات: الطول: 22سم العرض: 13سم,In stock
WOODEN PRODUCTS,منظر مكتبي كبر البحر,8.0,https://e-shop.psd.gov.jo/625mw1l0571.html,https://e-shop.psd.gov.jo/media/catalog/product/cache/6fe0f40091d9883a4caf18d72ffe3621/_/1/_1945.png,625MW1L0571,منظر مكتبي كبر البحر القياسات: الطول: 34سم العرض: 20سم,In stock
WOODEN PRODUCTS,منظر مكتبي أمي تعلمت الصبر,4.0,https://e-shop.psd.gov.jo/625mw1m05621.html,https://e-shop.psd.gov.jo/media/catalog/product/cache/6fe0f40091d9883a4caf18d72ffe3621/1/f/1fa151060018.png,625MW1M05621,منظر مكتبي أمي تعلمت الصبر القياسات: الطول: 18سم العرض: 13سم,In stock
WOODEN PRODUCTS,منظر جيتار أخضر,4.0,https://e-shop.psd.gov.jo/625mw1m05613.html,https://e-shop.psd.gov.jo/media/catalog/product/cache/6fe0f40091d9883a4caf18d72ffe3621/1/m/1mw38986000_2_.png,625MW1M05613,منظر جيتار أخضر القياسات: الطول: 25سم العرض:15 سم,In stock
WOODEN PRODUCTS,صندوق مربع مع غطاء,5.0,https://e-shop.psd.gov.jo/625sw1m121.html,https://e-shop.psd.gov.jo/media/catalog/product/cache/6fe0f40091d9883a4caf18d72ffe3621/p/h/photoroom-____44_2.png,625SW1M121,صندوق مربع مع غطاء القياسات: الطول:24 سم العرض:24 سم,In stock
WOODEN PRODUCTS,صندوق (مقبض قلب),25.0,https://e-shop.psd.gov.jo/625sw1l139.html,https://e-shop.psd.gov.jo/media/catalog/product/cache/6fe0f40091d9883a4caf18d72ffe3621/p/h/photoroom-____50_3_1.png,625SW1L139,صندوق (مقبض قلب) القياسات: الطول:42 سم العرض:52 سم,In stock
WOODEN PRODUCTS,منظر مكتبي (أعمدة جرش),2.0,https://e-shop.psd.gov.jo/625sw1m718.html,https://e-shop.psd.gov.jo/media/catalog/product/cache/6fe0f40091d9883a4caf18d72ffe3621/_/1/_13323.png,625SW1M718,منظر مكتبي أعمدة جرش القياسات: الطول:20 سم العرض: 30سم,In stock
WOODEN PRODUCTS,منظر مكتبي (قوس هادريان),2.0,https://e-shop.psd.gov.jo/625sw1m169.html,https://e-shop.psd.gov.jo/media/catalog/product/cache/6fe0f40091d9883a4caf18d72ffe3621/p/h/photoroom-____5_5.png,625SW1M169,منظر مكتبي (قوس هادريان) القياسات: لطول:20 سم العرض: 20سم,In stock
WOODEN PRODUCTS,منظر مكتبي (شجرة ),2.0,https://e-shop.psd.gov.jo/625sw1m168.html,https://e-shop.psd.gov.jo/media/catalog/product/cache/6fe0f40091d9883a4caf18d72ffe3621/p/h/photoroom-____3_2_1.png,625SW1M168,منظر مكتبي (شجرة ) القياسات: الطول: 23سم العرض:20 سم,In stock
WOODEN PRODUCTS,تعليقة رفوف (سكني),11.0,https://e-shop.psd.gov.jo/625jw4m1098.html,https://e-shop.psd.gov.jo/media/catalog/product/cache/6fe0f40091d9883a4caf18d72ffe3621/_/8/_898764432.png,625JW4M1098,تعليقة رفوف (سكني) القياسات: الطول:60 سم العرض: 25 سم,In stock
WOODEN PRODUCTS,تعليقة رف (عسلي),8.0,https://e-shop.psd.gov.jo/625jw4m7193.html,https://e-shop.psd.gov.jo/media/catalog/product/cache/6fe0f40091d9883a4caf18d72ffe3621/u/n/untitled.jpg,625JW4M7193,تعليقة رف (عسلي) القياسات: الطول:40 سم العرض: 20 سم,In stock
WOODEN PRODUCTS,منظر (استغفر الله)- زهر,4.0,https://e-shop.psd.gov.jo/625mw1m05647.html,https://e-shop.psd.gov.jo/media/catalog/product/cache/6fe0f40091d9883a4caf18d72ffe3621/1/m/1mw39086000.png,625MW1M05647,منظر (استغفر الله)- زهر القياسات: مختلف الأحجام,In stock
WOODEN PRODUCTS,منظر مكتبي سبحانك الله 2,4.0,https://e-shop.psd.gov.jo/625mw1m05667.html,https://e-shop.psd.gov.jo/media/catalog/product/cache/6fe0f40091d9883a4caf18d72ffe3621/1/m/1mw39186000.png,625MW1M05667,منظر مكتبي سبحانك الله 2 القياسات: مختلف الأحجام,In stock
WOODEN PRODUCTS,منظر مكتبي قالت هذا الذي,4.0,https://e-shop.psd.gov.jo/625mw1m05674.html,https://e-shop.psd.gov.jo/media/catalog/product/cache/6fe0f40091d9883a4caf18d72ffe3621/1/m/1mw39386000.png,625MW1M05674,منظر مكتبي قالت هذا الذي القياسات: مختلف الأحجام,In stock
WOODEN PRODUCTS,"منظر مكتبي الله هلال ,نجمة",4.0,https://e-shop.psd.gov.jo/625mw1m05675.html,https://e-shop.psd.gov.jo/media/catalog/product/cache/6fe0f40091d9883a4caf18d72ffe3621/1/m/1mw39486000.png,625MW1M05675,"منظر مكتبي الله هلال ,نجمة القياسات: مختلف الأحجام",In stock
WOODEN PRODUCTS,(منظر مكتبي( قل من آمن بالله,4.0,https://e-shop.psd.gov.jo/625mw1m05683.html,https://e-shop.psd.gov.jo/media/catalog/product/cache/6fe0f40091d9883a4caf18d72ffe3621/1/m/1mw39586000.png,625MW1M05683,(منظر مكتبي( قل من آمن بالله القياسات: مختلف الأحجام,In stock
WOODEN PRODUCTS,منظر محمد ص وردة أحمر,4.0,https://e-shop.psd.gov.jo/625mw1m05645.html,https://e-shop.psd.gov.jo/media/catalog/product/cache/6fe0f40091d9883a4caf18d72ffe3621/1/m/1mw39686000.png,625MW1M05645,منظر محمد ص وردة أحمر القياسات: مختلف الأحجام,In stock
WOODEN PRODUCTS,منظر مكتبي ومن يتق الله,4.0,https://e-shop.psd.gov.jo/625mw1m05662.html,https://e-shop.psd.gov.jo/media/catalog/product/cache/6fe0f40091d9883a4caf18d72ffe3621/1/m/1mw39786000.png,625MW1M05662,منظر مكتبي ومن يتق الله القياسات: مختلف الأحجام,In stock
WOODEN PRODUCTS,منظر مكتبي سبح بحمد ربك,4.0,https://e-shop.psd.gov.jo/625mw1m05669.html,https://e-shop.psd.gov.jo/media/catalog/product/cache/6fe0f40091d9883a4caf18d72ffe3621/1/m/1mw40086000.png,625MW1M05669,منظر مكتبي سبح بحمد ربك القياسات: مختلف الأحجام,In stock
WOODEN PRODUCTS,منظر مكتبي الله,4.0,https://e-shop.psd.gov.jo/625mw1m05631.html,https://e-shop.psd.gov.jo/media/catalog/product/cache/6fe0f40091d9883a4caf18d72ffe3621/1/m/1mw40186000.png,625MW1M05631,منظر مكتبي الله القياسات: مختلف الأحجام,In stock
WOODEN PRODUCTS,منظر مكتبي كن مع الله,4.0,https://e-shop.psd.gov.jo/625mw1m05672.html,https://e-shop.psd.gov.jo/media/catalog/product/cache/6fe0f40091d9883a4caf18d72ffe3621/1/m/1mw40286000.png,625MW1M05672,منظر مكتبي كن مع الله القياسات: مختلف الأحجام,In stock
WOODEN PRODUCTS,منظر مكتبي بسملة مضلع,4.0,https://e-shop.psd.gov.jo/625mw1m05678.html,https://e-shop.psd.gov.jo/media/catalog/product/cache/6fe0f40091d9883a4caf18d72ffe3621/1/m/1mw40386000.png,625MW1M05678,منظر مكتبي بسملة مضلع القياسات: مختلف الأحجام,In stock
WOODEN PRODUCTS,منظر (محمد رسول الله) قلب,4.0,https://e-shop.psd.gov.jo/625mw1m05646.html,https://e-shop.psd.gov.jo/media/catalog/product/cache/6fe0f40091d9883a4caf18d72ffe3621/1/m/1mw40586000.png,625MW1M05646,منظر  (محمد رسول الله) قلب القياسات: مختلف الأحجام,In stock
WOODEN PRODUCTS,منظر مكتبي أمي ست الحبايب,4.0,https://e-shop.psd.gov.jo/625mw1m05670.html,https://e-shop.psd.gov.jo/media/catalog/product/cache/6fe0f40091d9883a4caf18d72ffe3621/1/m/1mw40786000.png,625MW1M05670,منظر مكتبي أمي ست الحبايب القياسات: مختلف الأحجام,In stock
WOODEN PRODUCTS,منظر مكتبي أستغفر الله,4.0,https://e-shop.psd.gov.jo/625mw1m05668.html,https://e-shop.psd.gov.jo/media/catalog/product/cache/6fe0f40091d9883a4caf18d72ffe3621/1/m/1mw40886000.png,625MW1M05668,منظر مكتبي أستغفر الله القياسات: مختلف الأحجام,In stock
WOODEN PRODUCTS,منظر مكتبي آية الكرسي,8.0,https://e-shop.psd.gov.jo/625mw1l0575.html,https://e-shop.psd.gov.jo/media/catalog/product/cache/6fe0f40091d9883a4caf18d72ffe3621/1/m/1mw41086000.png,625MW1L0575,منظر مكتبي آية الكرسي القياسات: مختلف الأحجام,In stock
WOODEN PRODUCTS,منظر مكتبي لا تجبر أحد,4.0,https://e-shop.psd.gov.jo/625mw1m05626.html,https://e-shop.psd.gov.jo/media/catalog/product/cache/6fe0f40091d9883a4caf18d72ffe3621/1/m/1mw41186000.png,625MW1M05626,منظر مكتبي لا تجبر أحد القياسات: مختلف الأحجام,In stock
WOODEN PRODUCTS,منظر مكتبي جعل بينكم مودة,4.0,https://e-shop.psd.gov.jo/625mw1m05643.html,https://e-shop.psd.gov.jo/media/catalog/product/cache/6fe0f40091d9883a4caf18d72ffe3621/_/0/_0000000.png,625MW1M05643,منظر مكتبي كبير (جعل بينكم مودة ورحمة) القياسات: مختلف الأحجام,In stock
WOODEN PRODUCTS,منظر (الله نور السموات) قاعدة,4.0,https://e-shop.psd.gov.jo/625mw1m05644.html,https://e-shop.psd.gov.jo/media/catalog/product/cache/6fe0f40091d9883a4caf18d72ffe3621/_/9/_9898989.png,625MW1M05644,منظر (الله نور السموات) قاعدة القياسات: مختلف الأحجام,In stock
WOODEN PRODUCTS,منظر مكتبي (هذا من فضل ربي),4.0,https://e-shop.psd.gov.jo/625mw1m05657.html,https://e-shop.psd.gov.jo/media/catalog/product/cache/6fe0f40091d9883a4caf18d72ffe3621/1/m/1mw41586000.png,625MW1M05657,منظر مكتبي (هذا من فضل ربي) القياسات: مختلف الأحجام,In stock
WOODEN PRODUCTS,منظر مكتبي لاتجبر أحد,8.0,https://e-shop.psd.gov.jo/625mw1l0572.html,https://e-shop.psd.gov.jo/media/catalog/product/cache/6fe0f40091d9883a4caf18d72ffe3621/1/m/1mw41986000.png,625MW1L0572,منظر مكتبي لاتجبر أحد القياسات: مختلف الأحجام,In stock
WOODEN PRODUCTS,منظر أمي ريحة الجنة,4.0,https://e-shop.psd.gov.jo/625mw1m05653.html,https://e-shop.psd.gov.jo/media/catalog/product/cache/6fe0f40091d9883a4caf18d72ffe3621/_/8/_8787666.png,625MW1M05653,منظر أمي ريحة الجنة القياسات: مختلف الأحجام,In stock
WOODEN PRODUCTS,منظر مكتبي وإذا سألك,8.0,https://e-shop.psd.gov.jo/625mw1l0576.html,https://e-shop.psd.gov.jo/media/catalog/product/cache/6fe0f40091d9883a4caf18d72ffe3621/_/8/_87654321.png,625MW1L0576,منظر مكتبي وإذا سألك القياسات: مختلف الأحجام,In stock
WOODEN PRODUCTS,منظر مكتبي أحب ترابك ياوطني,8.0,https://e-shop.psd.gov.jo/625mw1l0577.html,https://e-shop.psd.gov.jo/media/catalog/product/cache/6fe0f40091d9883a4caf18d72ffe3621/w/h/whatsapp_image_2024-12-22_at_1.54.40_pm.jpeg,625MW1L0577,منظر مكتبي أحب ترابك ياوطني القياسات: مختلف الأحجام,In stock
WOODEN PRODUCTS,منظر مكتبي سبحان الله وبحمده,8.0,https://e-shop.psd.gov.jo/625mw1l057.html,https://e-shop.psd.gov.jo/media/catalog/product/cache/6fe0f40091d9883a4caf18d72ffe3621/1/m/1mw42386000.png,625MW1L057,منظر مكتبي سبحان الله وبحمده القياسات: مختلف الأحجام,In stock
WOODEN PRODUCTS,مجسم (مسدس),5.0,https://e-shop.psd.gov.jo/625mw1m137.html,https://e-shop.psd.gov.jo/media/catalog/product/cache/6fe0f40091d9883a4caf18d72ffe3621/2/m/2mw42486000.png,625MW1M137,مجسم (مسدس) القياسات: الطول:35سم,In stock
WOODEN PRODUCTS,بارودة وسط,10.0,https://e-shop.psd.gov.jo/625mw1m124.html,https://e-shop.psd.gov.jo/media/catalog/product/cache/6fe0f40091d9883a4caf18d72ffe3621/2/m/2mw42886000.png,625MW1M124,بندقية صغيرة القياسات: الطول:78*العرض:10سم,In stock
WOODEN PRODUCTS,مجسم غزال أسود صغير,20.0,https://e-shop.psd.gov.jo/625mw9007.html,https://e-shop.psd.gov.jo/media/catalog/product/cache/6fe0f40091d9883a4caf18d72ffe3621/p/h/photoroom-____13_4_1.png,625MW9007,مجسم غزال أسود صغير القياسات: الطول:42 سم العرض:20 سم,In stock
WOODEN PRODUCTS,حمالة مصحف خشبية,3.0,https://e-shop.psd.gov.jo/625mw1m541.html,https://e-shop.psd.gov.jo/media/catalog/product/cache/6fe0f40091d9883a4caf18d72ffe3621/p/h/photoroom-____31_4.png,625MW1M541,حمالة مصحف خشبية القياسات: الطول:32 سم العرض:17سم,In stock
WOODEN PRODUCTS,صندوق ثمائن حجم وسط,15.0,https://e-shop.psd.gov.jo/625mw1m138.html,https://e-shop.psd.gov.jo/media/catalog/product/cache/6fe0f40091d9883a4caf18d72ffe3621/2/m/2mw43386000.png,625MW1M138,صندوق ثمائن حجم وسط القياسات: الطول:25سم العرض:40سم,In stock
WOODEN PRODUCTS,صواني ضيافة ملوكية,8.0,https://e-shop.psd.gov.jo/625mw1m143.html,https://e-shop.psd.gov.jo/media/catalog/product/cache/6fe0f40091d9883a4caf18d72ffe3621/2/m/2mw44386000.png,625MW1M143,صواني ضيافة ملوكية القياسات: لطول:40سم العرض:30سم,In stock
WOODEN PRODUCTS,مطفأة سجائر عدة أشكال,2.0,https://e-shop.psd.gov.jo/625mw1s142.html,https://e-shop.psd.gov.jo/media/catalog/product/cache/6fe0f40091d9883a4caf18d72ffe3621/p/h/photoroom-____1_10_1.png,625MW1S142,مطفأة سجائر عدة أشكال القياسات: لطول:12سم العرض:12سم,In stock
WOODEN PRODUCTS,منظر مكتبي الرحمن,4.0,https://e-shop.psd.gov.jo/625mw1m05623.html,https://e-shop.psd.gov.jo/media/catalog/product/cache/6fe0f40091d9883a4caf18d72ffe3621/1/m/1mw38086000.png,625MW1M05623,منظر مكتبي الرحمن القياسات: الطول: 19سم العرض: 20سم,In stock
WOODEN PRODUCTS,صحن فواكة (ورق شجر ),3.0,https://e-shop.psd.gov.jo/625sw1m116.html,https://e-shop.psd.gov.jo/media/catalog/product/cache/6fe0f40091d9883a4caf18d72ffe3621/_/4/_4559999.png,625SW1M116,صحن فواكة (ورق شجر) القياسات: الطول:9 سم العرض:34 سم,In stock
WOODEN PRODUCTS,منظر مكتبي كبير( JORDAN),3.0,https://e-shop.psd.gov.jo/625sw1m170.html,https://e-shop.psd.gov.jo/media/catalog/product/cache/6fe0f40091d9883a4caf18d72ffe3621/1/s/1sw14414000.png,625SW1M170,منظر مكتبي كبير( JORDAN) القياسات: الطول:13 سم العرض:48 سم,In stock
WOODEN PRODUCTS,سفينة خشبية خضراء,15.0,https://e-shop.psd.gov.jo/625sw1l965.html,https://e-shop.psd.gov.jo/media/catalog/product/cache/6fe0f40091d9883a4caf18d72ffe3621/p/h/photoroom-____3_3_4.png,625SW1L965,سفينة خشبية خضراء القياسات: الطول:56سم العرض:83سم,Out of stock
WOODEN PRODUCTS,سفينة خشبية ذهبية,15.0,https://e-shop.psd.gov.jo/625sw1l866.html,https://e-shop.psd.gov.jo/media/catalog/product/cache/6fe0f40091d9883a4caf18d72ffe3621/_/8/_8787.png,625SW1L866,سفينة خشبية ذهبية القيااسات: الطول:56سم العرض:83سم,Out of stock
WOODEN PRODUCTS,طقم رفوف خشبي ( 3 قطع),12.0,https://e-shop.psd.gov.jo/625sw1l171.html,https://e-shop.psd.gov.jo/media/catalog/product/cache/6fe0f40091d9883a4caf18d72ffe3621/b/8/b8a7112d-c036-469f-ad8a-feff022b3bba.png,625SW1L171,طقم رفوف خشبي ( 3 قطع) القياسات: مختلف الأحجام,In stock
WOODEN PRODUCTS,طقم فانوس ( 3 قطع ),6.0,https://e-shop.psd.gov.jo/625sw1m112.html,https://e-shop.psd.gov.jo/media/catalog/product/cache/6fe0f40091d9883a4caf18d72ffe3621/5/c/5c7a6346-ce0b-457c-9265-8b3df16da7a0.png,625SW1M112,طقم فانوس ( 3 قطع ) القياسات: مختلف الأحجام,Out of stock
WOODEN PRODUCTS,مطفأة سجائر مربع,1.0,https://e-shop.psd.gov.jo/625sw1s147.html,https://e-shop.psd.gov.jo/media/catalog/product/cache/6fe0f40091d9883a4caf18d72ffe3621/p/h/photoroom-____39_1_1_1.png,625SW1S147,مطفأة سجائر مربع القياسات: الطول:11*العرض11سم,In stock
WOODEN PRODUCTS,منظر مكتبي (خشبي),3.0,https://e-shop.psd.gov.jo/625sw1m11.html,https://e-shop.psd.gov.jo/media/catalog/product/cache/6fe0f40091d9883a4caf18d72ffe3621/i/m/img_5092_1.jpg,625SW1M11,منظر مكتبي (خشبي) القياسات: مختلف الأحجام,In stock
WOODEN PRODUCTS,صندوق ثماني كبير,5.0,https://e-shop.psd.gov.jo/625sw1l150.html,https://e-shop.psd.gov.jo/media/catalog/product/cache/6fe0f40091d9883a4caf18d72ffe3621/i/m/img__26__1.jpg,625SW1L150,صندوق ثماني كبير القياسات: مختلف الأحجام,In stock
WOODEN PRODUCTS,صينية مستطيل صغير,5.0,https://e-shop.psd.gov.jo/625sw1s149.html,https://e-shop.psd.gov.jo/media/catalog/product/cache/6fe0f40091d9883a4caf18d72ffe3621/_/2/_20255.png,625SW1S149,صينية مستطيل صغير القياسات: مختلف الأحجام,In stock
WOODEN PRODUCTS,مطفأة سجائر  مستطيلة,1.0,https://e-shop.psd.gov.jo/625sw1s146.html,https://e-shop.psd.gov.jo/media/catalog/product/cache/6fe0f40091d9883a4caf18d72ffe3621/_/6/_65552025.png,625SW1S146,مطفأة سجائر  مستطيلة القياسات: الطول14*العرض16سم,In stock
WOODEN PRODUCTS,مطفأة سجائر خشبية دائري,1.0,https://e-shop.psd.gov.jo/625sw1s145.html,https://e-shop.psd.gov.jo/media/catalog/product/cache/6fe0f40091d9883a4caf18d72ffe3621/_/4/_4555.png,625SW1S145,مطفأة سجائر خشبية دائري القياسات: القطر:14سم,In stock
WOODEN PRODUCTS,صينية خشب وسط,8.0,https://e-shop.psd.gov.jo/625sw1s148.html,https://e-shop.psd.gov.jo/media/catalog/product/cache/6fe0f40091d9883a4caf18d72ffe3621/_/1/_1233333.png,625SW1S148,صينية خشب وسط القياسات: الطول36*العرض46سم,In stock
WOODEN PRODUCTS,مجسم (عصفور قلب) خشبي,3.0,https://e-shop.psd.gov.jo/625sw1m15.html,https://e-shop.psd.gov.jo/media/catalog/product/cache/6fe0f40091d9883a4caf18d72ffe3621/_/4/_4555_1.png,625SW1M15,مجسم (عصفور قلب) خشبي القياسات: الطول17*العرض 10سم,In stock
WOODEN PRODUCTS,منظر مكتبي (خشبي),3.0,https://e-shop.psd.gov.jo/625sw1m12.html,https://e-shop.psd.gov.jo/media/catalog/product/cache/6fe0f40091d9883a4caf18d72ffe3621/2/0/2025_1.png,625SW1M12,منظر مكتبي (خشبي) القياسات: مختلف الأحجام,In stock
WOODEN PRODUCTS,مجسم غزال بيج صغير,20.0,https://e-shop.psd.gov.jo/625mw1m0200.html,https://e-shop.psd.gov.jo/media/catalog/product/cache/6fe0f40091d9883a4caf18d72ffe3621/p/h/photoroom-____5_7_1.png,625MW1M0200,مجسم غزال بيج صغير القياسات: الطول:37*العرض:28سم,Out of stock
WOODEN PRODUCTS,مجسم فيل ذهبي صغير,20.0,https://e-shop.psd.gov.jo/625mw9008.html,https://e-shop.psd.gov.jo/media/catalog/product/cache/6fe0f40091d9883a4caf18d72ffe3621/6/2/625mw1m020000__1.png,625MW9008,مجسم فيل ذهبي صغير القياسات: الطول:20*العرض31سم,In stock
WOODEN PRODUCTS,فازا خشب حجم كبير,18.0,https://e-shop.psd.gov.jo/625mw1m027.html,https://e-shop.psd.gov.jo/media/catalog/product/cache/6fe0f40091d9883a4caf18d72ffe3621/p/h/photoroom-____6_1_2.png,625MW1M027,فازا خشب حجم كبير القياسات: مختلف الأحجام,In stock
WOODEN PRODUCTS,فازا  رخام صغير,8.0,https://e-shop.psd.gov.jo/625mw1m08.html,https://e-shop.psd.gov.jo/media/catalog/product/cache/6fe0f40091d9883a4caf18d72ffe3621/w/h/whatsapp_image_2024-08-11_at_12.57.05_pm_2_.jpeg,625MW1M08,فازا  رخام صغير القياسات: الطول:25*العرض15سم,In stock
WOODEN PRODUCTS,فازا حجم وسط,9.0,https://e-shop.psd.gov.jo/625mw1m09.html,https://e-shop.psd.gov.jo/media/catalog/product/cache/6fe0f40091d9883a4caf18d72ffe3621/p/h/photoroom-____9_1_1_1.png,625MW1M09,فازا حجم وسط القياسات: الطول:35*العرض13سم,In stock
WOODEN PRODUCTS,طقم فازا 3قطع خشب رخامي أخضر,20.0,https://e-shop.psd.gov.jo/625mw1m928.html,https://e-shop.psd.gov.jo/media/catalog/product/cache/6fe0f40091d9883a4caf18d72ffe3621/_/3/_3_666666.png,625MW1M928,طقم فازا 3قطع خشب رخامي أخضر القياسات: مختلف الأحجام,In stock
WOODEN PRODUCTS,مجسم غزال ذهبي صغير,20.0,https://e-shop.psd.gov.jo/625mwl9009.html,https://e-shop.psd.gov.jo/media/catalog/product/cache/6fe0f40091d9883a4caf18d72ffe3621/_/6/_6666555.png,625MWL9009,مجسم غزال ذهبي صغير القياسات: الطول:34*العرض:16سم,In stock
WOODEN PRODUCTS,طقم كنب أطفال و طاولة,120.0,https://e-shop.psd.gov.jo/625mw1l026.html,https://e-shop.psd.gov.jo/media/catalog/product/cache/6fe0f40091d9883a4caf18d72ffe3621/_/5/_555_1.png,625MW1L026,طقم كنب أطفال و طاولة القياسات: مختلف الأحجام,In stock
WOODEN PRODUCTS,مجسم شجرة طقم,25.0,https://e-shop.psd.gov.jo/625mw1m13.html,https://e-shop.psd.gov.jo/media/catalog/product/cache/6fe0f40091d9883a4caf18d72ffe3621/6/2/625mw1m13_.png,625MW1M13,مجسم شجرة طقم القياسات: مختلف الأحجام,In stock
WOODEN PRODUCTS,منظر مكتبي  محمد -ص- شجر,4.0,https://e-shop.psd.gov.jo/625mw1m05652.html,https://e-shop.psd.gov.jo/media/catalog/product/cache/6fe0f40091d9883a4caf18d72ffe3621/6/2/625mw1m05652_lpl_3.png,625MW1M05652,منظر مكتبي  محمد -ص- شجر القياسات: الطول:25*العرض24سم,In stock
WOODEN PRODUCTS,منظر مكتبي الغراب,4.0,https://e-shop.psd.gov.jo/625mw1m0566.html,https://e-shop.psd.gov.jo/media/catalog/product/cache/6fe0f40091d9883a4caf18d72ffe3621/p/h/photo_2024-08-06_09-55-20_1.jpg,625MW1M0566,منظر مكتبي الغراب القياسات: الطول:24*العرض:20سم,In stock
WOODEN PRODUCTS,منظر مكتبي يارب رضاك,4.0,https://e-shop.psd.gov.jo/625mw1m0563.html,https://e-shop.psd.gov.jo/media/catalog/product/cache/6fe0f40091d9883a4caf18d72ffe3621/6/2/625mw1m0563_.png,625MW1M0563,منظر مكتبي يارب رضاك القياسات: الطول:25*العرض:20سم,In stock
WOODEN PRODUCTS,منظر مكتبي الجنة تحت أقدام الأمهات,4.0,https://e-shop.psd.gov.jo/625mw1m0565.html,https://e-shop.psd.gov.jo/media/catalog/product/cache/6fe0f40091d9883a4caf18d72ffe3621/p/h/photo_2024-08-06_09-49-52_1.jpg,625MW1M0565,منظر مكتبي الجنة تحت أقدام الأمهات القياسات: الطول:25*العرض20سم,In stock
WOODEN PRODUCTS,منظر مكتبي الجنة تحت أقدام الأمهات,4.0,https://e-shop.psd.gov.jo/625mw1m05634.html,https://e-shop.psd.gov.jo/media/catalog/product/cache/6fe0f40091d9883a4caf18d72ffe3621/p/h/photo_2024-08-06_09-50-00_1.jpg,625MW1M05634,منظر مكتبي الجنة تحت أقدام الأمهات القياسات: الطول:24*العرض:20سم,In stock
WOODEN PRODUCTS,منظر جيتار أزرق,4.0,https://e-shop.psd.gov.jo/625mw1m05612.html,https://e-shop.psd.gov.jo/media/catalog/product/cache/6fe0f40091d9883a4caf18d72ffe3621/p/h/photoroom-____22_2_1_1.png,625MW1M05612,منظر جيتار أزرق القياسات: الطول:16*العرض:15سم,In stock
WOODEN PRODUCTS,منظر خشبي البسملة دائري,4.0,https://e-shop.psd.gov.jo/625mw1m05685.html,https://e-shop.psd.gov.jo/media/catalog/product/cache/6fe0f40091d9883a4caf18d72ffe3621/6/2/625mw1m05685_.png,625MW1M05685,منظر خشبي البسملة دائري القياسات: الطول:20*العرض:17سم,In stock
WOODEN PRODUCTS,منظر جيتار من أجل أخضر,4.0,https://e-shop.psd.gov.jo/625mw1m05616.html,https://e-shop.psd.gov.jo/media/catalog/product/cache/6fe0f40091d9883a4caf18d72ffe3621/6/2/625mw1m05616_.png,625MW1M05616,منظر جيتار من أجل أخضر القياسات: الطول:16*العرض:15سم,Out of stock
WOODEN PRODUCTS,منظر جيتار أحمر,4.0,https://e-shop.psd.gov.jo/625mw1m05615.html,https://e-shop.psd.gov.jo/media/catalog/product/cache/6fe0f40091d9883a4caf18d72ffe3621/p/h/photoroom-____18_2_1.png,625MW1M05615,منظر جيتار أحمر القياسات: الطول:16*العرض:14سم,In stock
WOODEN PRODUCTS,منظر جيتار من أجل برتقالي,4.0,https://e-shop.psd.gov.jo/625mw1m05617.html,https://e-shop.psd.gov.jo/media/catalog/product/cache/6fe0f40091d9883a4caf18d72ffe3621/p/h/photo_2024-08-06_09-55-27_1.jpg,625MW1M05617,منظر جيتار من أجل برتقالي القياسات: الطول:25*العرض:23سم,In stock
WOODEN PRODUCTS,منظر مكتبي فلسطين,4.0,https://e-shop.psd.gov.jo/625mw1m05663.html,https://e-shop.psd.gov.jo/media/catalog/product/cache/6fe0f40091d9883a4caf18d72ffe3621/p/h/photoroom-____26_1_2.png,625MW1M05663,منظر مكتبي فلسطين القياسات: الطول:12*العرض:28سم,In stock
WOODEN PRODUCTS,منظر مكتبي سبحانك الله 3,4.0,https://e-shop.psd.gov.jo/625mw1m05673.html,https://e-shop.psd.gov.jo/media/catalog/product/cache/6fe0f40091d9883a4caf18d72ffe3621/6/2/625mw1m05673_uuuuuuuuuuuuuuuuuu.png,625MW1M05673,منظر مكتبي سبحانك الله 3 القياسات: الطول:19*العرض:26سم,In stock
WOODEN PRODUCTS,منظر مكتبي الله أكبر,4.0,https://e-shop.psd.gov.jo/625mw1m05651.html,https://e-shop.psd.gov.jo/media/catalog/product/cache/6fe0f40091d9883a4caf18d72ffe3621/h/g/hggu_h_fv_56666666666666.png,625MW1M05651,منظر مكتبي الله أكبر القياسات: الطول:30*العرض:22سم,In stock
WOODEN PRODUCTS,منظر مكتبي الأردن 2,4.0,https://e-shop.psd.gov.jo/625mw1m05665.html,https://e-shop.psd.gov.jo/media/catalog/product/cache/6fe0f40091d9883a4caf18d72ffe3621/6/2/625mw1m05665_2.png,625MW1M05665,منظر مكتبي الأردن 2 القياسات: الطول:29*العرض:20سم,In stock
WOODEN PRODUCTS,منظر مكتبي الله 1,4.0,https://e-shop.psd.gov.jo/625mw1m0564.html,https://e-shop.psd.gov.jo/media/catalog/product/cache/6fe0f40091d9883a4caf18d72ffe3621/6/2/625mw1m0564_.png,625MW1M0564,منظر مكتبي الله 1 القياسات: الطول:18*العرض:19سم,In stock
WOODEN PRODUCTS,منظر مكتبي قل هو الله أحد,4.0,https://e-shop.psd.gov.jo/625mw1m05628.html,https://e-shop.psd.gov.jo/media/catalog/product/cache/6fe0f40091d9883a4caf18d72ffe3621/6/2/625mw1m0567_.png,625MW1M05628,منظر مكتبي قل هو الله أحد القياسات: الطول:25*العرض:18سم,In stock
WOODEN PRODUCTS,دلة تراثية 8,8.0,https://e-shop.psd.gov.jo/625mw9014.html,https://e-shop.psd.gov.jo/media/catalog/product/cache/6fe0f40091d9883a4caf18d72ffe3621/_/2/_2025_222.png,625MW9014,دلة تراثية 8 القياسات: الطول:24*العرض:12سم,In stock
WOODEN PRODUCTS,مجسم خارطة الأردن مكتب 2025,2.0,https://e-shop.psd.gov.jo/625mw1m11144.html,https://e-shop.psd.gov.jo/media/catalog/product/cache/6fe0f40091d9883a4caf18d72ffe3621/2/m/2mw36486000_3__1.png,625MW1M11144,مجسم خارطة الأردن مكتب 2025 القياسات: الطول:8*العرض:7سم,In stock
WOODEN PRODUCTS,طقم رفوف سداسي,7.0,https://e-shop.psd.gov.jo/625sw1m180.html,https://e-shop.psd.gov.jo/media/catalog/product/cache/6fe0f40091d9883a4caf18d72ffe3621/_/7/_76665432222.png,625SW1M180,طقم رفوف سداسي القياسات: مختلف الأحجام 3 قطع,In stock
WOODEN PRODUCTS,مجسم البتراء مع صندوق,20.0,https://e-shop.psd.gov.jo/625sw6l183.html,https://e-shop.psd.gov.jo/media/catalog/product/cache/6fe0f40091d9883a4caf18d72ffe3621/6/2/625sw6l183_.png,625SW6L183,مجسم البتراء مع صندوق القياسات: الطول:37*العرض:42سم,In stock
WOODEN PRODUCTS,تنين خشبي وسط,15.0,https://e-shop.psd.gov.jo/625sw1m188.html,https://e-shop.psd.gov.jo/media/catalog/product/cache/6fe0f40091d9883a4caf18d72ffe3621/p/h/photoroom-____38_3_4.png,625SW1M188,تنين خشبي وسط القياسات: الطول:30*العرض:40سم,Out of stock
WOODEN PRODUCTS,غزال خشبي 2025,15.0,https://e-shop.psd.gov.jo/625sw1m189.html,https://e-shop.psd.gov.jo/media/catalog/product/cache/6fe0f40091d9883a4caf18d72ffe3621/p/h/photoroom-____18_6_4.png,625SW1M189,غزال خشبي 2025 القياسات: الطول:41*العرض:30سم,In stock
WOODEN PRODUCTS,شاهد خشبي,5.0,https://e-shop.psd.gov.jo/625sw1m195.html,https://e-shop.psd.gov.jo/media/catalog/product/cache/6fe0f40091d9883a4caf18d72ffe3621/_/4/_400000.png,625SW1M195,شاهد خشبي القياسات: الطول:20*العرض:13سم,In stock
WOODEN PRODUCTS,دلة تراثية 5,5.0,https://e-shop.psd.gov.jo/625mw9015.html,https://e-shop.psd.gov.jo/media/catalog/product/cache/6fe0f40091d9883a4caf18d72ffe3621/6/2/625mw1s1149_888888888.png,625MW9015,دلة تراثية 5 القياسات: الطول:17*العرض::4سم,In stock
WOODEN PRODUCTS,راس غزال تعليق,20.0,https://e-shop.psd.gov.jo/625mw1m1156.html,https://e-shop.psd.gov.jo/media/catalog/product/cache/6fe0f40091d9883a4caf18d72ffe3621/_/8/_88888_1.png,625MW1M1156,راس غزال تعليق القياسات: الطول:41*العرض39سم,In stock
WOODEN PRODUCTS,مجسم الخزنة خشب 2025,35.0,https://e-shop.psd.gov.jo/625mw1m1157.html,https://e-shop.psd.gov.jo/media/catalog/product/cache/6fe0f40091d9883a4caf18d72ffe3621/_/0/_098777.png,625MW1M1157,مجسم الخزنة خشب 2025 القياسات: الطول:30*العرض:24سم,In stock
WOODEN PRODUCTS,صينية ضيافة خشب 2025,5.0,https://e-shop.psd.gov.jo/625mw1m1159.html,https://e-shop.psd.gov.jo/media/catalog/product/cache/6fe0f40091d9883a4caf18d72ffe3621/6/2/625mw1m1157__1.png,625MW1M1159,صينية ضيافة خشب 2025 القياسات: الطول:10*العرض:29سم,In stock
WOODEN PRODUCTS,حصان خشبي وسط  2025,15.0,https://e-shop.psd.gov.jo/625sw1m187.html,https://e-shop.psd.gov.jo/media/catalog/product/cache/6fe0f40091d9883a4caf18d72ffe3621/6/2/625sw1m187_.png,625SW1M187,حصان خشبي وسط  2025 القياسات: الطول:33*العرض:25 سم,In stock
WOODEN PRODUCTS,سفينة خشبية 2025/5,15.0,https://e-shop.psd.gov.jo/625sw1m201.html,https://e-shop.psd.gov.jo/media/catalog/product/cache/6fe0f40091d9883a4caf18d72ffe3621/p/h/photoroom-____3_3_4_1.png,625SW1M201,سفينة خشبية 2025/5 القياسات: الطول:83*العرض:60سم,Out of stock
WOODEN PRODUCTS,تعليقة رف زاوية,8.0,https://e-shop.psd.gov.jo/625jw6m0361.html,https://e-shop.psd.gov.jo/media/catalog/product/cache/6fe0f40091d9883a4caf18d72ffe3621/6/2/625jw6m0361_.png,625JW6M0361,تعليقة رف زاوية القياسات: الطول:2م*العرض:70سم,Out of stock
WOODEN PRODUCTS,صينية ضيافة قلب مع غطاء,8.0,https://e-shop.psd.gov.jo/625mw6m1198.html,https://e-shop.psd.gov.jo/media/catalog/product/cache/6fe0f40091d9883a4caf18d72ffe3621/6/2/625mw6m1198_87777.png,625MW6M1198,صينية ضيافة قلب مع غطاء القياسات: الطول:6*العرض:32سم,In stock
WOODEN PRODUCTS,حافظة فاين خشب 2025,3.0,https://e-shop.psd.gov.jo/625mw6m1193.html,https://e-shop.psd.gov.jo/media/catalog/product/cache/6fe0f40091d9883a4caf18d72ffe3621/1/m/1mw36786000_2__1.png,625MW6M1193,حافظة فاين خشب 2025 القياسات: الطول:8*العرض:25سم,In stock
WOODEN PRODUCTS,خارطة الأردن ريزن مع قاعدة خشب,35.0,https://e-shop.psd.gov.jo/625mw6m1192.html,https://e-shop.psd.gov.jo/media/catalog/product/cache/6fe0f40091d9883a4caf18d72ffe3621/p/h/photoroom-____3_6.png,625MW6M1192,خارطة الأردن ريزن مع قاعدة خشب القياسات: الطول:63*العرض:25,In stock
WOODEN PRODUCTS,منظر خشبي مكتبي 2025/5,4.0,https://e-shop.psd.gov.jo/625mw6m1191.html,https://e-shop.psd.gov.jo/media/catalog/product/cache/6fe0f40091d9883a4caf18d72ffe3621/p/h/photoroom-____14_6.png,625MW6M1191,منظر خشبي مكتبي 2025/5 القياسات: مختلف الأحجام,In stock
WOODEN PRODUCTS,منظر خشبي مكتبي كبير 2025/5,7.0,https://e-shop.psd.gov.jo/625mw6m1190.html,https://e-shop.psd.gov.jo/media/catalog/product/cache/6fe0f40091d9883a4caf18d72ffe3621/6/2/625mw6m1190_88888.png,625MW6M1190,منظر خشبي مكتبي كبير 2025/5 القياسات: مختلف الأحجام,In stock
WOODEN PRODUCTS,مطفأة سجائر خشب,2.0,https://e-shop.psd.gov.jo/625mw6m1188.html,https://e-shop.psd.gov.jo/media/catalog/product/cache/6fe0f40091d9883a4caf18d72ffe3621/_/8/_88777.png,625MW6M1188,مطفأة سجائر خشب القياسات: الطول:12*العرض:12سم,In stock
WOODEN PRODUCTS,منظر بندقية  وسط 2025,15.0,https://e-shop.psd.gov.jo/625mw6m1184.html,https://e-shop.psd.gov.jo/media/catalog/product/cache/6fe0f40091d9883a4caf18d72ffe3621/6/2/625mw6m1184_mnnbbvcggfg.png,625MW6M1184,منظر بندقية  وسط 2025 القياسات: الطول:86*العرض:13سم,In stock
WOODEN PRODUCTS,مجسم سفينة كبير 2025,20.0,https://e-shop.psd.gov.jo/625mw1l1154.html,https://e-shop.psd.gov.jo/media/catalog/product/cache/6fe0f40091d9883a4caf18d72ffe3621/6/2/625mw1l1154_.png,625MW1L1154,مجسم سفينة كبير 2025 القياسات: الطول:97*العرض:97,Out of stock
WOODEN PRODUCTS,مجسم حصان ورد ذهبي,20.0,https://e-shop.psd.gov.jo/625mw6m1182.html,https://e-shop.psd.gov.jo/media/catalog/product/cache/6fe0f40091d9883a4caf18d72ffe3621/_/7/_76655111.png,625MW6M1182,مجسم حصان ورد ذهبي القياسات: الطول:40*العرض:27سم,Out of stock
WOODEN PRODUCTS,مجسم حصان بني وذهبي 2025,20.0,https://e-shop.psd.gov.jo/625mw6m1181.html,https://e-shop.psd.gov.jo/media/catalog/product/cache/6fe0f40091d9883a4caf18d72ffe3621/p/h/photoroom-____24_3_3.png,625MW6M1181,مجسم حصان بني وذهبي 2025 القياسات: الطول:35*العرض:27سم,Out of stock
WOODEN PRODUCTS,دلة قهوة كبير,10.0,https://e-shop.psd.gov.jo/625mw9017.html,https://e-shop.psd.gov.jo/media/catalog/product/cache/6fe0f40091d9883a4caf18d72ffe3621/p/h/photoroom-____13_7.png,625MW9017,دلة قهوة كبير القياسات: الطول:35*العرض:13سم,In stock
WOODEN PRODUCTS,حيوان خشبي صغير,20.0,https://e-shop.psd.gov.jo/625mw1m1153.html,https://e-shop.psd.gov.jo/media/catalog/product/cache/6fe0f40091d9883a4caf18d72ffe3621/6/2/625mw1m1153_.png,625MW1M1153,حيوان خشبي صغير القياسات: الطول:34*العرض:25سم,In stock
WOODEN PRODUCTS,حيوان خشبي وسط,32.0,https://e-shop.psd.gov.jo/625mw1l1152.html,https://e-shop.psd.gov.jo/media/catalog/product/cache/6fe0f40091d9883a4caf18d72ffe3621/6/2/625mw1l1152__1.png,625MW1L1152,حيوان خشبي وسط القياسات: الطول:43*العرض:24سم,In stock
WOODEN PRODUCTS,منظر خشبي مكتبي,4.0,https://e-shop.psd.gov.jo/625mw1m0167.html,https://e-shop.psd.gov.jo/media/catalog/product/cache/6fe0f40091d9883a4caf18d72ffe3621/_/0/_0999987.png,625MW1M0167,منظر خشبي مكتبي القياسات: مختلف الأحجام,In stock
WOODEN PRODUCTS,صندوق خشبي (خطوط),6.0,https://e-shop.psd.gov.jo/625sw1l138.html,https://e-shop.psd.gov.jo/media/catalog/product/cache/6fe0f40091d9883a4caf18d72ffe3621/u/n/untitled-1.png,625SW1L138,صندوق خشبي (خطوط) القياسات: الطول:40*العرض:43سم,Out of stock
WOODEN PRODUCTS,برواز تعليق (البتراء ),5.0,https://e-shop.psd.gov.jo/625sw1m113.html,https://e-shop.psd.gov.jo/media/catalog/product/cache/6fe0f40091d9883a4caf18d72ffe3621/u/n/untitled-2.png,625SW1M113,برواز تعليق (البتراء ) القياسات: الطول 30 سم* العرض 30 سم,In stock
WOODEN PRODUCTS,بندقية خشب 2025/7,25.0,https://e-shop.psd.gov.jo/625sw1m202.html,https://e-shop.psd.gov.jo/media/catalog/product/cache/6fe0f40091d9883a4caf18d72ffe3621/_/6/_6709.png,625SW1M202,بندقية خشب 2025/7 القياسات: الطول:1000سم,Out of stock
WOODEN PRODUCTS,بيانو خشب,10.0,https://e-shop.psd.gov.jo/625sw1m203.html,https://e-shop.psd.gov.jo/media/catalog/product/cache/6fe0f40091d9883a4caf18d72ffe3621/_/8/_899999.png,625SW1M203,بيانو خشب القياسات: الطول:20*العرض:29سم,Out of stock
WOODEN PRODUCTS,جيتار خشب كبير,15.0,https://e-shop.psd.gov.jo/625sw1m204.html,https://e-shop.psd.gov.jo/media/catalog/product/cache/6fe0f40091d9883a4caf18d72ffe3621/_/8/_88888.png,625SW1M204,جيتار خشب كبير القياسات: الطول:111*العرض:33سم,Out of stock
WOODEN PRODUCTS,جيتار خشب صغير,8.0,https://e-shop.psd.gov.jo/625sw1m205.html,https://e-shop.psd.gov.jo/media/catalog/product/cache/6fe0f40091d9883a4caf18d72ffe3621/_/6/_6666.png,625SW1M205,جيتار خشب صغير القياسات: الطول:14*العرض:40سم,In stock
WOODEN PRODUCTS,سفينة وسط (15),15.0,https://e-shop.psd.gov.jo/625sws500.html,https://e-shop.psd.gov.jo/media/catalog/product/cache/6fe0f40091d9883a4caf18d72ffe3621/_/1/_10109998.png,625SWS500,سفينة وسط (15) القياسات: الطول:60*العرض:84سم,In stock
WOODEN PRODUCTS,جيتار 2025,8.0,https://e-shop.psd.gov.jo/625sw1m209.html,https://e-shop.psd.gov.jo/media/catalog/product/cache/6fe0f40091d9883a4caf18d72ffe3621/_/6/_6666677772925.png,625SW1M209,جيتار 2025 القياسات: الطول:17*العرض:40سم,In stock
WOODEN PRODUCTS,طقم رفوف خلية نخيل,10.0,https://e-shop.psd.gov.jo/625sw1m210.html,https://e-shop.psd.gov.jo/media/catalog/product/cache/6fe0f40091d9883a4caf18d72ffe3621/_/8/_87777777776.png,625SW1M210,طقم رفوف خلية نخيل القياسات: مختلف الأحجام,In stock
WOODEN PRODUCTS,منظر خشب مكتبي 2025/9,4.0,https://e-shop.psd.gov.jo/625mw6m1106.html,https://e-shop.psd.gov.jo/media/catalog/product/cache/6fe0f40091d9883a4caf18d72ffe3621/_/8/_887122299998888888.png,625MW6M1106,منظر خشب مكتبي 2025/9 القياسات: مختلف القياسات,In stock
WOODEN PRODUCTS,فازا خشب رخامي,8.0,https://e-shop.psd.gov.jo/625mw6m1107.html,https://e-shop.psd.gov.jo/media/catalog/product/cache/6fe0f40091d9883a4caf18d72ffe3621/_/6/_6666666666677788.png,625MW6M1107,فازا خشب رخامي القياسات: الطول:28*العرض:10سم,In stock
WOODEN PRODUCTS,قوار خشبي,8.0,https://e-shop.psd.gov.jo/625mw6m1108.html,https://e-shop.psd.gov.jo/media/catalog/product/cache/6fe0f40091d9883a4caf18d72ffe3621/_/8/_888777771000000.png,625MW6M1108,قوار خشبي القياسات: القطر:19*الإرتفاع:12سم,In stock
WOODEN PRODUCTS,حافظة فاين خشب 2025/9,5.0,https://e-shop.psd.gov.jo/625mw6m1109.html,https://e-shop.psd.gov.jo/media/catalog/product/cache/6fe0f40091d9883a4caf18d72ffe3621/_/7/_7789000000000.png,625MW6M1109,حافظة فاين خشب 2025/9 القياسات: الطول 26* العرض 16سم*الارتفاع11سم,In stock
WOODEN PRODUCTS,قارب صغير 2025/9,5.0,https://e-shop.psd.gov.jo/625mw6m1110.html,https://e-shop.psd.gov.jo/media/catalog/product/cache/6fe0f40091d9883a4caf18d72ffe3621/_/1/_155_2__1_1.png,625MW6M1110,قارب صغير 2025/9 القياسات: الطول:23سم*العرض:15سم,Out of stock
WOODEN PRODUCTS,بارودة خشب 2025/9,8.0,https://e-shop.psd.gov.jo/625mw6m1113.html,https://e-shop.psd.gov.jo/media/catalog/product/cache/6fe0f40091d9883a4caf18d72ffe3621/_/9/_99999999999999999999999999919988877.png,625MW6M1113,بارودة خشب 2025/9 القياسات: الطول:67سم,In stock
WOODEN PRODUCTS,صينية ضيافة خشب,5.0,https://e-shop.psd.gov.jo/625mw6m1116.html,https://e-shop.psd.gov.jo/media/catalog/product/cache/6fe0f40091d9883a4caf18d72ffe3621/_/6/_6666123333333333333333333333333333333333.png,625MW6M1116,صينية ضيافة خشب القياسات: الطول:6*العرض:25سم,In stock
WOODEN PRODUCTS,دلة تراثية 3,3.0,https://e-shop.psd.gov.jo/625mw9016.html,https://e-shop.psd.gov.jo/media/catalog/product/cache/6fe0f40091d9883a4caf18d72ffe3621/p/h/photoroom-____11_1_1_1.png,625MW9016,دلة تراثية 3 القياسات: الطول:20*العرض:5سم,In stock
WOODEN PRODUCTS,مجسم مسدس 2025/9,4.0,https://e-shop.psd.gov.jo/625mw6m1118.html,https://e-shop.psd.gov.jo/media/catalog/product/cache/6fe0f40091d9883a4caf18d72ffe3621/_/6/_666655443321111111111.png,625MW6M1118,مجسم مسدس 2025/9 القياسات: الطول:15*العرض:34سم,In stock
WOODEN PRODUCTS,كرسي هزاز صغير,3.0,https://e-shop.psd.gov.jo/625sw1m212.html,https://e-shop.psd.gov.jo/media/catalog/product/cache/6fe0f40091d9883a4caf18d72ffe3621/_/9/_999999999999917766.png,625SW1M212,كرسي هزاز صغير القياسات: الطول:22*العرض:20سم,In stock
WOODEN PRODUCTS,ستاند خشب 2025/9,8.0,https://e-shop.psd.gov.jo/625sw1m213.html,https://e-shop.psd.gov.jo/media/catalog/product/cache/6fe0f40091d9883a4caf18d72ffe3621/_/6/_66655544332111111900.png,625SW1M213,ستاند خشب 2025/9 القياسات: الطول:1.9*العرض:20سم,In stock
WOODEN PRODUCTS,مجسم جيتار 2025/9,3.0,https://e-shop.psd.gov.jo/625sw1m214.html,https://e-shop.psd.gov.jo/media/catalog/product/cache/6fe0f40091d9883a4caf18d72ffe3621/_/8/_88889999120199876666.png,625SW1M214,مجسم جيتار 2025/9 القياسات: الطول:20*العرض:40سم,In stock
WOODEN PRODUCTS,طقم صينية مع سفينة,8.0,https://e-shop.psd.gov.jo/625sw1m216.html,https://e-shop.psd.gov.jo/media/catalog/product/cache/6fe0f40091d9883a4caf18d72ffe3621/_/8/_8888889999110001009999.png,625SW1M216,طقم صينية مع سفينة القياسات: الطول:35*العرض:25سم,In stock
WOODEN PRODUCTS,طقم مكتات,2.0,https://e-shop.psd.gov.jo/625sw1m217.html,https://e-shop.psd.gov.jo/media/catalog/product/cache/6fe0f40091d9883a4caf18d72ffe3621/_/8/_887777777710107662222.png,625SW1M217,طقم مكتات القياسات: مختلف الأحجام,In stock
WOODEN PRODUCTS,تعليقة رفوف,12.0,https://e-shop.psd.gov.jo/625jw4m0559.html,https://e-shop.psd.gov.jo/media/catalog/product/cache/6fe0f40091d9883a4caf18d72ffe3621/6/2/625jw6m0361__1.png,625JW4M0559,تعليقة رفوف القياسات: مختلف الأحجام,In stock
WOODEN PRODUCTS,مهباش صغير5,5.0,https://e-shop.psd.gov.jo/625mw9011.html,https://e-shop.psd.gov.jo/media/catalog/product/cache/6fe0f40091d9883a4caf18d72ffe3621/p/h/photoroom-____14_9.png,625MW9011,مهباش صغير5 القياسات: الطول:23سم*العرض:15سم,In stock
WOODEN PRODUCTS,مهباش تراثي 10,10.0,https://e-shop.psd.gov.jo/625mw9012.html,https://e-shop.psd.gov.jo/media/catalog/product/cache/6fe0f40091d9883a4caf18d72ffe3621/p/h/photoroom-____34_5.png,625MW9012,مهباش تراثي 10 القياسات: الطول:40*العرض:9سم,In stock
WOODEN PRODUCTS,بندقية وسط 2025/10,10.0,https://e-shop.psd.gov.jo/625mw6m11150.html,https://e-shop.psd.gov.jo/media/catalog/product/cache/6fe0f40091d9883a4caf18d72ffe3621/p/h/photoroom-____23_7.png,625MW6M11150,بندقية وسط 2025/10 القياسات: الطول:100سم,In stock
WOODEN PRODUCTS,بندقية كبير 2025/10,25.0,https://e-shop.psd.gov.jo/625mw6m11151.html,https://e-shop.psd.gov.jo/media/catalog/product/cache/6fe0f40091d9883a4caf18d72ffe3621/_/6/_665551110---__1.png,625MW6M11151,بندقية كبير 2025/10 القياسات: الطول:118سم,In stock
WOODEN PRODUCTS,TABLE LAMP خشبي,7.0,https://e-shop.psd.gov.jo/625mw6m11152.html,https://e-shop.psd.gov.jo/media/catalog/product/cache/6fe0f40091d9883a4caf18d72ffe3621/_/7/_766.png,625MW6M11152,TABLE LAMP خشبي القياسات: الطول:50*العرض:20سم,In stock
WOODEN PRODUCTS,صينية ضيافة خشب 2025/10,8.0,https://e-shop.psd.gov.jo/625mw6m11153.html,https://e-shop.psd.gov.jo/media/catalog/product/cache/6fe0f40091d9883a4caf18d72ffe3621/p/h/photoroom-____8_10.png,625MW6M11153,صينية ضيافة خشب 2025/10 القياسات: مختلف الأحجام,In stock
WOODEN PRODUCTS,إطاار مرآة خشب,10.0,https://e-shop.psd.gov.jo/625mw6m11155.html,https://e-shop.psd.gov.jo/media/catalog/product/cache/6fe0f40091d9883a4caf18d72ffe3621/p/h/photoroom-____43_1_4.png,625MW6M11155,إطاار مرآة خشب القياسات: الطول:73*العرض:57سم,In stock
WOODEN PRODUCTS,صقر خشبي بيج,32.0,https://e-shop.psd.gov.jo/625mw6m11156.html,https://e-shop.psd.gov.jo/media/catalog/product/cache/6fe0f40091d9883a4caf18d72ffe3621/_/9/_900000.png,625MW6M11156,صقر خشبي بيج القياسات: الطول:32*العرض:17سم,In stock
WOODEN PRODUCTS,صقر خشبي ذهبي,32.0,https://e-shop.psd.gov.jo/625mw6m11157.html,https://e-shop.psd.gov.jo/media/catalog/product/cache/6fe0f40091d9883a4caf18d72ffe3621/p/h/photoroom-____3_8.png,625MW6M11157,صقر خشبي ذهبي القياسات: الطول:40*العرض:19سم,In stock
WOODEN PRODUCTS,سفينة كبير شراع أسود,35.0,https://e-shop.psd.gov.jo/625mw6m11158.html,https://e-shop.psd.gov.jo/media/catalog/product/cache/6fe0f40091d9883a4caf18d72ffe3621/p/h/photoroom-____7_9.png,625MW6M11158,سفينة كبير شراع أسود القياسات: الطول:110*العرض:74سم,In stock
WOODEN PRODUCTS,مسدس خشب 2025/10,5.0,https://e-shop.psd.gov.jo/625mw6m11159.html,https://e-shop.psd.gov.jo/media/catalog/product/cache/6fe0f40091d9883a4caf18d72ffe3621/_/9/_988888820202.png,625MW6M11159,مسدس خشب 2025/10 القياسات: الطول:15*العرض:34سم,Out of stock
WOODEN PRODUCTS,حصان ذهبي 2025/10,32.0,https://e-shop.psd.gov.jo/625mw6m11172.html,https://e-shop.psd.gov.jo/media/catalog/product/cache/6fe0f40091d9883a4caf18d72ffe3621/p/h/photoroom-____13_9.png,625MW6M11172,حصان ذهبي 2025/10 القياسات: الطول 25سم* العرض33سم,Out of stock
WOODEN PRODUCTS,حصان بني 2025/10,32.0,https://e-shop.psd.gov.jo/625mw6m11173.html,https://e-shop.psd.gov.jo/media/catalog/product/cache/6fe0f40091d9883a4caf18d72ffe3621/_/8/_899000766611_.png,625MW6M11173,حصان بني 2025/10 القياسات: الطول 25سم* العرض33سم,In stock
WOODEN PRODUCTS,منظر مكتبي( أمي ),8.0,https://e-shop.psd.gov.jo/625mw6m11174.html,https://e-shop.psd.gov.jo/media/catalog/product/cache/6fe0f40091d9883a4caf18d72ffe3621/_/3/_32199.png,625MW6M11174,منظر مكتبي( أمي ) القياسات: مختلف الأحجام,In stock
WOODEN PRODUCTS,منظر مكتبي (LOVE),8.0,https://e-shop.psd.gov.jo/625mw6m11175.html,https://e-shop.psd.gov.jo/media/catalog/product/cache/6fe0f40091d9883a4caf18d72ffe3621/_/8/_877771010776.png,625MW6M11175,منظر مكتبي (LOVE) القياسات: مختلف الأحجام,In stock
WOODEN PRODUCTS,منظر مكتبي (آيات قرآنية),8.0,https://e-shop.psd.gov.jo/625mw6m11176.html,https://e-shop.psd.gov.jo/media/catalog/product/cache/6fe0f40091d9883a4caf18d72ffe3621/p/h/photoroom-____36_3_2.png,625MW6M11176,منظر مكتبي (آيات قرآنية) القياسات: مختلف الأحجام,In stock
WOODEN PRODUCTS,منظر مكتبي (عيد سعيد),8.0,https://e-shop.psd.gov.jo/625mw6m11180.html,https://e-shop.psd.gov.jo/media/catalog/product/cache/6fe0f40091d9883a4caf18d72ffe3621/p/h/photoroom-____32_5.png,625MW6M11180,منظر مكتبي (عيد سعيد) القياسات: مختلف الأحجام,In stock
WOODEN PRODUCTS,منظلر مكتبي (مبروك للعروسين),8.0,https://e-shop.psd.gov.jo/625mw6l11180.html,https://e-shop.psd.gov.jo/media/catalog/product/cache/6fe0f40091d9883a4caf18d72ffe3621/p/h/photoroom-____6_3_1.png,625MW6L11180,منظلر مكتبي (مبروك للعروسين) القياسات: مختلف الأحجام,In stock
WOODEN PRODUCTS,منظر مكتبي (سنيني),8.0,https://e-shop.psd.gov.jo/625mw6m11179.html,https://e-shop.psd.gov.jo/media/catalog/product/cache/6fe0f40091d9883a4caf18d72ffe3621/_/8/_87777777788.png,625MW6M11179,منظر مكتبي (سنيني) القياسات: مختلف الأحجام,In stock
WOODEN PRODUCTS,منظر مكتبي (يارب أسود),8.0,https://e-shop.psd.gov.jo/625mw6m11177.html,https://e-shop.psd.gov.jo/media/catalog/product/cache/6fe0f40091d9883a4caf18d72ffe3621/_/8/_88888877777_1.png,625MW6M11177,منظر مكتبي (يارب أسود) القياسات: مختلف الأحجام,In stock
WOODEN PRODUCTS,منظر مكتبي (أكثر الناس نقداً),8.0,https://e-shop.psd.gov.jo/625mw6m11178.html,https://e-shop.psd.gov.jo/media/catalog/product/cache/6fe0f40091d9883a4caf18d72ffe3621/p/h/photoroom-____7_10.png,625MW6M11178,منظر مكتبي (أكثر الناس نقداً) القياسات: مختلف الظاحجام,In stock
WOODEN PRODUCTS,قارب بحري,5.0,https://e-shop.psd.gov.jo/625mw9013.html,https://e-shop.psd.gov.jo/media/catalog/product/cache/6fe0f40091d9883a4caf18d72ffe3621/_/4/_455590008777710__1.png,625MW9013,قارب بحري القياسات: الطول:23سم*العرض:15سم,In stock
WOODEN PRODUCTS,مجسم عصفور وأغصان,8.0,https://e-shop.psd.gov.jo/625mw6m1142.html,https://e-shop.psd.gov.jo/media/catalog/product/cache/6fe0f40091d9883a4caf18d72ffe3621/_/8/_888888888888888128888_.png,625MW6M1142,مجسم عصفور وأغصان القياسات: الطول:32*العرض:12سم,In stock
WOODEN PRODUCTS,مجسم عصفور LOVE,25.0,https://e-shop.psd.gov.jo/625mw6m1127.html,https://e-shop.psd.gov.jo/media/catalog/product/cache/6fe0f40091d9883a4caf18d72ffe3621/_/7/_777777777777777777778.png,625MW6M1127,مجسم عصفور LOVE القياسات: الطول:23*العرض:14سم,In stock
WOODEN PRODUCTS,فازا رخامي كبير,15.0,https://e-shop.psd.gov.jo/625mw6m1144.html,https://e-shop.psd.gov.jo/media/catalog/product/cache/6fe0f40091d9883a4caf18d72ffe3621/_/7/_77777_000.png,625MW6M1144,فازا رخامي كبير القياسات: الطول:33*العرض:12سم,In stock
WOODEN PRODUCTS,منظرمكتبي (يايمة ليش العمر),8.0,https://e-shop.psd.gov.jo/625mw6m11184.html,https://e-shop.psd.gov.jo/media/catalog/product/cache/6fe0f40091d9883a4caf18d72ffe3621/p/h/photoroom-____13_10.png,625MW6M11184,منظرمكتبي (يايمة ليش العمر) القياسات: مختلف الأحجام,In stock
WOODEN PRODUCTS,منظر مكتبي ( أمي نبع حنان صافي أزرق),8.0,https://e-shop.psd.gov.jo/625mw6m11186.html,https://e-shop.psd.gov.jo/media/catalog/product/cache/6fe0f40091d9883a4caf18d72ffe3621/p/h/photoroom-____15_10_2.png,625MW6M11186,منظر مكتبي ( أمي نبع حنان صافي أزرق) القياسات: مختلف الأحجام,In stock
WOODEN PRODUCTS,منظر مكتبي (تعلمت الصبر منك يايمة) أسود,8.0,https://e-shop.psd.gov.jo/625mw6m11187.html,https://e-shop.psd.gov.jo/media/catalog/product/cache/6fe0f40091d9883a4caf18d72ffe3621/p/h/photoroom-____6_3_2.png,625MW6M11187,منظر مكتبي (تعلمت الصبر منك يايمة) أسود القياسات: مختلف الأحجام,In stock
WOODEN PRODUCTS,منظر مكتبي(ILOVE YOU) أزرق,8.0,https://e-shop.psd.gov.jo/625mw6m12004.html,https://e-shop.psd.gov.jo/media/catalog/product/cache/6fe0f40091d9883a4caf18d72ffe3621/p/h/photoroom-____14_10.png,625MW6M12004,منظر مكتبي(ILOVE YOU) أزرق القياسات: مختلف الأحجام,In stock
WOODEN PRODUCTS,منظرمكتبي (صنع بعزيمة),8.0,https://e-shop.psd.gov.jo/625mw6m12003.html,https://e-shop.psd.gov.jo/media/catalog/product/cache/6fe0f40091d9883a4caf18d72ffe3621/_/9/_9999_1_1.png,625MW6M12003,منظرمكتبي (صنع بعزيمة) القياسات: مختلف الأحجام,In stock
WOODEN PRODUCTS,منظر مكتبي (الحب لك وحدك),5.0,https://e-shop.psd.gov.jo/625mw6m12005.html,https://e-shop.psd.gov.jo/media/catalog/product/cache/6fe0f40091d9883a4caf18d72ffe3621/_/9/_990000.png,625MW6M12005,منظر مكتبي (الحب لك وحدك) القياسات: مختلف الأحجام,In stock
WOODEN PRODUCTS,منظر مكتبي (عيد ميلاد سعيد شمعة),8.0,https://e-shop.psd.gov.jo/625mw6m12006.html,https://e-shop.psd.gov.jo/media/catalog/product/cache/6fe0f40091d9883a4caf18d72ffe3621/_/9/_90088111100.png,625MW6M12006,منظر مكتبي (عيد ميلاد سعيد شمعة) القياسات: مختلف الأحجام,In stock
WOODEN PRODUCTS,منظر مكتبي (Ilove you) مع يد,8.0,https://e-shop.psd.gov.jo/625mw6m12007.html,https://e-shop.psd.gov.jo/media/catalog/product/cache/6fe0f40091d9883a4caf18d72ffe3621/p/h/photoroom-____44_5_3.png,625MW6M12007,منظر مكتبي (Ilove you) مع يد القياسات: مختلف الأحجام,In stock
WOODEN PRODUCTS,منظر مكتبي (Ilove you for ever),8.0,https://e-shop.psd.gov.jo/625mw6m12008.html,https://e-shop.psd.gov.jo/media/catalog/product/cache/6fe0f40091d9883a4caf18d72ffe3621/_/6/_666667777.png,625MW6M12008,منظر مكتبي (Ilove you for ever) القياسات: مختلف الأحجام,In stock
WOODEN PRODUCTS,منظر مكتبي (حبك خارطتي),8.0,https://e-shop.psd.gov.jo/625mw6m12009.html,https://e-shop.psd.gov.jo/media/catalog/product/cache/6fe0f40091d9883a4caf18d72ffe3621/_/9/_99888888.png,625MW6M12009,منظر مكتبي (حبك خارطتي) القياسات: مختلف الأحجام,In stock
WOODEN PRODUCTS,منظر مكتبي(تويتي ),8.0,https://e-shop.psd.gov.jo/625mw6m12010.html,https://e-shop.psd.gov.jo/media/catalog/product/cache/6fe0f40091d9883a4caf18d72ffe3621/_/8/_8888888_2.png,625MW6M12010,منظر مكتبي(تويتي ) القياسات: مختلف الأحجام,In stock
WOODEN PRODUCTS,منظر مكتبي (والنفس تبكي على الدنيا ),8.0,https://e-shop.psd.gov.jo/625mw6m12011.html,https://e-shop.psd.gov.jo/media/catalog/product/cache/6fe0f40091d9883a4caf18d72ffe3621/p/h/photoroom-____36_5_1.png,625MW6M12011,منظر مكتبي (والنفس تبكي على الدنيا ) القياسات: مختلف الأحجام,In stock
WOODEN PRODUCTS,منظر مكتبي (وإذا سألك عبادي عني ),8.0,https://e-shop.psd.gov.jo/625mw6m12012.html,https://e-shop.psd.gov.jo/media/catalog/product/cache/6fe0f40091d9883a4caf18d72ffe3621/_/5/_555_1_1.png,625MW6M12012,منظر مكتبي (وإذا سألك عبادي عني ) القياسات: مختلف الأحجام,In stock
WOODEN PRODUCTS,منظر مكتبي (محمد صلى الله عليه وسلم) أزرق,8.0,https://e-shop.psd.gov.jo/625mw6m12013.html,https://e-shop.psd.gov.jo/media/catalog/product/cache/6fe0f40091d9883a4caf18d72ffe3621/_/7/_7777888.png,625MW6M12013,منظر مكتبي (محمد صلى الله عليه وسلم) أزرق القياسات: مختلف الأحجام,In stock
WOODEN PRODUCTS,منظر مكتبي (طفلتي ),8.0,https://e-shop.psd.gov.jo/625mw6m12014.html,https://e-shop.psd.gov.jo/media/catalog/product/cache/6fe0f40091d9883a4caf18d72ffe3621/_/8/_888888_3.png,625MW6M12014,منظر مكتبي (طفلتي ) القياسات: مختلف الأحجام,In stock
WOODEN PRODUCTS,منظر مكتبي (يارب مع عرق أخضر),8.0,https://e-shop.psd.gov.jo/625mw6m12015.html,https://e-shop.psd.gov.jo/media/catalog/product/cache/6fe0f40091d9883a4caf18d72ffe3621/_/6/_666666_3.png,625MW6M12015,منظر مكتبي (يارب مع عرق أخضر) القياسات: مختلف الأحجام,In stock
WOODEN PRODUCTS,منظر مكتبي (من يتق الله 2025/10),8.0,https://e-shop.psd.gov.jo/625mw6m12016.html,https://e-shop.psd.gov.jo/media/catalog/product/cache/6fe0f40091d9883a4caf18d72ffe3621/_/1/_123334446.png,625MW6M12016,منظر مكتبي (من يتق الله 2025/10) القياسات: مختلف الأحجام,In stock
WOODEN PRODUCTS,منظر مكتبي قرآن (ربنا من يدخل النار),8.0,https://e-shop.psd.gov.jo/625mw6m12017.html,https://e-shop.psd.gov.jo/media/catalog/product/cache/6fe0f40091d9883a4caf18d72ffe3621/_/8/_8888_2.png,625MW6M12017,منظر مكتبي قرآن (ربنا من يدخل النار) القياسات: مختلف الأحجام,In stock
WOODEN PRODUCTS,منظر مكتبي (جمعت الشوق وأهديته لعيونك),8.0,https://e-shop.psd.gov.jo/625mw6m12019.html,https://e-shop.psd.gov.jo/media/catalog/product/cache/6fe0f40091d9883a4caf18d72ffe3621/p/h/photoroom-____45_6_1.png,625MW6M12019,منظر مكتبي (جمعت الشوق وأهديته لعيونك) القياسات: مختلف الأحجام,In stock
WOODEN PRODUCTS,منظر مكتبي (سنفور أزرق),8.0,https://e-shop.psd.gov.jo/625mw6m12020.html,https://e-shop.psd.gov.jo/media/catalog/product/cache/6fe0f40091d9883a4caf18d72ffe3621/p/h/photoroom-____30_6_1.png,625MW6M12020,منظر مكتبي (سنفور أزرق) القياسات: مختلف الأحجام,In stock
WOODEN PRODUCTS,منظر مكتبي (ILOVE YOU) قلوب ملونة,8.0,https://e-shop.psd.gov.jo/625mw6m12021.html,https://e-shop.psd.gov.jo/media/catalog/product/cache/6fe0f40091d9883a4caf18d72ffe3621/p/h/photoroom-____22_12.png,625MW6M12021,منظر مكتبي (ILOVE YOU) قلوب ملونة القياسات: مختلف الأحجام,In stock
WOODEN PRODUCTS,منظر مكتبي (قل آمنت بالله ثم استقم),8.0,https://e-shop.psd.gov.jo/625mw6m12022.html,https://e-shop.psd.gov.jo/media/catalog/product/cache/6fe0f40091d9883a4caf18d72ffe3621/p/h/photoroom-____24_5_1.png,625MW6M12022,منظر مكتبي (قل آمنت بالله ثم استقم) القياسات: مختلف الأحجام,In stock
WOODEN PRODUCTS,منظر مكتبي (تبارك الله )ريشة أزرق,8.0,https://e-shop.psd.gov.jo/625mw6m12023.html,https://e-shop.psd.gov.jo/media/catalog/product/cache/6fe0f40091d9883a4caf18d72ffe3621/_/8/_888765434321.png,625MW6M12023,منظر مكتبي (تبارك الله )ريشة أزرق القياسات: مختلف الأحجام,In stock
WOODEN PRODUCTS,منظر مكتبي (هلا والله ),8.0,https://e-shop.psd.gov.jo/625mw6m12024.html,https://e-shop.psd.gov.jo/media/catalog/product/cache/6fe0f40091d9883a4caf18d72ffe3621/p/h/photoroom-____26_8.png,625MW6M12024,منظر مكتبي (هلا والله ) القياسات: مختلف الأحجام,In stock
WOODEN PRODUCTS,منظر مكتبي (قل ربي زدني علماً) شمعة أخضر,8.0,https://e-shop.psd.gov.jo/625mw6m12025.html,https://e-shop.psd.gov.jo/media/catalog/product/cache/6fe0f40091d9883a4caf18d72ffe3621/_/7/_7776665552.png,625MW6M12025,منظر مكتبي (قل ربي زدني علماً) شمعة أخضر االقياسات: مختلف الأحجام,In stock
WOODEN PRODUCTS,منظر مكتبي (لا اله الا الله ) أحمر,8.0,https://e-shop.psd.gov.jo/625mw6m12026.html,https://e-shop.psd.gov.jo/media/catalog/product/cache/6fe0f40091d9883a4caf18d72ffe3621/p/h/photoroom-____19_5.png,625MW6M12026,منظر مكتبي (لا اله الا الله ) أحمر القياسات: مختلف الأحجام,In stock
WOODEN PRODUCTS,منظر مكتبي (سبحان الله )أسود,8.0,https://e-shop.psd.gov.jo/625mw6m12027.html,https://e-shop.psd.gov.jo/media/catalog/product/cache/6fe0f40091d9883a4caf18d72ffe3621/p/h/photoroom-____27_7.png,625MW6M12027,منظر مكتبي (سبحان الله )أسود القياسات: مختلف الأحجام,In stock
WOODEN PRODUCTS,منظر مكتبي (محمد صلى الله عليه وسلم) برواز,8.0,https://e-shop.psd.gov.jo/625mw6m12028.html,https://e-shop.psd.gov.jo/media/catalog/product/cache/6fe0f40091d9883a4caf18d72ffe3621/p/h/photoroom-____33_7_1.png,625MW6M12028,منظر مكتبي (محمد صلى الله عليه وسلم) برواز القياسات: مختلف الأحجام,In stock
WOODEN PRODUCTS,منظر مكتبي (فكك مني),8.0,https://e-shop.psd.gov.jo/625mw6m12042.html,https://e-shop.psd.gov.jo/media/catalog/product/cache/6fe0f40091d9883a4caf18d72ffe3621/_/6/_66666_2.png,625MW6M12042,منظر مكتبي (فكك مني) القياسات: مختلف الأحجام,In stock
WOODEN PRODUCTS,منظر مكتبي (الحمداللة رب العالمين) دائري مع وردة,8.0,https://e-shop.psd.gov.jo/625mw6m12041.html,https://e-shop.psd.gov.jo/media/catalog/product/cache/6fe0f40091d9883a4caf18d72ffe3621/_/9/_9888.png,625MW6M12041,منظر مكتبي (الحمداللة رب العالمين) دائري مع وردة القياسات: مختلف الأحجام,In stock
WOODEN PRODUCTS,منظر مكتبي (إذا سألك عبادي) أسود مع ريشة,8.0,https://e-shop.psd.gov.jo/625mw6m12040.html,https://e-shop.psd.gov.jo/media/catalog/product/cache/6fe0f40091d9883a4caf18d72ffe3621/p/h/photoroom-____35_3.png,625MW6M12040,منظر مكتبي (إذا سألك عبادي) أسود مع ريشة القياسات: مختلف الأحجام,In stock
WOODEN PRODUCTS,منظر مكتبي (قل هو الله أحد) أسود,8.0,https://e-shop.psd.gov.jo/625mw6m12039.html,https://e-shop.psd.gov.jo/media/catalog/product/cache/6fe0f40091d9883a4caf18d72ffe3621/p/h/photoroom-____34_5_1.png,625MW6M12039,منظر مكتبي (قل هو الله أحد) أسود القياسات: مختلف الأحجام,In stock
WOODEN PRODUCTS,منظر مكتبي(الحمداللة أسود) ريشة حمراء,8.0,https://e-shop.psd.gov.jo/625mw6m12038.html,https://e-shop.psd.gov.jo/media/catalog/product/cache/6fe0f40091d9883a4caf18d72ffe3621/p/h/photoroom-____42_3_1.png,625MW6M12038,منظر مكتبي(الحمداللة أسود) ريشة حمراء القياسات: مختلف الأحجام,In stock
WOODEN PRODUCTS,منظر مكتبي( الرحمن علم القرآن) مع شمعة,8.0,https://e-shop.psd.gov.jo/625mw6m12037.html,https://e-shop.psd.gov.jo/media/catalog/product/cache/6fe0f40091d9883a4caf18d72ffe3621/p/h/photoroom-____20_6.png,625MW6M12037,منظر مكتبي( الرحمن علم القرآن) مع شمعة القياسات: مختلف الأحجام,In stock
WOODEN PRODUCTS,منظر مكتبي (قضى ربك ألا تعبدوا) أسود,8.0,https://e-shop.psd.gov.jo/625mw6m12036.html,https://e-shop.psd.gov.jo/media/catalog/product/cache/6fe0f40091d9883a4caf18d72ffe3621/p/h/photoroom-____4_9_2.png,625MW6M12036,منظر مكتبي (قضى ربك ألا تعبدوا) أسود القياسات: مختلف الأحجام,In stock
WOODEN PRODUCTS,منظر مكتبي (الله جل جلاله) أبيض,8.0,https://e-shop.psd.gov.jo/625mw6m12035.html,https://e-shop.psd.gov.jo/media/catalog/product/cache/6fe0f40091d9883a4caf18d72ffe3621/p/h/photoroom-____21_4.png,625MW6M12035,منظر مكتبي (الله جل جلاله) أبيض القياسات: مختلف الأحجام,In stock
WOODEN PRODUCTS,منظر مكتبي (ماشاء الله ) أسود,8.0,https://e-shop.psd.gov.jo/625mw6m12034.html,https://e-shop.psd.gov.jo/media/catalog/product/cache/6fe0f40091d9883a4caf18d72ffe3621/p/h/photoroom-____16_10.png,625MW6M12034,منظر مكتبي (ماشاء الله ) أسود القياسات: مختلف الأحجام,In stock
WOODEN PRODUCTS,منظر مكتبي (الله نور السموات والأرض),8.0,https://e-shop.psd.gov.jo/625mw6m12033.html,https://e-shop.psd.gov.jo/media/catalog/product/cache/6fe0f40091d9883a4caf18d72ffe3621/_/8/_88888999.png,625MW6M12033,منظر مكتبي (الله نور السموات والأرض) القياسات: مختلف الأحجام,In stock
WOODEN PRODUCTS,منظر مكتبي (ادعوني أستجيب لكم ),8.0,https://e-shop.psd.gov.jo/625mw6m12031.html,https://e-shop.psd.gov.jo/media/catalog/product/cache/6fe0f40091d9883a4caf18d72ffe3621/p/h/photoroom-____25_6.png,625MW6M12031,منظر مكتبي (ادعوني أستجيب لكم ) القياسات: مختلف الأحجام,In stock
WOODEN PRODUCTS,منظر مكتبي (إنه القرآن الكريم),8.0,https://e-shop.psd.gov.jo/625mw6m12030.html,https://e-shop.psd.gov.jo/media/catalog/product/cache/6fe0f40091d9883a4caf18d72ffe3621/p/h/photoroom-____31_4_4.png,625MW6M12030,منظر مكتبي (إنه القرآن الكريم) القياسات: مختلف الأحجام,In stock
WOODEN PRODUCTS,منظر مكتبي (ماشاء الله ) مع شمعة,8.0,https://e-shop.psd.gov.jo/625mw6m12029.html,https://e-shop.psd.gov.jo/media/catalog/product/cache/6fe0f40091d9883a4caf18d72ffe3621/p/h/photoroom-____28_2_2.png,625MW6M12029,منظر مكتبي (ماشاء الله ) مع شمعة القياسات: مختلف الأحجام,In stock
WOODEN PRODUCTS,فانوس خشبي,3.0,https://e-shop.psd.gov.jo/625sw1m222.html,https://e-shop.psd.gov.jo/media/catalog/product/cache/6fe0f40091d9883a4caf18d72ffe3621/_/8/_88888777122.png,625SW1M222,فانوس خشبي القياسات: الطول:35*العرض:18سم,In stock
WOODEN PRODUCTS,صواني خشب طقم,10.0,https://e-shop.psd.gov.jo/625sw1m223.html,https://e-shop.psd.gov.jo/media/catalog/product/cache/6fe0f40091d9883a4caf18d72ffe3621/p/h/photoroom-____3_-_copy.png,625SW1M223,صواني خشب طقم القياسات: مختلف الأحجام,In stock
WOODEN PRODUCTS,شاهد خشبي,3.0,https://e-shop.psd.gov.jo/625sw1m224.html,https://e-shop.psd.gov.jo/media/catalog/product/cache/6fe0f40091d9883a4caf18d72ffe3621/p/h/photoroom-____4_-_copy.png,625SW1M224,شاهد خشبي القياسات: الطول:20*العرض:13سم,In stock
WOODEN PRODUCTS,مجسم قيتار,4.0,https://e-shop.psd.gov.jo/625sw1m225.html,https://e-shop.psd.gov.jo/media/catalog/product/cache/6fe0f40091d9883a4caf18d72ffe3621/p/h/photoroom-____22_13.png,625SW1M225,مجسم قيتار القياسات: الطول:16*العرض:40سم,In stock
WOODEN PRODUCTS,نوتة موسيقي خشبي,3.0,https://e-shop.psd.gov.jo/625sw1m226.html,https://e-shop.psd.gov.jo/media/catalog/product/cache/6fe0f40091d9883a4caf18d72ffe3621/p/h/photoroom-____19_6.png,625SW1M226,نوتة موسيقي خشبي القياسات: الطول:21*العرض:20سم,In stock
WOODEN PRODUCTS,سفينة ومجاديف,15.0,https://e-shop.psd.gov.jo/625sw1m228.html,https://e-shop.psd.gov.jo/media/catalog/product/cache/6fe0f40091d9883a4caf18d72ffe3621/_/7/_77766612229999.png,625SW1M228,سفينة ومجاديف القياسات: الطول:50*العرض:64سم,Out of stock
WOODEN PRODUCTS,سفينة شراع خيش,5.0,https://e-shop.psd.gov.jo/625sw1m230.html,https://e-shop.psd.gov.jo/media/catalog/product/cache/6fe0f40091d9883a4caf18d72ffe3621/p/h/photoroom-____5_-_copy.png,625SW1M230,سفينة شراع خيش القياسات: الطول:22*العرض:35سم,Out of stock
WOODEN PRODUCTS,مهباش هرمي,10.0,https://e-shop.psd.gov.jo/625sw1m231.html,https://e-shop.psd.gov.jo/media/catalog/product/cache/6fe0f40091d9883a4caf18d72ffe3621/_/6/_66677777790087.png,625SW1M231,مهباش هرمي القياسات: الطول:61*العرض:30سم,In stock
WOODEN PRODUCTS,مجسم ربابة,10.0,https://e-shop.psd.gov.jo/625sw1m232.html,https://e-shop.psd.gov.jo/media/catalog/product/cache/6fe0f40091d9883a4caf18d72ffe3621/_/0/_00000009000.png,625SW1M232,مجسم ربابة القياسات: الطول:86*العرض:19سم,In stock
WOODEN PRODUCTS,علاقة مفاتيح,3.0,https://e-shop.psd.gov.jo/625sw1m233.html,https://e-shop.psd.gov.jo/media/catalog/product/cache/6fe0f40091d9883a4caf18d72ffe3621/p/h/photoroom-____20_7.png,625SW1M233,علاقة مفاتيح القياسات: الطول:37*العرض:26سم,In stock
WOODEN PRODUCTS,مقعد هزاز,3.0,https://e-shop.psd.gov.jo/625sw1m234.html,https://e-shop.psd.gov.jo/media/catalog/product/cache/6fe0f40091d9883a4caf18d72ffe3621/p/h/photoroom-____13_11.png,625SW1M234,مقعد هزاز القياسات: الطول:22*العرض:20سم,In stock
WOODEN PRODUCTS,منظر بارودة ابيض,8.0,https://e-shop.psd.gov.jo/625sw1m235.html,https://e-shop.psd.gov.jo/media/catalog/product/cache/6fe0f40091d9883a4caf18d72ffe3621/_/9/_9990000909_.png,625SW1M235,منظر بارودة ابيض القياسات: الطول:20*العرض:65سم,Out of stock
WOODEN PRODUCTS,طقم فازات خشبي 3 قطع,5.0,https://e-shop.psd.gov.jo/625sw1m236.html,https://e-shop.psd.gov.jo/media/catalog/product/cache/6fe0f40091d9883a4caf18d72ffe3621/9/9/999_8877233_.png,625SW1M236,طقم فازات خشبي 3 قطع القياسات: مختلف القياسات,In stock
WOODEN PRODUCTS,مجسم خلايا,3.0,https://e-shop.psd.gov.jo/625sw1m237.html,https://e-shop.psd.gov.jo/media/catalog/product/cache/6fe0f40091d9883a4caf18d72ffe3621/_/7/_777777788899.png,625SW1M237,مجسم خلايا القياسات: مختلف القياسات,In stock
WOODEN PRODUCTS,مجسم yin-yang,3.0,https://e-shop.psd.gov.jo/625sw1m243.html,https://e-shop.psd.gov.jo/media/catalog/product/cache/6fe0f40091d9883a4caf18d72ffe3621/p/h/photoroom-____28_3_1.png,625SW1M243,مجسم yin-yang القياسات: الطول:22*العرض:15سم,In stock
WOODEN PRODUCTS,قيثار موسيقي خشبي,3.0,https://e-shop.psd.gov.jo/625sw1m227.html,https://e-shop.psd.gov.jo/media/catalog/product/cache/6fe0f40091d9883a4caf18d72ffe3621/p/h/photoroom-____27_8.png,625SW1M227,قيثار موسيقي خشبي القياسات: الطول:23*العرض:18سم,In stock
WOODEN PRODUCTS,صندوق خشب وسط,20.0,https://e-shop.psd.gov.jo/625sw2002.html,https://e-shop.psd.gov.jo/media/catalog/product/cache/6fe0f40091d9883a4caf18d72ffe3621/p/h/photoroom-____6_6.png,625SW2002,صندوق خشب وسط القياسات: الطول:32*العرض:50سم,In stock
WOODEN PRODUCTS,سفينة وسط(10),10.0,https://e-shop.psd.gov.jo/625sws501.html,https://e-shop.psd.gov.jo/media/catalog/product/cache/6fe0f40091d9883a4caf18d72ffe3621/i/m/img_7805-removebg-preview.png,625SWS501,سفينة وسط القياسات: الطول:52*العرض:76سم,In stock
WOODEN PRODUCTS,سفينة صغير (5),5.0,https://e-shop.psd.gov.jo/625sws504.html,https://e-shop.psd.gov.jo/media/catalog/product/cache/6fe0f40091d9883a4caf18d72ffe3621/_/9/_9008721.png,625SWS504,سفينة صغير (5) القياسات: الطول:58*العرض:35سم,Out of stock
WOODEN PRODUCTS,"سفينة ""رفوف""",10.0,https://e-shop.psd.gov.jo/625sw1m248.html,https://e-shop.psd.gov.jo/media/catalog/product/cache/6fe0f40091d9883a4caf18d72ffe3621/_/9/_9999_2_2.png,625SW1M248,"سفينة ""رفوف"" القياسات: الطول:90*العرض:77سم",In stock
WOODEN PRODUCTS,ستاند تعليق,8.0,https://e-shop.psd.gov.jo/625sw1m249.html,https://e-shop.psd.gov.jo/media/catalog/product/cache/6fe0f40091d9883a4caf18d72ffe3621/_/8/_888888888_.png,625SW1M249,ستاند تعليق القياسات: الطول:50*العرض:50سم,In stock
WOODEN PRODUCTS,"طقم صينية ""مهباش ودلة""",8.0,https://e-shop.psd.gov.jo/625sw1m250.html,https://e-shop.psd.gov.jo/media/catalog/product/cache/6fe0f40091d9883a4caf18d72ffe3621/_/9/_988777.png,625SW1M250,"طقم صينية ""مهباش ودلة"" القياسات: الطول:25*العرض:35سم",Out of stock
WOODEN PRODUCTS,مجسم ربابة,5.0,https://e-shop.psd.gov.jo/625sw1m251.html,https://e-shop.psd.gov.jo/media/catalog/product/cache/6fe0f40091d9883a4caf18d72ffe3621/_/0/_00000009000_1.png,625SW1M251,مجسم ربابة القياسات: الطول:86*العرض:19سم,In stock
WOODEN PRODUCTS,"COFFE CORNER ""STEPS""",8.0,https://e-shop.psd.gov.jo/625sw1m253.html,https://e-shop.psd.gov.jo/media/catalog/product/cache/6fe0f40091d9883a4caf18d72ffe3621/_/8/_8888_3.png,625SW1M253,"COFFE CORNER ""STEPS"" القياسات: الطول:98*العرض:40سم",In stock
WOODEN PRODUCTS,"ستاند خشبي ""حربة""",7.0,https://e-shop.psd.gov.jo/625sw1m252.html,https://e-shop.psd.gov.jo/media/catalog/product/cache/6fe0f40091d9883a4caf18d72ffe3621/_/9/_90009888.png,625SW1M252,"ستاند خشبي ""حربة"" القياسات: الطول:60*العرض:40سم",In stock
WOODEN PRODUCTS,مجسم طائرة,5.0,https://e-shop.psd.gov.jo/625sw1m256.html,https://e-shop.psd.gov.jo/media/catalog/product/cache/6fe0f40091d9883a4caf18d72ffe3621/_/9/_9000000.png,625SW1M256,مجسم طائرة القياسات: الطول:37*العرض:90سم,Out of stock
WOODEN PRODUCTS,صينية خشب طقم,5.0,https://e-shop.psd.gov.jo/625sw1m1255.html,https://e-shop.psd.gov.jo/media/catalog/product/cache/6fe0f40091d9883a4caf18d72ffe3621/_/8/_8977.png,625SW1M1255,صينية خشب طقم القياسات: مختلف الأحجام,In stock
WOODEN PRODUCTS,تعليقة رف مستطيل,8.0,https://e-shop.psd.gov.jo/625jw4m0624.html,https://e-shop.psd.gov.jo/media/catalog/product/cache/6fe0f40091d9883a4caf18d72ffe3621/p/h/photo1700483910_1.jpeg,625JW4M0624,تعليقة رف مستطيل القياسات الطول 160سم,In stock
WOODEN PRODUCTS,تعليقة رف مثلث,8.0,https://e-shop.psd.gov.jo/625jw4m0625.html,https://e-shop.psd.gov.jo/media/catalog/product/cache/6fe0f40091d9883a4caf18d72ffe3621/6/2/625jw6m0361__2.png,625JW4M0625,تعليقة رف مثلث القياسات الطول:2م*العرض:70سم,In stock
WOODEN PRODUCTS,ستاند حافظات,7.0,https://e-shop.psd.gov.jo/625sw1m254.html,https://e-shop.psd.gov.jo/media/catalog/product/cache/6fe0f40091d9883a4caf18d72ffe3621/_/8/_887777_1.png,625SW1M254,ستاند حافظات القياسات: الطول:50*العرض:50سم,In stock
WOODEN PRODUCTS,سفينة خشبية وسط,8.0,https://e-shop.psd.gov.jo/625mw1m748.html,https://e-shop.psd.gov.jo/media/catalog/product/cache/6fe0f40091d9883a4caf18d72ffe3621/i/m/img_0135.jpg,625MW1M748,مجسم سفينة خشبي القياسات: الطول 80 سم * العرض 61 سم,In stock
WOODEN PRODUCTS,شمعدان خشبي (شجر),3.0,https://e-shop.psd.gov.jo/1mw4312000.html,https://e-shop.psd.gov.jo/media/catalog/product/cache/6fe0f40091d9883a4caf18d72ffe3621/i/m/img_0149.jpg,1MW4312000,شمعدان خشبي (شجر) القياسات : الطول 15 * العرض 15 سم,Out of stock
WOODEN PRODUCTS,شوبك خشب (مرق عجين),4.0,https://e-shop.psd.gov.jo/625mw6m1101.html,https://e-shop.psd.gov.jo/media/catalog/product/cache/6fe0f40091d9883a4caf18d72ffe3621/i/m/img_0151.jpg,625MW6M1101,شوبك خشب (مرق عجين) القياسات: الطول 15 سم * العرض 3 سم,In stock
WOODEN PRODUCTS,منظر مكتبي الأردن 1,4.0,https://e-shop.psd.gov.jo/625mw1m05664.html,https://e-shop.psd.gov.jo/media/catalog/product/cache/6fe0f40091d9883a4caf18d72ffe3621/i/m/img_0156.jpg,625MW1M05664,منظر مكتبي الأردن 1 القياسات: الطول 8 سم * العرض 7 سم,In stock
WOODEN PRODUCTS,منظر مكتبي مكة المكرمة,4.0,https://e-shop.psd.gov.jo/625mw1m05629.html,https://e-shop.psd.gov.jo/media/catalog/product/cache/6fe0f40091d9883a4caf18d72ffe3621/i/m/img_0158.jpg,625MW1M05629,منظر مكتبي مكة المكرمة القياسات: الطول 8 سم * العرض 14 سم,In stock
WOODEN PRODUCTS,خشبي(TABLE LAMP ),5.0,https://e-shop.psd.gov.jo/1mw5412000.html,https://e-shop.psd.gov.jo/media/catalog/product/cache/6fe0f40091d9883a4caf18d72ffe3621/i/m/img_0181.jpg,1MW5412000,TABLE LAMP خشبي القياسات: الطول 33 سم * العرض 4 سم,Out of stock
WOODEN PRODUCTS,مخمل TABLE LAMPطقم,15.0,https://e-shop.psd.gov.jo/625mw1l1350.html,https://e-shop.psd.gov.jo/media/catalog/product/cache/6fe0f40091d9883a4caf18d72ffe3621/i/m/img_0183.jpg,625MW1L1350,مخمل TABLE LAMPطقم القياسات: الطول 35 سم * العرض 13 سم,In stock
WOODEN PRODUCTS,فانوس خشب,4.0,https://e-shop.psd.gov.jo/625mw1m140.html,https://e-shop.psd.gov.jo/media/catalog/product/cache/6fe0f40091d9883a4caf18d72ffe3621/i/m/img_0514.jpg,625MW1M140,فانوس خشبي  طقم :القياسات محتلف الأحجام,In stock
WOODEN PRODUCTS,منظر مكتبي عشوائي,8.0,https://e-shop.psd.gov.jo/625mw1l0573.html,https://e-shop.psd.gov.jo/media/catalog/product/cache/6fe0f40091d9883a4caf18d72ffe3621/i/m/img_0525.jpg,625MW1L0573,منظر مكتبي عشوائي القياسات: الطول9سم*العرض6سم,In stock
WOODEN PRODUCTS,Vasaكبير مع وردة حمراء,20.0,https://e-shop.psd.gov.jo/1mw6416000.html,https://e-shop.psd.gov.jo/media/catalog/product/cache/6fe0f40091d9883a4caf18d72ffe3621/i/m/img_0536.jpg,1MW6416000,Vasaكبير مع وردة حمراء القياسات: الطول  18سم * القاعدة5سم,Out of stock
WOODEN PRODUCTS,صينية ضيافة خشب مع غطاء,8.0,https://e-shop.psd.gov.jo/625mw1m022.html,https://e-shop.psd.gov.jo/media/catalog/product/cache/6fe0f40091d9883a4caf18d72ffe3621/i/m/img_0539.jpg,625MW1M022,صينية ضيافة خشب مع غطاء القياسات: الطول  16سم * القاعدة12سم,Out of stock
WOODEN PRODUCTS,مجسم حصان بأجنحة أبيض,45.0,https://e-shop.psd.gov.jo/1mw7315000.html,https://e-shop.psd.gov.jo/media/catalog/product/cache/6fe0f40091d9883a4caf18d72ffe3621/i/m/img_0566.jpg,1MW7315000,مجسم حصان بأجنحة أبيض القياسات: الطول  25سم * العرض 9,Out of stock
WOODEN PRODUCTS,مجسم الأقصى خشب,35.0,https://e-shop.psd.gov.jo/625mw1l07.html,https://e-shop.psd.gov.jo/media/catalog/product/cache/6fe0f40091d9883a4caf18d72ffe3621/i/m/img_0577.jpg,625MW1L07,مجسم الأقصى خشبي القياسات: الطول  20سم * العرض18سم,In stock
WOODEN PRODUCTS,مجسم ملعب خشب,35.0,https://e-shop.psd.gov.jo/1mw7916000.html,https://e-shop.psd.gov.jo/media/catalog/product/cache/6fe0f40091d9883a4caf18d72ffe3621/i/m/img_0579.jpg,1MW7916000,1MW7916000 القياسات: الطول  15سم * العرض 26,Out of stock
WOODEN PRODUCTS,قماش بني مكون من (قطعتين) table lamp,15.0,https://e-shop.psd.gov.jo/1mw8111000.html,https://e-shop.psd.gov.jo/media/catalog/product/cache/6fe0f40091d9883a4caf18d72ffe3621/i/m/img_0587.jpg,1MW8111000,طقم table lamp قماش بني مكون من (قطعتين) القياسات: الطول  26سم * العرض 8,Out of stock
WOODEN PRODUCTS,طقم TABLE LAMP نجمة,15.0,https://e-shop.psd.gov.jo/625mw1l135.html,https://e-shop.psd.gov.jo/media/catalog/product/cache/6fe0f40091d9883a4caf18d72ffe3621/i/m/img_0592_2.jpg,625MW1L135,طقم table lamp خشب شكل نجمة(قطعتين) القياسات: الطول  23سم * العرض 12,In stock
WOODEN PRODUCTS,خمري خيشTable lamp طقم,15.0,https://e-shop.psd.gov.jo/1mw8411000.html,https://e-shop.psd.gov.jo/media/catalog/product/cache/6fe0f40091d9883a4caf18d72ffe3621/i/m/img_0595.jpg,1MW8411000,خمري خيشTable lamp طقم القياسات: الطول  30 * العرض 8سم,Out of stock
WOODEN PRODUCTS,منظر خشبي تعليق,5.0,https://e-shop.psd.gov.jo/625mw1m558.html,https://e-shop.psd.gov.jo/media/catalog/product/cache/6fe0f40091d9883a4caf18d72ffe3621/i/m/img_0609.jpg,625MW1M558,منظر خشبي تعليق القياسات: الطول  14سم * العرض14,In stock
WOODEN PRODUCTS,منظر مكتبي قلب الأم,4.0,https://e-shop.psd.gov.jo/625mw1m05620.html,https://e-shop.psd.gov.jo/media/catalog/product/cache/6fe0f40091d9883a4caf18d72ffe3621/i/m/img_0616.jpg,625MW1M05620,منظر مكتبي قلب الأم القياسات: الطول  13سم * العرض30,In stock
WOODEN PRODUCTS,منظر خشبي جذع شجرة(محمد رسول الله),3.0,https://e-shop.psd.gov.jo/1mw9311000.html,https://e-shop.psd.gov.jo/media/catalog/product/cache/6fe0f40091d9883a4caf18d72ffe3621/i/m/img_0618.jpg,1MW9311000,منظر خشبي جذع شجرة(محمد رسول الله) القياسات: الطول  5سم * العرض16,Out of stock
WOODEN PRODUCTS,منظر خشبي جذع شجرة(فسبح بحمد ربك),3.0,https://e-shop.psd.gov.jo/1mw10011000.html,https://e-shop.psd.gov.jo/media/catalog/product/cache/6fe0f40091d9883a4caf18d72ffe3621/i/m/img_0627.1_1.jpg,1MW10011000,منظر خشبي جذع شجرة(فسبح بحمد ربك) القياسات: الطول  14سم * العرض9,Out of stock
WOODEN PRODUCTS,منظر مكتبي من تواضع لله رفعه,4.0,https://e-shop.psd.gov.jo/625mw1m05639.html,https://e-shop.psd.gov.jo/media/catalog/product/cache/6fe0f40091d9883a4caf18d72ffe3621/i/m/img_0629.jpg,625MW1M05639,منظر مكتبي من تواضع لله رفعه القياسات: الطول  10سم * العرض7,In stock
WOODEN PRODUCTS,منظر الحمدالله مستطيل,4.0,https://e-shop.psd.gov.jo/625mw1m05642.html,https://e-shop.psd.gov.jo/media/catalog/product/cache/6fe0f40091d9883a4caf18d72ffe3621/i/m/img_0631.jpg,625MW1M05642,منظر الحمدالله مستطيل القياسات: الطول  7سم * العرض9,In stock
WOODEN PRODUCTS,منظر مكتبي قل هو الله أحد,4.0,https://e-shop.psd.gov.jo/625mw1m0567.html,https://e-shop.psd.gov.jo/media/catalog/product/cache/6fe0f40091d9883a4caf18d72ffe3621/i/m/img_0632.jpg,625MW1M0567,منظر مكتبي قل هو الله أحد القياسات: الطول  8سم * العرض10,In stock
WOODEN PRODUCTS,منظر خشبي مكتب (لا تقلق على الوطن),3.0,https://e-shop.psd.gov.jo/1mw10911000.html,https://e-shop.psd.gov.jo/media/catalog/product/cache/6fe0f40091d9883a4caf18d72ffe3621/i/m/img_0640.jpg,1MW10911000,منظر خشبي مكتب (لا تقلق على الوطن) القياسات: الطول  8سم * العرض8,Out of stock
WOODEN PRODUCTS,منظر مكتبي ألا بذكر الله,4.0,https://e-shop.psd.gov.jo/625mw1m05641.html,https://e-shop.psd.gov.jo/media/catalog/product/cache/6fe0f40091d9883a4caf18d72ffe3621/i/m/img_0639.jpg,625MW1M05641,منظر مكتبي ألا بذكر الله القياسات: الطول  10سم * العرض7,In stock
WOODEN PRODUCTS,منظر خشبي مكتبي مسجد,3.0,https://e-shop.psd.gov.jo/1mw11211000.html,https://e-shop.psd.gov.jo/media/catalog/product/cache/6fe0f40091d9883a4caf18d72ffe3621/i/m/img_0643.jpg,1MW11211000,منظر خشبي مكتبي مسجد القيسات: الطول  9سم * العرض8,Out of stock
WOODEN PRODUCTS,منظر خشبي فيروز(كبر البحر),3.0,https://e-shop.psd.gov.jo/1mw11411000.html,https://e-shop.psd.gov.jo/media/catalog/product/cache/6fe0f40091d9883a4caf18d72ffe3621/i/m/img_0647.jpg,1MW11411000,منظر خشبي فيروز(كبر البحر) القياسات: الطول  10سم * العرض7,Out of stock
WOODEN PRODUCTS,منظر خشبي (Tweety),9.0,https://e-shop.psd.gov.jo/625sw1m127.html,https://e-shop.psd.gov.jo/media/catalog/product/cache/6fe0f40091d9883a4caf18d72ffe3621/i/m/img__85_.jpg,625SW1M127,منظر خشبي (Tweety) القياسات: الطول 47سم* العرض 27,In stock
WOODEN PRODUCTS,منظر خشبي (Mickey mouse),9.0,https://e-shop.psd.gov.jo/625sw1m126.html,https://e-shop.psd.gov.jo/media/catalog/product/cache/6fe0f40091d9883a4caf18d72ffe3621/i/m/img__87_.jpg,625SW1M126,منظر خشبي (Mickey mouse) القياسات: الطول 47سم* العرض 27,In stock
WOODEN PRODUCTS,مضيفة ورق شجر (ذهبي),5.0,https://e-shop.psd.gov.jo/625sw1m814.html,https://e-shop.psd.gov.jo/media/catalog/product/cache/6fe0f40091d9883a4caf18d72ffe3621/i/m/img__101_.jpg,625SW1M814,مضيفة ورق شجر (ذهبي) القياسات: الطول 34 سم* الارتفاع 20 سم,In stock
WOODEN PRODUCTS,مضيفة ورق شجر (فضي),7.0,https://e-shop.psd.gov.jo/625sw1m1017.html,https://e-shop.psd.gov.jo/media/catalog/product/cache/6fe0f40091d9883a4caf18d72ffe3621/i/m/img__97_.jpg,625SW1M1017,مضيفة ورق شجر (فضي) القياسات: الطول 34 سم* الارتفاع 20 سم,In stock
WOODEN PRODUCTS,مضيفة ورق شجر (نحاسي),7.0,https://e-shop.psd.gov.jo/625sw1m115.html,https://e-shop.psd.gov.jo/media/catalog/product/cache/6fe0f40091d9883a4caf18d72ffe3621/i/m/img__99_.jpg,625SW1M115,مضيفة ورق شجر (نحاسي) القياسات: الطول 34 سم* الارتفاع 20 سم,In stock
WOODEN PRODUCTS,لوحة خشبية( من أعرض عن ذكري ),5.0,https://e-shop.psd.gov.jo/625sw1l159.html,https://e-shop.psd.gov.jo/media/catalog/product/cache/6fe0f40091d9883a4caf18d72ffe3621/i/m/img__120_.jpg,625SW1L159,لوحة خشبية( من أعرض عن ذكري ) القياسات: الطول 40 سم* العرض 40 سم,In stock
WOODEN PRODUCTS,منظر خشبي (كل الحب) مكتبي,5.0,https://e-shop.psd.gov.jo/1sw1711000.html,https://e-shop.psd.gov.jo/media/catalog/product/cache/6fe0f40091d9883a4caf18d72ffe3621/i/m/img__128_.jpg,1SW1711000,منظر خشبي (كل الحب) مكتبي القياسات: الطول 24 سم*  العرض18,Out of stock
WOODEN PRODUCTS,لوحة مكتب خشب (جمل),25.0,https://e-shop.psd.gov.jo/625sw1m157.html,https://e-shop.psd.gov.jo/media/catalog/product/cache/6fe0f40091d9883a4caf18d72ffe3621/i/m/img__123_.jpg,625SW1M157,لوحة مكتب خشب (جمل) القياسات: الطول 30 سم* العرض 25 سم,In stock
WOODEN PRODUCTS,منظر  مكتبي  (قلب أحمر),5.0,https://e-shop.psd.gov.jo/625sw1m19.html,https://e-shop.psd.gov.jo/media/catalog/product/cache/6fe0f40091d9883a4caf18d72ffe3621/i/m/img__130_.jpg,625SW1M19,منظر  مكتبي  (قلب أحمر) القياسات: الطول 20 سم*10سم,In stock
WOODEN PRODUCTS,صينية ضيافة بني  بقلب عسلي,8.0,https://e-shop.psd.gov.jo/1sw4113000.html,https://e-shop.psd.gov.jo/media/catalog/product/cache/6fe0f40091d9883a4caf18d72ffe3621/i/m/img__144_.jpg,1SW4113000,صينية ضيافة بني  بقلب عسلي القياسات: الطول 53 سم* القاعدة 25 سم,Out of stock
WOODEN PRODUCTS,مجسم (هرم),20.0,https://e-shop.psd.gov.jo/625sw1l536.html,https://e-shop.psd.gov.jo/media/catalog/product/cache/6fe0f40091d9883a4caf18d72ffe3621/i/m/img__29_.jpg,625SW1L536,مجسم (هرم) القياسات الطول 70 سم* القاعدة 44 سم,In stock
WOODEN PRODUCTS,صندوق خشبي بني غامق,35.0,https://e-shop.psd.gov.jo/625sw1l131.html,https://e-shop.psd.gov.jo/media/catalog/product/cache/6fe0f40091d9883a4caf18d72ffe3621/i/m/img__161_.jpg,625SW1L131,صندوق خشبي بني غامق القياسات الطول 62 سم* ارتفاع 73 سم,In stock
WOODEN PRODUCTS,منظر جرافة كبير لون أصفر وأسود+ شاحنة كبيرة (طقم),40.0,https://e-shop.psd.gov.jo/1sw4619000.html,https://e-shop.psd.gov.jo/media/catalog/product/cache/6fe0f40091d9883a4caf18d72ffe3621/f/i/file_2.jpg,1SW4619000,منظر جرافة كبير لون أصفر وأسود+ شاحنة كبيرة (طقم) القياسات: مختلف الأحجام,Out of stock
WOODEN PRODUCTS,صحن فواكة بني كبير,15.0,https://e-shop.psd.gov.jo/1sw4811000.html,https://e-shop.psd.gov.jo/media/catalog/product/cache/6fe0f40091d9883a4caf18d72ffe3621/i/m/img__22_.jpg,1SW4811000,صحن فواكة بني كبير القياسات الطول 90 سم* القاعدة 50 سم,Out of stock
WOODEN PRODUCTS,سفينة خشبية  (بني غامق),15.0,https://e-shop.psd.gov.jo/625sw1m141.html,https://e-shop.psd.gov.jo/media/catalog/product/cache/6fe0f40091d9883a4caf18d72ffe3621/i/m/img__20_.jpg,625SW1M141,سفينة خشبية  (بني غامق) القياسات الطول 60 سم* العرض 62 سم,Out of stock
WOODEN PRODUCTS,صندوق خشبي وسط,20.0,https://e-shop.psd.gov.jo/625sw1m132.html,https://e-shop.psd.gov.jo/media/catalog/product/cache/6fe0f40091d9883a4caf18d72ffe3621/i/m/img__157__1.jpg,625SW1M132,صندوق خشبي وسط القياسات الطول 36 سم* العرض 30 سم,In stock
WOODEN PRODUCTS,صندوق خشبي صغير,15.0,https://e-shop.psd.gov.jo/625sw1m133.html,https://e-shop.psd.gov.jo/media/catalog/product/cache/6fe0f40091d9883a4caf18d72ffe3621/i/m/img__156__1.jpg,625SW1M133,صندوق خشبي صغير القياسات الطول 26 سم* العرض 17 سم,In stock
WOODEN PRODUCTS,مضيفة  خشب قلوب  دائري,8.0,https://e-shop.psd.gov.jo/625sw1m124.html,https://e-shop.psd.gov.jo/media/catalog/product/cache/6fe0f40091d9883a4caf18d72ffe3621/i/m/img__40_.jpg,625SW1M124,مضيفة  خشب قلوب  دائري القياسات العرض 32 سم* الارتفاع 12 سم,In stock
WOODEN PRODUCTS,لوحة خشبية (إن مع العسر يسرا ),10.0,https://e-shop.psd.gov.jo/652sw1l163.html,https://e-shop.psd.gov.jo/media/catalog/product/cache/6fe0f40091d9883a4caf18d72ffe3621/i/m/img__168_.jpg,652SW1L163,وحة خشبية (إن مع العسر يسرا ) القياسات الطول 55 سم* العرض 43 سم,In stock
WOODEN PRODUCTS,لوحة خشبية (الكرسي),10.0,https://e-shop.psd.gov.jo/1sw5611000.html,https://e-shop.psd.gov.jo/media/catalog/product/cache/6fe0f40091d9883a4caf18d72ffe3621/f/i/file_4.jpg,1SW5611000,لوحة خشبية (الكرسي) القياسات الطول 1.44 سم* العرض 93 سم,Out of stock
WOODEN PRODUCTS,برواز سفينة ثلاثي الأبعاد,3.0,https://e-shop.psd.gov.jo/625sw1m128.html,https://e-shop.psd.gov.jo/media/catalog/product/cache/6fe0f40091d9883a4caf18d72ffe3621/i/m/img__32__1.jpg,625SW1M128,برواز سفينة ثلاثي الأبعاد القياسات: الطول 37*37,In stock
WOODEN PRODUCTS,حافظة خبز,5.0,https://e-shop.psd.gov.jo/625sw1m123.html,https://e-shop.psd.gov.jo/media/catalog/product/cache/6fe0f40091d9883a4caf18d72ffe3621/i/m/img__75__1.jpg,625SW1M123,حافظة خبز القياسات: الطول60*العرض12سم,In stock
WOODEN PRODUCTS,صندوق ضيافة (منقط ذهبي),5.0,https://e-shop.psd.gov.jo/625sw1m825.html,https://e-shop.psd.gov.jo/media/catalog/product/cache/6fe0f40091d9883a4caf18d72ffe3621/i/m/img__51__1.jpg,625SW1M825,صندوق ضيافة (منقط ذهبي) القياسات: الارتفاع 14 * القاعدة 37,In stock
WOODEN PRODUCTS,حمالة هاتف خشبي,2.0,https://e-shop.psd.gov.jo/1sw841000.html,https://e-shop.psd.gov.jo/media/catalog/product/cache/6fe0f40091d9883a4caf18d72ffe3621/i/m/img__41__1.jpg,1SW841000,حمالة هاتف خشبي القياسات: الطول 21 * 12,In stock
WOODEN PRODUCTS,(سيف (ذهبي,4.0,https://e-shop.psd.gov.jo/625sw1l820.html,https://e-shop.psd.gov.jo/media/catalog/product/cache/6fe0f40091d9883a4caf18d72ffe3621/i/m/img__82__1.jpg,625SW1L820,سيف ذهبي القياسات: الطول 1.4,Out of stock
WOODEN PRODUCTS,سيف فضي,4.0,https://e-shop.psd.gov.jo/625sw1m1029.html,https://e-shop.psd.gov.jo/media/catalog/product/cache/6fe0f40091d9883a4caf18d72ffe3621/i/m/img__84__1.jpg,625SW1M1029,سيف فضي القياسات: الطول 80 سم,In stock
WOODEN PRODUCTS,Love مجسم خشبي,3.0,https://e-shop.psd.gov.jo/1sw8812000.html,https://e-shop.psd.gov.jo/media/catalog/product/cache/6fe0f40091d9883a4caf18d72ffe3621/i/m/img__29__1.jpg,1SW8812000,Love مجسم خشبي القياسات: الطول 17 * 31 سم,Out of stock
WOODEN PRODUCTS,حمالة مصحف أرضي,3.0,https://e-shop.psd.gov.jo/mo12.html,https://e-shop.psd.gov.jo/media/catalog/product/cache/6fe0f40091d9883a4caf18d72ffe3621/1/_/1_26.jpg,MO1201010002,قطعة خشبية لون بني غامق صنع يدوي خشب( إم دي إف ) 30سم×30سم,Out of stock
WOODEN PRODUCTS,طقم طربيزات أحجام مختلفة (لوكانز)عدد 3,35.0,https://e-shop.psd.gov.jo/mo17.html,https://e-shop.psd.gov.jo/media/catalog/product/cache/6fe0f40091d9883a4caf18d72ffe3621/1/_/1_32.jpg,MO1701010002,طقم طربيزات خشب زان لون بني غامق صنع يدوي  أحجام مختلفة 75سم×40سم,Out of stock
METAL PRODUCTS,تعليقة علم الأردن,3.0,https://e-shop.psd.gov.jo/625jw4m0671.html,https://e-shop.psd.gov.jo/media/catalog/product/cache/6fe0f40091d9883a4caf18d72ffe3621/p/h/photo_2024-09-02_11-15-49_1.jpg,625JW4M0671,تعليقة علم الأردن القياسات: الطول:10 سم,In stock
METAL PRODUCTS,منقل 2026,5.0,https://e-shop.psd.gov.jo/625sws509.html,https://e-shop.psd.gov.jo/media/catalog/product/cache/6fe0f40091d9883a4caf18d72ffe3621/6/2/625mw6m1198_lllllllloooo_1_1.png,625SWS509,منقل 2026 القياسات: الطول:20*العرض:73سم,In stock
METAL PRODUCTS,منقل 2026,5.0,https://e-shop.psd.gov.jo/625mw6m12043.html,https://e-shop.psd.gov.jo/media/catalog/product/cache/6fe0f40091d9883a4caf18d72ffe3621/p/h/photoroom-____7_7_1_1_1.png,625MW6M12043,منقل 2026 القياسات: الطول:8*العرض:25سم,In stock
METAL PRODUCTS,مبخرة حديد كبير 2025/9,4.0,https://e-shop.psd.gov.jo/625mw6m1114.html,https://e-shop.psd.gov.jo/media/catalog/product/cache/6fe0f40091d9883a4caf18d72ffe3621/_/6/_6165543332988000000000.png,625MW6M1114,مبخرة حديد كبير 2025/9 القياسات: الطول:16*العرض:12سم,In stock
METAL PRODUCTS,خيش TABLE LAMP طقم,13.0,https://e-shop.psd.gov.jo/625mw5m1036.html,https://e-shop.psd.gov.jo/media/catalog/product/cache/6fe0f40091d9883a4caf18d72ffe3621/6/2/625mw5m1036_.png,625MW5M1036,طقم TABLE LAMP خيش القياسات: طقم 3 قطع مختلف الأحجام,In stock
METAL PRODUCTS,مبخرة حديد,4.0,https://e-shop.psd.gov.jo/625mw5m117.html,https://e-shop.psd.gov.jo/media/catalog/product/cache/6fe0f40091d9883a4caf18d72ffe3621/p/h/photoroom-____4_1.png,625MW5M117,مبخرة حديد القياسات: الطول 19*العرض16,In stock
METAL PRODUCTS,أساور (لؤلؤ),1.0,https://e-shop.psd.gov.jo/625jw6s095.html,https://e-shop.psd.gov.jo/media/catalog/product/cache/6fe0f40091d9883a4caf18d72ffe3621/p/h/photoroom-____4_2_2.png,625JW6S095,أساور (لؤلؤ) القياسات القطر:8 سم,In stock
METAL PRODUCTS,منقل دلة حديد لون ذهبي,30.0,https://e-shop.psd.gov.jo/2sw4463000.html,https://e-shop.psd.gov.jo/media/catalog/product/cache/6fe0f40091d9883a4caf18d72ffe3621/i/m/img__16_.jpg,2SW4463000,منقل دلة حديد لون ذهبي القياسات: الطول85*العرض55*الارتفاع17سم,Out of stock
METAL PRODUCTS,مبخرة حديد +خشب,8.0,https://e-shop.psd.gov.jo/625mw1m115.html,https://e-shop.psd.gov.jo/media/catalog/product/cache/6fe0f40091d9883a4caf18d72ffe3621/p/h/photo1700483912_1__1.jpeg,625MW1M115,مبخرة حديد +خشب القياسات: القاعدة20سم*الإرتفاع39سم,In stock
METAL PRODUCTS,مبخرة حديد +خشب صغير,4.0,https://e-shop.psd.gov.jo/625mw1m116.html,https://e-shop.psd.gov.jo/media/catalog/product/cache/6fe0f40091d9883a4caf18d72ffe3621/p/h/photo1700483912_1_.jpeg,625MW1M116,مبخرة حديد و خشب (وسط) القياسات: القاعدة 20 سم الارتفاع : 41سم,In stock
TEXTILES,حقيبة أطفال مخمل,8.0,https://e-shop.psd.gov.jo/625jw4m0681.html,https://e-shop.psd.gov.jo/media/catalog/product/cache/6fe0f40091d9883a4caf18d72ffe3621/_/8/_899.png,625JW4M0681,حقيبة أطفال مخمل القياسات: الطول:39*العرض:33سم,In stock
TEXTILES,حقيبة جينز دائري,10.0,https://e-shop.psd.gov.jo/625jw4m0680.html,https://e-shop.psd.gov.jo/media/catalog/product/cache/6fe0f40091d9883a4caf18d72ffe3621/_/7/_78992.png,625JW4M0680,حقيبة جينز دائري القياسات: الطول:50*العرض:37سم,In stock
TEXTILES,TOTE BAG printed,5.0,https://e-shop.psd.gov.jo/625ordjw100.html,https://e-shop.psd.gov.jo/media/catalog/product/cache/6fe0f40091d9883a4caf18d72ffe3621/_/9/_9999999999.png,625ORDJW100,TOTE BAG printed القياسات: الطول:42*العرض:38سم,In stock
TEXTILES,TOTE BAG (heritage),7.0,https://e-shop.psd.gov.jo/625jw4m0678.html,https://e-shop.psd.gov.jo/media/catalog/product/cache/6fe0f40091d9883a4caf18d72ffe3621/_/9/_9000000000000.png,625JW4M0678,TOTE BAG (heritage) القياسات: الطول:42*العرض:38سم,In stock
TEXTILES,شماغ تطريز تراثي,18.0,https://e-shop.psd.gov.jo/625jw4m0677.html,https://e-shop.psd.gov.jo/media/catalog/product/cache/6fe0f40091d9883a4caf18d72ffe3621/_/8/_89090.png,625JW4M0677,شماغ تطريز تراثي القياسات: الطول: 1.18سم*العرض:1.18سم,Out of stock
TEXTILES,حقيبة تطريز يدوي,6.0,https://e-shop.psd.gov.jo/625jw4m0223.html,https://e-shop.psd.gov.jo/media/catalog/product/cache/6fe0f40091d9883a4caf18d72ffe3621/1/0/1000031465.jpg,625JW4M0223,حقيبة تطريز يدوي القياسات: الطول42*عرض39سم,In stock
TEXTILES,(أساور خيط (أسود,1.0,https://e-shop.psd.gov.jo/625jw4s289.html,https://e-shop.psd.gov.jo/media/catalog/product/cache/6fe0f40091d9883a4caf18d72ffe3621/1/0/1000031492.jpg,625JW4S289,(أساور خيط (أسود القياسات: الطول 10سم,In stock
TEXTILES,شال كتف صوف ملون,15.0,https://e-shop.psd.gov.jo/2jw21256000.html,https://e-shop.psd.gov.jo/media/catalog/product/cache/6fe0f40091d9883a4caf18d72ffe3621/1/0/1000031588_1_.jpg,2JW21256000,شال كتف صوف ملون القياسات: الطول 96*عرض121سم,Out of stock
TEXTILES,كوت و حقيبة( مخمل),15.0,https://e-shop.psd.gov.jo/625jw4m080.html,https://e-shop.psd.gov.jo/media/catalog/product/cache/6fe0f40091d9883a4caf18d72ffe3621/1/0/1000038060.jpg,625JW4M080,كوت و حقيبة( مخمل) القياسات: طول الشنتة 41*العرض44 سم طول الكوت:64*العرض34سم,In stock
TEXTILES,سجادة تطريز عسلي,34.0,https://e-shop.psd.gov.jo/625jw4m0639.html,https://e-shop.psd.gov.jo/media/catalog/product/cache/6fe0f40091d9883a4caf18d72ffe3621/1/0/1000038048.jpg,625JW4M0639,سجادة تطريز عسلي القياسات: الطول 96*عرض96سم,Out of stock
TEXTILES,مفرش بيج خيط( كلم),17.0,https://e-shop.psd.gov.jo/625jw4m557.html,https://e-shop.psd.gov.jo/media/catalog/product/cache/6fe0f40091d9883a4caf18d72ffe3621/1/0/1000038042.jpg,625JW4M557,مفرش بيج خيط( كلم) القياسات: طول 121*عرض40سم,In stock
TEXTILES,حقيبة hand صغير,1.0,https://e-shop.psd.gov.jo/625zq70103.html,https://e-shop.psd.gov.jo/media/catalog/product/cache/6fe0f40091d9883a4caf18d72ffe3621/2/_/2_1.png,625ZQ70103,حقيبة يد كتان صغيرة القياسات: الطول:14*العرض:21سم,In stock
TEXTILES,كوت أطفال (أزرق وسكني),20.0,https://e-shop.psd.gov.jo/625jw4m44.html,https://e-shop.psd.gov.jo/media/catalog/product/cache/6fe0f40091d9883a4caf18d72ffe3621/i/m/img_6682_1_1__1.jpg,625JW4M44,كوت أطفال (أزرق وسكني) ال قياسات: الفرشة 70 سم طول الحرام 1.00سم,In stock
TEXTILES,لفحة صوف (ملونة),7.0,https://e-shop.psd.gov.jo/625jw4m0115.html,https://e-shop.psd.gov.jo/media/catalog/product/cache/6fe0f40091d9883a4caf18d72ffe3621/m/s/msg-758203462-5016.jpg,625JW4M0115,لفحة صوف (ملونة) القياسات: طول190*عرض32سم,In stock
TEXTILES,حرام صوف ملون,12.0,https://e-shop.psd.gov.jo/625jw4m0296.html,https://e-shop.psd.gov.jo/media/catalog/product/cache/6fe0f40091d9883a4caf18d72ffe3621/m/s/msg-758203462-5009.jpg,625JW4M0296,حرام صوف ملون القياسات: طول106*عرض92سم,In stock
TEXTILES,شال كتف أسود,18.0,https://e-shop.psd.gov.jo/625jw4m2118.html,https://e-shop.psd.gov.jo/media/catalog/product/cache/6fe0f40091d9883a4caf18d72ffe3621/m/s/msg-758203462-5005.jpg,625JW4M2118,شال كتف أسود القياسات: طول104*عرض192سم,In stock
TEXTILES,حقيبة  أسود وسكني (خرز أحمر),7.0,https://e-shop.psd.gov.jo/625jw4m0216.html,https://e-shop.psd.gov.jo/media/catalog/product/cache/6fe0f40091d9883a4caf18d72ffe3621/m/s/msg-758203462-4915.jpg,625JW4M0216,حقيبة  أسود وسكني (خرز أحمر) القياسات: طول46*عرض24سم,In stock
TEXTILES,حقيبة (عسلي وبيج),5.0,https://e-shop.psd.gov.jo/625jw4m7226.html,https://e-shop.psd.gov.jo/media/catalog/product/cache/6fe0f40091d9883a4caf18d72ffe3621/m/s/msg-758203462-4911.jpg,625JW4M7226,شنطة عسلي وبيج القياسات: طول26*عرض26سم,Out of stock
TEXTILES,فستان صوف تركواز وسكني مع لفحة,6.0,https://e-shop.psd.gov.jo/1jw24458000.html,https://e-shop.psd.gov.jo/media/catalog/product/cache/6fe0f40091d9883a4caf18d72ffe3621/m/s/msg-758203462-4993.jpg,1JW24458000,فستان صوف تركواز وسكني مع لفحة القياسات: طول47*عرض22سم,Out of stock
TEXTILES,فستان صوف (زهري +جاكيت),7.0,https://e-shop.psd.gov.jo/625jw4m0203.html,https://e-shop.psd.gov.jo/media/catalog/product/cache/6fe0f40091d9883a4caf18d72ffe3621/m/s/msg-758203462-4995.jpg,625JW4M0203,فستان صوف (زهري +جاكيت) القياسات: طول التنورة:22*العرض 27سم طول الجاكيت:26*العرض30سم,In stock
TEXTILES,طقم تنورة وجاكيت (زهري وكحلي ),7.0,https://e-shop.psd.gov.jo/625jw6m01143.html,https://e-shop.psd.gov.jo/media/catalog/product/cache/6fe0f40091d9883a4caf18d72ffe3621/m/s/msg-758203462-5002.jpg,625JW6M01143,طقم تنورة وجاكيت (زهري وكحلي ) القياسات: طول الفستان:40*عرض30سم طول الجاكيت25*عرض27سم,In stock
TEXTILES,حقيبة مكياج جينز,7.0,https://e-shop.psd.gov.jo/625jw4m4218.html,https://e-shop.psd.gov.jo/media/catalog/product/cache/6fe0f40091d9883a4caf18d72ffe3621/m/s/msg-758203462-5038.jpg,625JW4M4218,شنطة مكياج جينز القياسات: طول23*عرض29سم,In stock
TEXTILES,صندوق مخمل أخضر,3.0,https://e-shop.psd.gov.jo/1jw252510000.html,https://e-shop.psd.gov.jo/media/catalog/product/cache/6fe0f40091d9883a4caf18d72ffe3621/m/s/msg-758203462-4955.jpg,1JW252510000,صندوق مخمل أخضر القياسات: طول35*عرض35سم,Out of stock
TEXTILES,عباءة جورجيت أ(خضر ),23.0,https://e-shop.psd.gov.jo/625jw4m0265.html,https://e-shop.psd.gov.jo/media/catalog/product/cache/6fe0f40091d9883a4caf18d72ffe3621/m/s/msg-758203462-4978.jpg,625JW4M0265,عباءة جورجيت أ(خضر ) القياسات: طول143*عرض75سم,Out of stock
TEXTILES,عباية شيفون أحمر,33.0,https://e-shop.psd.gov.jo/1jw26556000.html,https://e-shop.psd.gov.jo/media/catalog/product/cache/6fe0f40091d9883a4caf18d72ffe3621/p/h/photoroom-____18.png,1JW26556000,عباية شيفون أحمر القياسات طول133*عرض50سم,Out of stock
TEXTILES,طقم كروشيه (برتقالي وبيج),16.0,https://e-shop.psd.gov.jo/625jw6m0303.html,https://e-shop.psd.gov.jo/media/catalog/product/cache/6fe0f40091d9883a4caf18d72ffe3621/p/h/photoroom-____19.png,625JW6M0303,طقم كروشيه (برتقالي وبيج) القياسات: مختلف الأحجام( كبير وسط صغير),In stock
TEXTILES,طقم كروشيه (أزرق وأبيض ),15.0,https://e-shop.psd.gov.jo/625jw4m4237.html,https://e-shop.psd.gov.jo/media/catalog/product/cache/6fe0f40091d9883a4caf18d72ffe3621/_/2/_2.jpg,625JW4M4237,طقم كروشيه (أزرق وأبيض ) القياسات: مختلف الأحجام( كبير وسط صغير),Out of stock
TEXTILES,نجمة وهلال (بيج),19.0,https://e-shop.psd.gov.jo/625jw4m5236.html,https://e-shop.psd.gov.jo/media/catalog/product/cache/6fe0f40091d9883a4caf18d72ffe3621/i/m/img-20240324-wa0001.jpg,625JW4M5236,نجمة وهلال (بيج) القياسات: الطول142,In stock
TEXTILES,طقم دائري كروشيه( 3 قطع),19.0,https://e-shop.psd.gov.jo/625jw4m062.html,https://e-shop.psd.gov.jo/media/catalog/product/cache/6fe0f40091d9883a4caf18d72ffe3621/p/h/photoroom-____22.png,625JW4M062,طقم دائري كروشيه( 3 قطع) القياسات: مختلف الأحجام( كبير وسط صغير),In stock
TEXTILES,طاولة مع قرن Runner,15.0,https://e-shop.psd.gov.jo/1jw27256000.html,https://e-shop.psd.gov.jo/media/catalog/product/cache/6fe0f40091d9883a4caf18d72ffe3621/p/h/photoroom-____30.png,1JW27256000,طاولة مع قرن Runner القياسات: طول137*عرض47سم,Out of stock
TEXTILES,طقم قرن تطريز (أخضر ),8.0,https://e-shop.psd.gov.jo/625jw4m9122.html,https://e-shop.psd.gov.jo/media/catalog/product/cache/6fe0f40091d9883a4caf18d72ffe3621/p/h/photoroom-____10.png,625JW4M9122,طقم قرن تطريز (أخضر ) القياسات: طول50*عرض50سم,In stock
TEXTILES,شال كتف صوف (بيج),18.0,https://e-shop.psd.gov.jo/625jw4m5116.html,https://e-shop.psd.gov.jo/media/catalog/product/cache/6fe0f40091d9883a4caf18d72ffe3621/p/h/photoroom-____26_1.png,625JW4M5116,شال كتف صوف بيج القياسات: طول200*عرض93سم,In stock
TEXTILES,لفحة أسود,9.0,https://e-shop.psd.gov.jo/625jw4m2117.html,https://e-shop.psd.gov.jo/media/catalog/product/cache/6fe0f40091d9883a4caf18d72ffe3621/p/h/photoroom-___.png,625JW4M2117,لفحة أسود القياسات: طول200*عرض10سم,In stock
TEXTILES,جاكيت خمري,12.0,https://e-shop.psd.gov.jo/625jw6m0145.html,https://e-shop.psd.gov.jo/media/catalog/product/cache/6fe0f40091d9883a4caf18d72ffe3621/p/h/photoroom-____13.png,625JW6M0145,جاكيت خمري القياسات: طول45*عرض30سم,In stock
TEXTILES,طقم صوف (سكني وأسود 4 قطع),14.0,https://e-shop.psd.gov.jo/625jw6m0144.html,https://e-shop.psd.gov.jo/media/catalog/product/cache/6fe0f40091d9883a4caf18d72ffe3621/p/h/photoroom-____16_6_1.png,625JW6M0144,طقم صوف (سكني وأسود 4 قطع) القياسات: طول الأفرهول:46*عرض28سم طول الجاكيت:30*عرض28سم,In stock
TEXTILES,حقيبة كتان متوسطة,2.0,https://e-shop.psd.gov.jo/625zq4m25.html,https://e-shop.psd.gov.jo/media/catalog/product/cache/6fe0f40091d9883a4caf18d72ffe3621/p/h/photo_2024-05-13_14-24-12.jpg,625ZQ4M25,القياسات: الطول 20*العرض28سم,Out of stock
TEXTILES,تراثيRunnerطقم,17.0,https://e-shop.psd.gov.jo/1jw296511000.html,https://e-shop.psd.gov.jo/media/catalog/product/cache/6fe0f40091d9883a4caf18d72ffe3621/-/_/-_-_.png,1JW296511000,تراثيRunnerطقم القياسات: طول187*عرض50سم,Out of stock
TEXTILES,شنتة حلقات,23.0,https://e-shop.psd.gov.jo/1jw29853000.html,https://e-shop.psd.gov.jo/media/catalog/product/cache/6fe0f40091d9883a4caf18d72ffe3621/5/4/544444.png,1JW29853000,شنتة حلقات القياسات: طول35*عرض 19سم,Out of stock
TEXTILES,حقيبة  أطفال (مخمل),6.0,https://e-shop.psd.gov.jo/625jw4m449.html,https://e-shop.psd.gov.jo/media/catalog/product/cache/6fe0f40091d9883a4caf18d72ffe3621/8/7/878788.png,625JW4M449,حقيبة  أطفال (مخمل) القياسات: طول34*عرض 32سم,In stock
TEXTILES,لفحة (صوف),6.0,https://e-shop.psd.gov.jo/625jw4m0111.html,https://e-shop.psd.gov.jo/media/catalog/product/cache/6fe0f40091d9883a4caf18d72ffe3621/1/0/10101019.png,625JW4M0111,لفحة (صوف) القياسات: طول:2م,In stock
TEXTILES,عباءة جورجيت أبيض,35.0,https://e-shop.psd.gov.jo/1jw30755000.html,https://e-shop.psd.gov.jo/media/catalog/product/cache/6fe0f40091d9883a4caf18d72ffe3621/p/h/photoroom-____50_3.png,1JW30755000,عباءة جورجيت أبيض القياسات: طول142*عرض63سم,Out of stock
TEXTILES,طقم (كورنيش),6.0,https://e-shop.psd.gov.jo/625jw4m0101.html,https://e-shop.psd.gov.jo/media/catalog/product/cache/6fe0f40091d9883a4caf18d72ffe3621/1/j/1jw30956000.png,625JW4M0101,طقم (كورنيش) القياسات: طول32*عرض32سم,In stock
TEXTILES,(Runner) طقم خيش أخضر,24.0,https://e-shop.psd.gov.jo/625jw4m9107.html,https://e-shop.psd.gov.jo/media/catalog/product/cache/6fe0f40091d9883a4caf18d72ffe3621/p/h/photoroom-____25_1_1.png,625JW4M9107,طقم (Runner) خيش أخضر القياسات: طول 2م*50سم,Out of stock
TEXTILES,دمية (صوف),4.0,https://e-shop.psd.gov.jo/625jw4m0109.html,https://e-shop.psd.gov.jo/media/catalog/product/cache/6fe0f40091d9883a4caf18d72ffe3621/1/2/123.png,625JW4M0109,دمية (صوف) القياسات: طول32*عرض32سم,In stock
TEXTILES,عباءة شيفون (أخضر),33.0,https://e-shop.psd.gov.jo/625jw4m9176.html,https://e-shop.psd.gov.jo/media/catalog/product/cache/6fe0f40091d9883a4caf18d72ffe3621/p/h/photo_2024-05-30_08-22-26.jpg,625JW4M9176,عباءة شيفون (أخضر) القياسات: طول142*عرض63سم,In stock
TEXTILES,عباءة شيفون (نهدي ),34.0,https://e-shop.psd.gov.jo/625jw4m0179.html,https://e-shop.psd.gov.jo/media/catalog/product/cache/6fe0f40091d9883a4caf18d72ffe3621/p/h/photo_2024-05-30_08-23-02.jpg,625JW4M0179,عباءة شيفون (نهدي ) القياسات: طول142*عرض63سم,In stock
TEXTILES,حقيبة (Make up) قماش,2.0,https://e-shop.psd.gov.jo/625jw4m0133.html,https://e-shop.psd.gov.jo/media/catalog/product/cache/6fe0f40091d9883a4caf18d72ffe3621/p/h/photo_2024-05-30_08-22-37.jpg,625JW4M0133,حقيبة مكياج القياسات: الطول 15 * العرض 25سم,Out of stock
TEXTILES,طقم قرن مخمل (أزرق ),10.0,https://e-shop.psd.gov.jo/625jw4m4124.html,https://e-shop.psd.gov.jo/media/catalog/product/cache/6fe0f40091d9883a4caf18d72ffe3621/p/h/photo_2024-05-30_08-23-45.jpg,625JW4M4124,طقم قرن مخمل (أزرق ) القياسات: طول32*عرض32سم,In stock
TEXTILES,حقيبة كتان (أخضر),6.0,https://e-shop.psd.gov.jo/625jw4m913.html,https://e-shop.psd.gov.jo/media/catalog/product/cache/6fe0f40091d9883a4caf18d72ffe3621/p/h/photoroom-____27_1_1.png,625JW4M913,حقيبة كتان (أخضر) القياسات الطول49*العرض40سم,Out of stock
TEXTILES,حقيبة (أسود وبيج ),10.0,https://e-shop.psd.gov.jo/625jw4m0214.html,https://e-shop.psd.gov.jo/media/catalog/product/cache/6fe0f40091d9883a4caf18d72ffe3621/p/h/photoroom-____38_3.png,625JW4M0214,حقيبة (أسود وبيج ) القياسات الطول25*العرض23سم,In stock
TEXTILES,عباي أسود بتطريز ذهبي,37.0,https://e-shop.psd.gov.jo/1jw34952000.html,https://e-shop.psd.gov.jo/media/catalog/product/cache/6fe0f40091d9883a4caf18d72ffe3621/p/h/photoroom-____41_1_2.png,1JW34952000,عباي أسود بتطريز ذهبي القياسات: الطول144*العرض37سم,Out of stock
TEXTILES,تعليقة مكرمة (رف),11.0,https://e-shop.psd.gov.jo/625jw6m0108.html,https://e-shop.psd.gov.jo/media/catalog/product/cache/6fe0f40091d9883a4caf18d72ffe3621/p/h/photoroom-____25_1_2.png,625JW6M0108,تعليقة مكرمة (رف) القياسات الطول20*العرض60سم,In stock
TEXTILES,حقيبة (جينز ),8.0,https://e-shop.psd.gov.jo/625jw4m442.html,https://e-shop.psd.gov.jo/media/catalog/product/cache/6fe0f40091d9883a4caf18d72ffe3621/p/h/photoroom-____43_4.png,625JW4M442,حقيبة (جينز ) القياسات الطول50*العرض38سم,In stock
TEXTILES,حقيبة (جينز),7.0,https://e-shop.psd.gov.jo/625jw4m451.html,https://e-shop.psd.gov.jo/media/catalog/product/cache/6fe0f40091d9883a4caf18d72ffe3621/p/h/photoroom-____29_5.png,625JW4M451,حقيبة (جينز) القياسات الطول43*العرض38سم,In stock
TEXTILES,حقيبة (جينز ),5.0,https://e-shop.psd.gov.jo/625jw4m440.html,https://e-shop.psd.gov.jo/media/catalog/product/cache/6fe0f40091d9883a4caf18d72ffe3621/p/h/photoroom-____45_4.png,625JW4M440,حقيبة (جينز ) القياسات الطول38*العرض35سم,In stock
TEXTILES,فستان أبيض,2.0,https://e-shop.psd.gov.jo/625jw4m6135.html,https://e-shop.psd.gov.jo/media/catalog/product/cache/6fe0f40091d9883a4caf18d72ffe3621/p/h/photo_2024-08-04_10-32-21.jpg,625JW4M6135,فستان أبيض القياسات: الطول 50*العرض27سم,Out of stock
TEXTILES,عباءة وردة توليب,41.0,https://e-shop.psd.gov.jo/1jw33956000.html,https://e-shop.psd.gov.jo/media/catalog/product/cache/6fe0f40091d9883a4caf18d72ffe3621/p/h/photoroom-____19_1_1.png,1JW33956000,عباءة وردة توليب القياسات الطول143*العرض60سم,Out of stock
TEXTILES,ثوب أسود خرز,14.0,https://e-shop.psd.gov.jo/625jw4m2180.html,https://e-shop.psd.gov.jo/media/catalog/product/cache/6fe0f40091d9883a4caf18d72ffe3621/p/h/photoroom-____32_1_3.png,625JW4M2180,ثوب أسود خرز القياسات الطول142*العرض50سم,Out of stock
TEXTILES,قبة قميص,2.0,https://e-shop.psd.gov.jo/625jw6m5148.html,https://e-shop.psd.gov.jo/media/catalog/product/cache/6fe0f40091d9883a4caf18d72ffe3621/p/h/photoroom-____34_1_2.png,625JW6M5148,قبة قميص القياسات الطول36*العرض 41سم,In stock
TEXTILES,طقم قرن مطرز (مخمل),7.0,https://e-shop.psd.gov.jo/625jw4m0123.html,https://e-shop.psd.gov.jo/media/catalog/product/cache/6fe0f40091d9883a4caf18d72ffe3621/p/h/photo_2024-08-04_12-37-07.jpg,625JW4M0123,طقم قرن مخمل بتطريز أخضر القياسات: الطول50*العرض41 سم,Out of stock
TEXTILES,مفرش خيش أصفر  (4 قطع),32.0,https://e-shop.psd.gov.jo/625jw4m3194.html,https://e-shop.psd.gov.jo/media/catalog/product/cache/6fe0f40091d9883a4caf18d72ffe3621/p/h/photo_2024-08-04_12-38-00.jpg,625JW4M3194,مفرش خيش أصفر  (4 قطع) االقياسات: مختلف الأحجام,In stock
TEXTILES,مصحف تطريز,8.0,https://e-shop.psd.gov.jo/2jw36856000.html,https://e-shop.psd.gov.jo/media/catalog/product/cache/6fe0f40091d9883a4caf18d72ffe3621/p/h/photoroom-____16_3.png,625JW4M0599,مصحف تطريز القياسات الطول20*العرض15سم,In stock
TEXTILES,عباءة جورجيت تطريز أحمر,18.0,https://e-shop.psd.gov.jo/1jw369511000.html,https://e-shop.psd.gov.jo/media/catalog/product/cache/6fe0f40091d9883a4caf18d72ffe3621/p/h/photoroom-____3_1_2.png,1JW369511000,عباءة جورجيت تطريز أحمر القياسات الطول95*العرص51سم,Out of stock
TEXTILES,فستان أطفال ( أحمر),9.0,https://e-shop.psd.gov.jo/625jw4m0207.html,https://e-shop.psd.gov.jo/media/catalog/product/cache/6fe0f40091d9883a4caf18d72ffe3621/p/h/photoroom-____13_4.png,625JW4M0207,فستان أطفال ( أحمر) القياسات الطول51*العرض24سم,Out of stock
TEXTILES,طقم تعليق كروشيه( 3 قطع ),12.0,https://e-shop.psd.gov.jo/625jw4m0304.html,https://e-shop.psd.gov.jo/media/catalog/product/cache/6fe0f40091d9883a4caf18d72ffe3621/p/h/photoroom-____17_2_1.png,625JW4M0304,طقم تعليق كروشيه( 3 قطع ) القياسات الطول96*العرض26سم,In stock
TEXTILES,كوت أطفال أزرق,29.0,https://e-shop.psd.gov.jo/625jw4m46.html,https://e-shop.psd.gov.jo/media/catalog/product/cache/6fe0f40091d9883a4caf18d72ffe3621/f/i/file_1.jpg,625JW4M46,كوت أطفال أزرق القياسات: الطول 1.00م* العرض 30 سم,In stock
TEXTILES,مضيفة دائرية (بيج ),11.0,https://e-shop.psd.gov.jo/625jw4m5127.html,https://e-shop.psd.gov.jo/media/catalog/product/cache/6fe0f40091d9883a4caf18d72ffe3621/p/h/photoroom-____9_3.png,625JW4M5127,مضيفة دائرية بيج القياسات قطر القاعدة25*الإرتفاع10سم,Out of stock
TEXTILES,مفرش طاولة سنارة (4قطع),34.0,https://e-shop.psd.gov.jo/625jw4m78.html,https://e-shop.psd.gov.jo/media/catalog/product/cache/6fe0f40091d9883a4caf18d72ffe3621/p/h/photoroom-____15_3_1.png,625JW4M78,مفرش طاولة سنارة (4قطع) القياسات مختلف الأحجام,In stock
TEXTILES,حقيبة لؤلؤ (سلاسل),15.0,https://e-shop.psd.gov.jo/625jw6m6198.html,https://e-shop.psd.gov.jo/media/catalog/product/cache/6fe0f40091d9883a4caf18d72ffe3621/w/h/whatsapp_image_2024-08-08_at_8.06.47_am_13_.jpeg,625JW6M6198,حقيبة لؤلؤ (سلاسل) القياسات: الطول 6 * العرض26 سم,Out of stock
TEXTILES,شنتة لؤلؤ اسود,13.0,https://e-shop.psd.gov.jo/1jw41086000.html,https://e-shop.psd.gov.jo/media/catalog/product/cache/6fe0f40091d9883a4caf18d72ffe3621/w/h/whatsapp_image_2024-08-08_at_8.06.47_am_2_.jpeg,1JW41086000,شنتة لؤلؤ اسود القياسات: الطول 6 * العرض26 سم,Out of stock
TEXTILES,حقيبة مخمل لاصق (برتقالي),2.0,https://e-shop.psd.gov.jo/625jw4m0172.html,https://e-shop.psd.gov.jo/media/catalog/product/cache/6fe0f40091d9883a4caf18d72ffe3621/w/h/whatsapp_image_2024-08-08_at_8.06.47_am_16_.jpeg,625JW4M0172,حقيبة مخمل لاصق (برتقالي) القياسات: الطول 28 * العرض30 سم,In stock
TEXTILES,حقيبة مقلمة (كحلي),2.0,https://e-shop.psd.gov.jo/625jw4m0174.html,https://e-shop.psd.gov.jo/media/catalog/product/cache/6fe0f40091d9883a4caf18d72ffe3621/w/h/whatsapp_image_2024-08-08_at_8.06.47_am_12_.jpeg,625JW4M0174,حقيبة مقلمة (كحلي) القياسات: الطول 28 * العرض30 سم,In stock
TEXTILES,مفرش سنارة,24.0,https://e-shop.psd.gov.jo/625jw4m810.html,https://e-shop.psd.gov.jo/media/catalog/product/cache/6fe0f40091d9883a4caf18d72ffe3621/w/h/whatsapp_image_2024-08-08_at_8.06.47_am_14_.jpeg,625JW4M810,مفرش سنارة القياسات: الطول100  * العرض56 سم,In stock
TEXTILES,شال كتف مثلث (آلي),21.0,https://e-shop.psd.gov.jo/625jw40100.html,https://e-shop.psd.gov.jo/media/catalog/product/cache/6fe0f40091d9883a4caf18d72ffe3621/w/h/whatsapp_image_2024-08-08_at_8.06.47_am_20_.jpeg,625JW40100,شال كتف مثلث (آلي) القياسات: الطول 91سم * العرض185 سم,In stock
TEXTILES,شال كتف (وردة نجمية حجر الراين الصناعي ),15.0,https://e-shop.psd.gov.jo/625jw4m0581.html,https://e-shop.psd.gov.jo/media/catalog/product/cache/6fe0f40091d9883a4caf18d72ffe3621/w/h/whatsapp_image_2024-08-08_at_8.06.48_am_2_.jpeg,625JW4M0581,شال كتف (وردة نجمية حجر الراين الصناعي ) القياسات: الطول 91سم * العرض185 سم,Out of stock
TEXTILES,مفرش طاولة تراثي + 2 قرن,12.0,https://e-shop.psd.gov.jo/1jw41986000.html,https://e-shop.psd.gov.jo/media/catalog/product/cache/6fe0f40091d9883a4caf18d72ffe3621/p/h/photo_2024-09-02_11-18-26.jpg,1JW41986000,مفرش طاولة تراثي + 2 قرن القياسات: الطول95  * العرض95 سم,Out of stock
TEXTILES,حقيبة بيج و خمري,7.0,https://e-shop.psd.gov.jo/625jw4m0213.html,https://e-shop.psd.gov.jo/media/catalog/product/cache/6fe0f40091d9883a4caf18d72ffe3621/p/h/photo_2024-09-02_11-33-53.jpg,625JW4M0213,حقيبة بيج و خمري القياسات: الطول13  * العرض22 سم,In stock
TEXTILES,طقم تعليق حائط مكرمة (ازرق),13.0,https://e-shop.psd.gov.jo/625jw4m4234.html,https://e-shop.psd.gov.jo/media/catalog/product/cache/6fe0f40091d9883a4caf18d72ffe3621/p/h/photo_2024-09-02_11-41-01.jpg,625JW4M4234,طقم تعليق حائط مكرمة (ازرق) القياسات: أحجام مختلفة,In stock
TEXTILES,وشاح أسود (عمان في القلب),2.0,https://e-shop.psd.gov.jo/2jw45486000.html,https://e-shop.psd.gov.jo/media/catalog/product/cache/6fe0f40091d9883a4caf18d72ffe3621/p/h/photo_2024-09-02_12-52-46.jpg,2JW45486000,وشاح أسود (عمان في القلب) القياسات: الطول 150 * العرض 19سم,Out of stock
TEXTILES,حقيبة كتان تطريز,2.0,https://e-shop.psd.gov.jo/625jw4m5128.html,https://e-shop.psd.gov.jo/media/catalog/product/cache/6fe0f40091d9883a4caf18d72ffe3621/p/h/photo_2024-09-02_12-55-17.jpg,625JW4M5128,حقيبة كتان تطريز القياسات: حقيبة كتان مع تطريز,In stock
TEXTILES,مصحف مطرز أخضر,8.0,https://e-shop.psd.gov.jo/1jw45686000.html,https://e-shop.psd.gov.jo/media/catalog/product/cache/6fe0f40091d9883a4caf18d72ffe3621/w/h/whatsapp_image_2025-01-06_at_8.34.17_am.jpeg,625JW4M0594,مصحف مطرز أخضر القياسات: الطول 20 * العرض14 سم,In stock
TEXTILES,مصحف مطرز أسود نهدي أصفر,8.0,https://e-shop.psd.gov.jo/1jw45786000.html,https://e-shop.psd.gov.jo/media/catalog/product/cache/6fe0f40091d9883a4caf18d72ffe3621/p/h/photo_2024-09-02_13-08-57.jpg,625JW4M0598,مصحف مطرز أسود نهدي أصفر القياسات: الطول 20 * العرض14 سم,In stock
TEXTILES,عباءة جورجيت (نهدي فتح و ذهبي),35.0,https://e-shop.psd.gov.jo/625jw4m8286.html,https://e-shop.psd.gov.jo/media/catalog/product/cache/6fe0f40091d9883a4caf18d72ffe3621/p/h/photo_2024-09-02_13-31-38_1.jpg,625JW4M8286,عباءة جورجيت نهدي تطريز زهري القياسات: الطول136  * العرض54 سم,In stock
TEXTILES,عباءة جورجيت سومو تطريز خمري مع شال,36.0,https://e-shop.psd.gov.jo/625jw4m0285.html,https://e-shop.psd.gov.jo/media/catalog/product/cache/6fe0f40091d9883a4caf18d72ffe3621/p/h/photo_2024-09-02_13-41-16.jpg,625JW4M0285,عباءة جورجيت سومو تطريز خمري مع شال القياسات: الطول 136 * العرض 54سم,Out of stock
TEXTILES,عباءة جورجيت (نهدي-زهري),35.0,https://e-shop.psd.gov.jo/625jw4m0264.html,https://e-shop.psd.gov.jo/media/catalog/product/cache/6fe0f40091d9883a4caf18d72ffe3621/p/h/photo_2024-09-02_13-50-02.jpg,625JW4M0264,عباءة جورجيت (نهدي-زهري) القياسات: الطول 136 * العرض 54سم,In stock
TEXTILES,طقم كورنر مخمل فيروزي( 2 قطع ),9.0,https://e-shop.psd.gov.jo/625jw4m463.html,https://e-shop.psd.gov.jo/media/catalog/product/cache/6fe0f40091d9883a4caf18d72ffe3621/p/h/photo_2024-09-02_14-11-02.jpg,625JW4M463,طقم كورنر مخمل فيروزي( 2 قطع ) القياسات: الطول 47 * العرض47 سم,In stock
TEXTILES,طقم قرن كروشيه (أبيض وسكني),20.0,https://e-shop.psd.gov.jo/625jw4m165.html,https://e-shop.psd.gov.jo/media/catalog/product/cache/6fe0f40091d9883a4caf18d72ffe3621/p/h/photo_2024-09-02_14-18-55.jpg,625JW4M165,طقم قرن كروشيه (أبيض وسكني) القياسات: الطول 35 * العرض35 سم,In stock
TEXTILES,قفطان ذهبي (مورد ),34.0,https://e-shop.psd.gov.jo/625jw4m8293.html,https://e-shop.psd.gov.jo/media/catalog/product/cache/6fe0f40091d9883a4caf18d72ffe3621/1/j/1jw50386000.png,625JW4M8293,قفطان ذهبي (مورّد) االقياسات: الطول: 1.43سم العرض: 60سم,In stock
TEXTILES,قفطان نهدي زخرفة دائرية,29.0,https://e-shop.psd.gov.jo/625jw4m0284.html,https://e-shop.psd.gov.jo/media/catalog/product/cache/6fe0f40091d9883a4caf18d72ffe3621/1/j/1jw50486000.png,625JW4M0284,قفطان نهدي زخرفة دائرية القياسات: الطول:1.60سم العرض:61سم,In stock
TEXTILES,عباءة أسود (وردة مذهبة),25.0,https://e-shop.psd.gov.jo/625jw4m8183.html,https://e-shop.psd.gov.jo/media/catalog/product/cache/6fe0f40091d9883a4caf18d72ffe3621/1/j/1jw50586000_1.png,625JW4M8183,عباءة أسود (وردة مذهبة) القياسات: الطول:1.54سم العرض: 60سم,In stock
TEXTILES,طقم صوف (تنورة وجاكيت ) زهري,14.0,https://e-shop.psd.gov.jo/625jw6m0149.html,https://e-shop.psd.gov.jo/media/catalog/product/cache/6fe0f40091d9883a4caf18d72ffe3621/1/j/1jw2486000_1_.png,625JW6M0149,طقم صوف (تنورة وجاكيت ) زهري القياسات: الطول70سم,In stock
TEXTILES,طقم صوف فستان +جاكيت (زهري وسكني),13.0,https://e-shop.psd.gov.jo/625jw6m0150.html,https://e-shop.psd.gov.jo/media/catalog/product/cache/6fe0f40091d9883a4caf18d72ffe3621/p/h/photoroom-____19_2_2.png,625JW6M0150,طقم صوف فستان +جاكيت (زهري وسكني) القياسات: الطول50سم,Out of stock
TEXTILES,بلوزة صوف (نحلة),7.0,https://e-shop.psd.gov.jo/625jw4m0204.html,https://e-shop.psd.gov.jo/media/catalog/product/cache/6fe0f40091d9883a4caf18d72ffe3621/p/h/photoroom-____25_2.png,625JW4M0204,بلوزة صوف (نحلة) القياسات: الطول35سم*العرض40سم,In stock
TEXTILES,فستان صوف +طاقية أسود (ورود),12.0,https://e-shop.psd.gov.jo/1jw52886000.html,https://e-shop.psd.gov.jo/media/catalog/product/cache/6fe0f40091d9883a4caf18d72ffe3621/p/h/photoroom-____26_5.png,1JW52886000,فستان صوف +طاقية أسود (ورود) القياسات: الطول44 سم,Out of stock
TEXTILES,قرن عدد 2+ Runnerطقم  (عبق البادية),13.0,https://e-shop.psd.gov.jo/1jw52986000.html,https://e-shop.psd.gov.jo/media/catalog/product/cache/6fe0f40091d9883a4caf18d72ffe3621/p/h/photoroom-____32_4.png,625JW4M0582,+2قرنRunnerطقم  (عبق البادية) القياسات: الطول1.70 سم,Out of stock
TEXTILES,حقيبة جينز (أسود ),7.0,https://e-shop.psd.gov.jo/625jw4m241.html,https://e-shop.psd.gov.jo/media/catalog/product/cache/6fe0f40091d9883a4caf18d72ffe3621/p/h/photoroom-____48_5.png,625JW4M241,حقيبة جينز (أسود ) القياسات: الطول40 سم*العرض30سم,In stock
TEXTILES,حقيبة ورد (بيج و أحمر),7.0,https://e-shop.psd.gov.jo/625jw4m515.html,https://e-shop.psd.gov.jo/media/catalog/product/cache/6fe0f40091d9883a4caf18d72ffe3621/p/h/photoroom-____3_3.png,625JW4M515,حقيبة ورد (بيج و أحمر) القياسات: الطول40 سم*العرض 36,In stock
TEXTILES,حقيبة (بيج),8.0,https://e-shop.psd.gov.jo/625jw4m544.html,https://e-shop.psd.gov.jo/media/catalog/product/cache/6fe0f40091d9883a4caf18d72ffe3621/p/h/photoroom-____5_6.png,625JW4M544,حقيبة (بيج) القياسات: الطول50 سم*العرض 36,Out of stock
TEXTILES,حقيبة نيلي,8.0,https://e-shop.psd.gov.jo/625jw4m446.html,https://e-shop.psd.gov.jo/media/catalog/product/cache/6fe0f40091d9883a4caf18d72ffe3621/p/h/photoroom-____7_4.png,625JW4M446,حقيبة نيلي القياسات: الطول50 سم*العرض 30,In stock
TEXTILES,قفطان جورجيت أبيض مع شال,32.0,https://e-shop.psd.gov.jo/1jw57355000.html,https://e-shop.psd.gov.jo/media/catalog/product/cache/6fe0f40091d9883a4caf18d72ffe3621/1/j/1jw57355000.png,625JW4M0583,قفطان جورجيت أبيض مع شال القياسات: الطول: 145سم العرض:56سم,In stock
TEXTILES,قفطان شيفون  أحرف عربية (زيتي),31.0,https://e-shop.psd.gov.jo/625jw4m0175.html,https://e-shop.psd.gov.jo/media/catalog/product/cache/6fe0f40091d9883a4caf18d72ffe3621/1/j/1jw57556000.png,625JW4M0175,قفطان شيفون  أحرف عربية (زيتي) القياسات: الطول:1.35سم العرض:50سم,In stock
TEXTILES,كوت  أطفال (زهري),29.0,https://e-shop.psd.gov.jo/625jw4m05.html,https://e-shop.psd.gov.jo/media/catalog/product/cache/6fe0f40091d9883a4caf18d72ffe3621/1/j/1jw58756000.png,625JW4M05,كوت  أطفال (زهري) القياسات: الطول 1.00م العرض 30 سم,In stock
TEXTILES,قفطان جورجيت  ملون و شال,37.0,https://e-shop.psd.gov.jo/625jw4m017.html,https://e-shop.psd.gov.jo/media/catalog/product/cache/6fe0f40091d9883a4caf18d72ffe3621/1/j/1jw57556000_2__1.png,625JW4M017,قفطان جورجيت  ملون و شال القياسات: الطول:1.35سم العرض:50سم,In stock
TEXTILES,طقم (Corner) بيج,19.0,https://e-shop.psd.gov.jo/625jw4m5195.html,https://e-shop.psd.gov.jo/media/catalog/product/cache/6fe0f40091d9883a4caf18d72ffe3621/1/j/1jw58856000_14497.png,625JW4M5195,طقم (Corner) بيج القياسات: الطول:45سم العرض45سم,In stock
TEXTILES,حقيبة (كتان),7.0,https://e-shop.psd.gov.jo/625jw4m016.html,https://e-shop.psd.gov.jo/media/catalog/product/cache/6fe0f40091d9883a4caf18d72ffe3621/p/h/photoroom-____45_2_2.png,625JW4M016,حقيبة (كتان) القياسات: الطول43سم العرض:31سم,In stock
TEXTILES,حقيبة (فوشي),7.0,https://e-shop.psd.gov.jo/625jw4m052.html,https://e-shop.psd.gov.jo/media/catalog/product/cache/6fe0f40091d9883a4caf18d72ffe3621/p/h/photoroom-____44_5.png,625JW4M052,حقيبة (فوشي) القياسات: الطول:34سم العرض:31سم,In stock
TEXTILES,حقيبة نهدي,6.0,https://e-shop.psd.gov.jo/625jw4m053.html,https://e-shop.psd.gov.jo/media/catalog/product/cache/6fe0f40091d9883a4caf18d72ffe3621/1/j/1jw59156000.png,625JW4M053,حقيبة نهدي القياسات: الطول:40سم العرض:27سم,Out of stock
TEXTILES,حقيبة ذهبية,2.0,https://e-shop.psd.gov.jo/625jw4m8129.html,https://e-shop.psd.gov.jo/media/catalog/product/cache/6fe0f40091d9883a4caf18d72ffe3621/_/5/_54545545.png,625JW4M8129,حقيبة ذهبية القياسات: الطول:21سم العرض:25سم,In stock
TEXTILES,حقيبة (جينز),10.0,https://e-shop.psd.gov.jo/1jw59556000.html,https://e-shop.psd.gov.jo/media/catalog/product/cache/6fe0f40091d9883a4caf18d72ffe3621/_/6/_61654332.png,625JW4M448,حقيبة (جينز) القياسات: الطول:46سم العرض:37سم,In stock
TEXTILES,حقيبة (جينز),10.0,https://e-shop.psd.gov.jo/625jw4m450.html,https://e-shop.psd.gov.jo/media/catalog/product/cache/6fe0f40091d9883a4caf18d72ffe3621/_/3/_321111.png,625JW4M450,حقيبة (جينز) القياسات: الطول:45سم العرض:36سم,Out of stock
TEXTILES,مقلمة سيارة (أزرق),2.0,https://e-shop.psd.gov.jo/1jw59956000.html,https://e-shop.psd.gov.jo/media/catalog/product/cache/6fe0f40091d9883a4caf18d72ffe3621/_/8/_8766122222.png,1JW59956000,مقلمة سيارة (أزرق) القياسات: الطول:12سم العرض:29سم,Out of stock
TEXTILES,تطريز إسباني بيضوي (BELL FLOWER),23.0,https://e-shop.psd.gov.jo/1jw60156000.html,https://e-shop.psd.gov.jo/media/catalog/product/cache/6fe0f40091d9883a4caf18d72ffe3621/_/6/_6543333.png,1JW60156000,تطريز إسباني بيضوي (BELL FLOWER) القياسات: مختلف الأحجام,Out of stock
TEXTILES,فستان صوف (أصفر),12.0,https://e-shop.psd.gov.jo/625jw6m3146.html,https://e-shop.psd.gov.jo/media/catalog/product/cache/6fe0f40091d9883a4caf18d72ffe3621/_/6/_654444409000.png,625JW6M3146,فستان صوف (أصفر) القياسات: الطول:50سم العرض:23سم,In stock
TEXTILES,فستان صوف (خمري وسكني),11.0,https://e-shop.psd.gov.jo/625jw4m0295.html,https://e-shop.psd.gov.jo/media/catalog/product/cache/6fe0f40091d9883a4caf18d72ffe3621/_/3/_32111155555555.png,625JW4M0295,فستان صوف (خمري وسكني) القياسات: الطول:46سم العرض:24سم,In stock
TEXTILES,كوت و حقيبة (جينز ),25.0,https://e-shop.psd.gov.jo/625jw4m481.html,https://e-shop.psd.gov.jo/media/catalog/product/cache/6fe0f40091d9883a4caf18d72ffe3621/_/1/_12345555_.png,625JW4M481,كوت و حقيبة (جينز ) القياسات: الكوت:الطول46*العرض41سم الحقيبة:الطول:40*العرض44سم,In stock
TEXTILES,حقيبة جينز (MICKEY MOUSE),10.0,https://e-shop.psd.gov.jo/625jw4m483.html,https://e-shop.psd.gov.jo/media/catalog/product/cache/6fe0f40091d9883a4caf18d72ffe3621/_/1/_1810.png,625JW4M483,حقيبة جينز (MICKEY MOUSE) القياسات: الطول:38سم العرض43سم,Out of stock
TEXTILES,3قطع+3 قرن-ذهبي(Runner),35.0,https://e-shop.psd.gov.jo/625jw4m597.html,https://e-shop.psd.gov.jo/media/catalog/product/cache/6fe0f40091d9883a4caf18d72ffe3621/_/8/_8888888888.png,625JW4M597,3قطع+3 قرن-ذهبي(Runner) القياسات: مختلف الأحجام,In stock
TEXTILES,3قطع+3 قرن-بيج(Runner),37.0,https://e-shop.psd.gov.jo/625jw4m096.html,https://e-shop.psd.gov.jo/media/catalog/product/cache/6fe0f40091d9883a4caf18d72ffe3621/3/_/3_25194.png,625JW4M096,3قطع+3 قرن-بيج(Runner) القياسات: مختلف الأحجام,In stock
TEXTILES,تعليقة رفوف (سكني),11.0,https://e-shop.psd.gov.jo/625jw4m1098.html,https://e-shop.psd.gov.jo/media/catalog/product/cache/6fe0f40091d9883a4caf18d72ffe3621/_/8/_898764432.png,625JW4M1098,تعليقة رفوف (سكني) القياسات: الطول:60 سم العرض: 25 سم,In stock
TEXTILES,تعليقة رف (عسلي),8.0,https://e-shop.psd.gov.jo/625jw4m7193.html,https://e-shop.psd.gov.jo/media/catalog/product/cache/6fe0f40091d9883a4caf18d72ffe3621/u/n/untitled.jpg,625JW4M7193,تعليقة رف (عسلي) القياسات: الطول:40 سم العرض: 20 سم,In stock
TEXTILES,حقيبة جينز (أسود),7.0,https://e-shop.psd.gov.jo/625jw4m235.html,https://e-shop.psd.gov.jo/media/catalog/product/cache/6fe0f40091d9883a4caf18d72ffe3621/_/1/_1511111.png,625JW4M235,حقيبة جينز (أسود) القياسات: الطول40 سم*العرض30,Out of stock
TEXTILES,حقيبة كتان وسط  (أزرق),3.0,https://e-shop.psd.gov.jo/625zq4m42.html,https://e-shop.psd.gov.jo/media/catalog/product/cache/6fe0f40091d9883a4caf18d72ffe3621/_/6/_6564382991203.png,625ZQ4M42,حقيبة كتان وسط  (أزرق) القياسات: الطول 30*العرض50سم,Out of stock
TEXTILES,نجمة وهلال (كروشيه),14.0,https://e-shop.psd.gov.jo/625jw4m5233.html,https://e-shop.psd.gov.jo/media/catalog/product/cache/6fe0f40091d9883a4caf18d72ffe3621/8/e/8eb46a2d-9e50-4463-bd22-f072de1fa5f6.png,625JW4M5233,نجمة وهلال (كروشيه) القياسات: الطول:161*العرض:21سم,In stock
TEXTILES,نجمة وهلال كروشيه (بني-بيج),24.0,https://e-shop.psd.gov.jo/625jw4m5235.html,https://e-shop.psd.gov.jo/media/catalog/product/cache/6fe0f40091d9883a4caf18d72ffe3621/0/7/071eb68e-bc62-452b-9cbc-79b694b17846.png,625JW4M5235,نجمة وهلال كروشيه (بني-بيج) القياسات: الطول:122*العرض24سم,In stock
TEXTILES,شال كتف يدوي (نهدي),30.0,https://e-shop.psd.gov.jo/625jw4m024.html,https://e-shop.psd.gov.jo/media/catalog/product/cache/6fe0f40091d9883a4caf18d72ffe3621/p/h/photoroom-____5_7_2.png,625JW4M024,شال كتف يدوي نهدي القياسات: الطول:30*العرض145سم,In stock
TEXTILES,شال كتف يدوي (أخضر ),30.0,https://e-shop.psd.gov.jo/625jw4m923.html,https://e-shop.psd.gov.jo/media/catalog/product/cache/6fe0f40091d9883a4caf18d72ffe3621/p/h/photoroom-____49_6_1.png,625JW4M923,شال كتف يدوي أخضر القياسات: الطول:30*العرض145سم,In stock
TEXTILES,قفطان ورود (خمري),35.0,https://e-shop.psd.gov.jo/625jw4m0294.html,https://e-shop.psd.gov.jo/media/catalog/product/cache/6fe0f40091d9883a4caf18d72ffe3621/a/0/a06ce840-c690-4e60-b8a7-146627defcd6.png,625JW4M0294,قفطان ورود (خمري) القياسات: لطول:144*العرض:59سم,Out of stock
TEXTILES,قفطان أشكال هندسية (فيروزي),35.0,https://e-shop.psd.gov.jo/625jw4m4177.html,https://e-shop.psd.gov.jo/media/catalog/product/cache/6fe0f40091d9883a4caf18d72ffe3621/9/a/9a0b8068-074c-4153-aa9b-c515b78308e9.png,625JW4M4177,قفطان أشكال هندسية (فيروزي) القياسات: الطول:137*العرض57سم,Out of stock
TEXTILES,شال أسهم ملون,22.0,https://e-shop.psd.gov.jo/625jw4m028.html,https://e-shop.psd.gov.jo/media/catalog/product/cache/6fe0f40091d9883a4caf18d72ffe3621/p/h/photoroom-____24_3_3_1.png,625JW4M028,شال أسهم ملونة القياسات: الطول:30*العرض145سم,Out of stock
TEXTILES,ثوب  تطريز يدوي (أحمر),70.0,https://e-shop.psd.gov.jo/625jw4m019.html,https://e-shop.psd.gov.jo/media/catalog/product/cache/6fe0f40091d9883a4caf18d72ffe3621/_/7/_7666.png,625JW4M019,ثوب  تطريز يدوي (أحمر) القياسات: الطول:130*العرض:55سم,Out of stock
TEXTILES,ثوب تطريز يدوي (ملون ),112.0,https://e-shop.psd.gov.jo/625jw4m020.html,https://e-shop.psd.gov.jo/media/catalog/product/cache/6fe0f40091d9883a4caf18d72ffe3621/_/8/_877777_1.png,625JW4M020,ثوب تطريز يدوي (ملون ) القياسات: الطول:130*العرض60سم,Out of stock
TEXTILES,حقيبة (عبد الرحمن),11.0,https://e-shop.psd.gov.jo/625jw4m447.html,https://e-shop.psd.gov.jo/media/catalog/product/cache/6fe0f40091d9883a4caf18d72ffe3621/p/h/photoroom-____25_3_1.png,625JW4M447,حقيبة (عبد الرحمن) القياسات: الطول:47*العرض:42سم,In stock
TEXTILES,حقيبة (كرة قدم),8.0,https://e-shop.psd.gov.jo/625jw4m038.html,https://e-shop.psd.gov.jo/media/catalog/product/cache/6fe0f40091d9883a4caf18d72ffe3621/p/h/photoroom-____29_4_2.png,625JW4M038,حقيبة (كرة قدم) القياسات: لطول:49*العرض38سم,In stock
TEXTILES,حرام صوف (نهدي),18.0,https://e-shop.psd.gov.jo/625jw4m0113.html,https://e-shop.psd.gov.jo/media/catalog/product/cache/6fe0f40091d9883a4caf18d72ffe3621/p/h/photoroom-____40_2_1.png,625JW4M0113,حرام صوف (نهدي) القياسات: الطول:90*العرض:94سم,In stock
TEXTILES,حرام مخمل خمري,8.0,https://e-shop.psd.gov.jo/625jw4m0119.html,https://e-shop.psd.gov.jo/media/catalog/product/cache/6fe0f40091d9883a4caf18d72ffe3621/p/h/photoroom-____41_5.png,625JW4M0119,حرام مخمل خمري القياسات: الطول:100*العرض:94سم,In stock
TEXTILES,حقيبة كتان  تطريز,2.0,https://e-shop.psd.gov.jo/625jw4m8130.html,https://e-shop.psd.gov.jo/media/catalog/product/cache/6fe0f40091d9883a4caf18d72ffe3621/p/h/photo_2024-09-02_12-55-38.jpg,625JW4M8130,حقيبة كتان  تطريز القياسات: الطول:20*العرض:50سم,In stock
TEXTILES,عباءة جورجيت (خمري),31.0,https://e-shop.psd.gov.jo/625jw4m0182.html,https://e-shop.psd.gov.jo/media/catalog/product/cache/6fe0f40091d9883a4caf18d72ffe3621/6/2/625jw4m0182_.png,625JW4M0182,عباءة جورجيت (خمري) القياسات: الطول144*العرض65سم,In stock
TEXTILES,لفحة (أسود),9.0,https://e-shop.psd.gov.jo/625jw4m2110.html,https://e-shop.psd.gov.jo/media/catalog/product/cache/6fe0f40091d9883a4caf18d72ffe3621/p/h/photoroom-____5.png,625JW4M2110,لفحة (أسود) القياسات: الطول 200سم,In stock
TEXTILES,حرام صوف (ملون ),12.0,https://e-shop.psd.gov.jo/625jw4m0112.html,https://e-shop.psd.gov.jo/media/catalog/product/cache/6fe0f40091d9883a4caf18d72ffe3621/m/s/msg-758203462-5012.jpg,625JW4M0112,حرام صوف (ملون ) القياسات: الطول 185*العرض 100سم,In stock
TEXTILES,حقيبة يد (مكرمة),10.0,https://e-shop.psd.gov.jo/625jw4m0220.html,https://e-shop.psd.gov.jo/media/catalog/product/cache/6fe0f40091d9883a4caf18d72ffe3621/6/2/625jw4m0220__1.png,625JW4M0220,حقيبة يد (مكرمة) القياسات: الطول 18*العرض40سم,Out of stock
TEXTILES,شال كتف  (مستطيل),6.0,https://e-shop.psd.gov.jo/625jw4m0290.html,https://e-shop.psd.gov.jo/media/catalog/product/cache/6fe0f40091d9883a4caf18d72ffe3621/_/6/_666666_1.png,625JW4M0290,شال كتف  (مستطيل) القياسات: الطول:80*العرض30سم,Out of stock
TEXTILES,طقم قرن مخمل مطرز (قطعتين ),17.0,https://e-shop.psd.gov.jo/625jw4m0120.html,https://e-shop.psd.gov.jo/media/catalog/product/cache/6fe0f40091d9883a4caf18d72ffe3621/6/2/625jw4m0120_122222.png,625JW4M0120,طقم قرن مخمل مطرز (قطعتين ) القياسات: الطول50*العرض50سم,In stock
TEXTILES,قرن تطريز بني (قطعتين),15.0,https://e-shop.psd.gov.jo/625jw4m1121.html,https://e-shop.psd.gov.jo/media/catalog/product/cache/6fe0f40091d9883a4caf18d72ffe3621/6/2/625jw4m0120_122222_1.png,625JW4M1121,قرن تطريز بني (قطعتين) القياسات: الطول:50*العرض:50سم,In stock
TEXTILES,حقيبة (بطريق),7.0,https://e-shop.psd.gov.jo/625jw4m45400.html,https://e-shop.psd.gov.jo/media/catalog/product/cache/6fe0f40091d9883a4caf18d72ffe3621/6/2/625jw4m454__2.png,625JW4M45400,حقيبة (بطريق) القياسات: الطول:70*العرض:30سم,In stock
TEXTILES,حقيبة (زهري وسكني),8.0,https://e-shop.psd.gov.jo/625jw4m0215.html,https://e-shop.psd.gov.jo/media/catalog/product/cache/6fe0f40091d9883a4caf18d72ffe3621/6/2/625jw4m0215_.png,625JW4M0215,حقيبة (زهري وسكني) القياسات: الطول20*العرض70سم,In stock
TEXTILES,حقيبة  (سكني +أسود ),7.0,https://e-shop.psd.gov.jo/625jw4m2170.html,https://e-shop.psd.gov.jo/media/catalog/product/cache/6fe0f40091d9883a4caf18d72ffe3621/6/2/625jw4m2170_.png,625JW4M2170,حقيبة  (سكني +أسود ) القياسات: الطول:40*العرض70سم,Out of stock
TEXTILES,صندوق (مخمل),7.0,https://e-shop.psd.gov.jo/625jw4m0228.html,https://e-shop.psd.gov.jo/media/catalog/product/cache/6fe0f40091d9883a4caf18d72ffe3621/i/m/img_2505.jpg,625JW4M0228,صندوق (مخمل) القياسات: الطول:35*قطر القاعدة:20سم,In stock
TEXTILES,مكرمة علم الأردن,15.0,https://e-shop.psd.gov.jo/625jw4m0328.html,https://e-shop.psd.gov.jo/media/catalog/product/cache/6fe0f40091d9883a4caf18d72ffe3621/_/5/_577777777777.png,625JW4M0328,مكرمة علم الأردن القياسات: الطول:138*العرض:30سم,In stock
TEXTILES,شال مثلث 2025,22.0,https://e-shop.psd.gov.jo/625jw4m0335.html,https://e-shop.psd.gov.jo/media/catalog/product/cache/6fe0f40091d9883a4caf18d72ffe3621/_/2/_2025_121424.png,625JW4M0335,شال مثلث 2025 القياسات: الطول:85*العرض::2.18سم,Out of stock
TEXTILES,طقم قرن2025,14.0,https://e-shop.psd.gov.jo/625jw4m0332.html,https://e-shop.psd.gov.jo/media/catalog/product/cache/6fe0f40091d9883a4caf18d72ffe3621/_/2/_2025_8888888888888.png,625JW4M0332,طقم قرن2025 القياسات: الطول:44*العرض:44سم,Out of stock
TEXTILES,كاب مخمل أسود,30.0,https://e-shop.psd.gov.jo/625jw4m2345.html,https://e-shop.psd.gov.jo/media/catalog/product/cache/6fe0f40091d9883a4caf18d72ffe3621/_/9/_99_612.png,625JW4M2345,كاب مخمل أسود القياسات: لطول 80*العرض67سم,Out of stock
TEXTILES,ثوب يدوي ملون,110.0,https://e-shop.psd.gov.jo/625jw4m0346.html,https://e-shop.psd.gov.jo/media/catalog/product/cache/6fe0f40091d9883a4caf18d72ffe3621/_/6/_6655_.png,625JW4M0346,ثوب يدوي ملون القياسات: الطول 137*العرض65سم,Out of stock
TEXTILES,عباءة يدوي (زهري),33.0,https://e-shop.psd.gov.jo/625jw4m0348.html,https://e-shop.psd.gov.jo/media/catalog/product/cache/6fe0f40091d9883a4caf18d72ffe3621/_/1/_122255555555.png,625JW4M0348,عباءة يدوي (زهري) القياسات: طول144*عرض65سم,In stock
TEXTILES,حافظة طعام,8.0,https://e-shop.psd.gov.jo/625jw4m0349.html,https://e-shop.psd.gov.jo/media/catalog/product/cache/6fe0f40091d9883a4caf18d72ffe3621/w/h/whatsapp_image_2024-08-08_at_8.06.47_am_4__1.jpeg,625JW4M0349,حافظة طعام القياسات: العمق 61سم,In stock
TEXTILES,شال تطريز يدوي (خمري),30.0,https://e-shop.psd.gov.jo/625jw4m0351.html,https://e-shop.psd.gov.jo/media/catalog/product/cache/6fe0f40091d9883a4caf18d72ffe3621/_/8/_8888888888888888.png,625JW4M0351,شال تطريز يدوي (خمري) القياسات: طول91*عرض185سم,Out of stock
TEXTILES,شال كتف مستطيل (آلي),7.0,https://e-shop.psd.gov.jo/625jw40104.html,https://e-shop.psd.gov.jo/media/catalog/product/cache/6fe0f40091d9883a4caf18d72ffe3621/_/8/_8888888888888888_1.png,625JW40104,شال كتف مستطيل (آلي) القياسات: طول142*عرض29سم,In stock
TEXTILES,شال مثلث سكني,25.0,https://e-shop.psd.gov.jo/625jw4m10355.html,https://e-shop.psd.gov.jo/media/catalog/product/cache/6fe0f40091d9883a4caf18d72ffe3621/_/7/_777777777.png,625JW4M10355,شال مثلث سكني القياسات: طول91*عرض185سم,Out of stock
TEXTILES,شال مثلث برتقالي,25.0,https://e-shop.psd.gov.jo/625jw4m0356.html,https://e-shop.psd.gov.jo/media/catalog/product/cache/6fe0f40091d9883a4caf18d72ffe3621/_/5/_5555555555555.png,625JW4M0356,شال مثلث برتقالي القياسات: طول91*عرض185سم,Out of stock
TEXTILES,شال مثلث ذهبي,25.0,https://e-shop.psd.gov.jo/625jw4m8357.html,https://e-shop.psd.gov.jo/media/catalog/product/cache/6fe0f40091d9883a4caf18d72ffe3621/_/6/_6666666666.png,625JW4M8357,شال مثلث ذهبي القياسات: طول91*عرض185سم,Out of stock
TEXTILES,طقم تطريز إسباني (نافذتي),25.0,https://e-shop.psd.gov.jo/625jw4m0358.html,https://e-shop.psd.gov.jo/media/catalog/product/cache/6fe0f40091d9883a4caf18d72ffe3621/_/2/_25_.png,625JW4M0358,طقم تطريز إسباني (نافذتي) القياسات: قطر الدائرة 25سم,Out of stock
TEXTILES,ثوب تطريز (قبة),50.0,https://e-shop.psd.gov.jo/625jw4m0389.html,https://e-shop.psd.gov.jo/media/catalog/product/cache/6fe0f40091d9883a4caf18d72ffe3621/6/2/625jw4m0389.png,625JW4M0389,ثوب تطريز (قبة) القياسات: الطول:137*العرض50سم,In stock
TEXTILES,طقم كروشيه 3 قطع بيج وأزرق,18.0,https://e-shop.psd.gov.jo/625jw4m0396.html,https://e-shop.psd.gov.jo/media/catalog/product/cache/6fe0f40091d9883a4caf18d72ffe3621/p/h/photoroom-____16_6_3.png,625JW4M0396,طقم كروشيه 3 قطع بيج وأزرق القياسات: مختلف الاحجام,Out of stock
TEXTILES,حافظة طعام تراثي 2025/6,10.0,https://e-shop.psd.gov.jo/625jw4m0397.html,https://e-shop.psd.gov.jo/media/catalog/product/cache/6fe0f40091d9883a4caf18d72ffe3621/6/2/625jw4m0397_.png,625JW4M0397,حافظة طعام تراثي 2025/6 القياسات: القطر :42,In stock
TEXTILES,طقم مفرش كروشيه 3 قطع زيتي,22.0,https://e-shop.psd.gov.jo/625jw4m0398.html,https://e-shop.psd.gov.jo/media/catalog/product/cache/6fe0f40091d9883a4caf18d72ffe3621/p/h/photoroom-____41_5_1.png,625JW4M0398,طقم مفرش كروشيه 3 قطع زيتي القياسات: مختلف الاحجام,In stock
TEXTILES,طقم قرن مخمل 3 قطع (علم الأردن),13.0,https://e-shop.psd.gov.jo/625jw4m0402.html,https://e-shop.psd.gov.jo/media/catalog/product/cache/6fe0f40091d9883a4caf18d72ffe3621/p/h/photoroom-____39_3_2.png,625JW4M0402,طقم قرن مخمل 3 قطع (علم الأردن) القياسات: الطول:45*العرض:45سم,In stock
TEXTILES,طباعة صغير (t-shirt),6.0,https://e-shop.psd.gov.jo/625jw4m0403.html,https://e-shop.psd.gov.jo/media/catalog/product/cache/6fe0f40091d9883a4caf18d72ffe3621/p/h/photoroom-____49_6_2.png,625JW4M0403,طباعة صغير (t-shirt) القياسات: مختلف الأحجام,In stock
TEXTILES,طباعة كبير  (t-shirt),7.0,https://e-shop.psd.gov.jo/625jw4m0404.html,https://e-shop.psd.gov.jo/media/catalog/product/cache/6fe0f40091d9883a4caf18d72ffe3621/p/h/photoroom-____7_6.png,625JW4M0404,طباعة كبير  (t-shirt) القياسات: مختلف الأحجام,In stock
TEXTILES,t-shirt طباعة,6.0,https://e-shop.psd.gov.jo/625jw4m0388.html,https://e-shop.psd.gov.jo/media/catalog/product/cache/6fe0f40091d9883a4caf18d72ffe3621/p/h/photoroom-____1_10_2_1.png,625JW4M0388,t-shirt طباعة القياسات: مختلف الأحجام,In stock
TEXTILES,فستان شماغ 2025,6.0,https://e-shop.psd.gov.jo/625jw6m0377.html,https://e-shop.psd.gov.jo/media/catalog/product/cache/6fe0f40091d9883a4caf18d72ffe3621/p/h/photoroom-____6_1_1_1.png,625JW6M0377,فستان شماغ 2025 القياسات: الطول:54العرض:30سم,In stock
TEXTILES,فستان شماغ,7.0,https://e-shop.psd.gov.jo/625jw4m0381.html,https://e-shop.psd.gov.jo/media/catalog/product/cache/6fe0f40091d9883a4caf18d72ffe3621/p/h/photoroom-____6_1_1_2.png,625JW4M0381,فستان شماغ القياسات: الطول:54*العرض:30 سم,In stock
TEXTILES,تعليقة مكرمة بيج 3 قطع,35.0,https://e-shop.psd.gov.jo/625jw6m0374.html,https://e-shop.psd.gov.jo/media/catalog/product/cache/6fe0f40091d9883a4caf18d72ffe3621/6/2/625jw6m0374_.png,625JW6M0374,تعليقة مكرمة بيج 3 قطع القياسات: الطول:138*العرض:25سم,In stock
TEXTILES,فستان صوف خمري وبيج,11.0,https://e-shop.psd.gov.jo/625jw6m0370.html,https://e-shop.psd.gov.jo/media/catalog/product/cache/6fe0f40091d9883a4caf18d72ffe3621/6/2/625jw6m0370_.png,625JW6M0370,فستان صوف خمري وبيج القياسات: الطول:51*العرض:22سم,In stock
TEXTILES,حقيبة مدرسية مخمل أخضر,7.0,https://e-shop.psd.gov.jo/625jw6m0369.html,https://e-shop.psd.gov.jo/media/catalog/product/cache/6fe0f40091d9883a4caf18d72ffe3621/6/2/625jw6m0369_.png,625JW6M0369,حقيبة مدرسية مخمل أخضر القياسات: الطول:37*العرض:35سم,In stock
TEXTILES,طقم صوف ولادي,15.0,https://e-shop.psd.gov.jo/625jw4m0385.html,https://e-shop.psd.gov.jo/media/catalog/product/cache/6fe0f40091d9883a4caf18d72ffe3621/6/2/625jw4m0385_.png,625JW4M0385,طقم صوف ولادي القياسات: الطول:30*العرض:25سم,In stock
TEXTILES,حقيبة كحلي صوف,13.0,https://e-shop.psd.gov.jo/625jw4m0384.html,https://e-shop.psd.gov.jo/media/catalog/product/cache/6fe0f40091d9883a4caf18d72ffe3621/_/9/_98888888888.png,625JW4M0384,حقيبة كحلي صوف القياسات: الطول:15*العرض:21سم,In stock
TEXTILES,طقم كوت وشنتة زهري وسكني,17.0,https://e-shop.psd.gov.jo/625jw6m0368.html,https://e-shop.psd.gov.jo/media/catalog/product/cache/6fe0f40091d9883a4caf18d72ffe3621/_/1/_1234165.png,625JW6M0368,طقم كوت وشنتة زهري وسكني القياسات: الطول:65*العرض:38سم,In stock
TEXTILES,كوت أطفال فوشي Princess,26.0,https://e-shop.psd.gov.jo/625jw6m0364.html,https://e-shop.psd.gov.jo/media/catalog/product/cache/6fe0f40091d9883a4caf18d72ffe3621/_/p/_princess_189876662980_.png,625JW6M0364,كوت أطفال فوشي Princess القياسات: طول الفرشة 70 سم طول الحرام: 1.00سم فرشة وحرام و7 مخدات,In stock
TEXTILES,شنتة مقلمة 2025,2.0,https://e-shop.psd.gov.jo/625jw6m0363.html,https://e-shop.psd.gov.jo/media/catalog/product/cache/6fe0f40091d9883a4caf18d72ffe3621/_/2/_2025_999999998765555555.png,625JW6M0363,شنتة مقلمة 2025 القياسات: الطول:31*العرض:25سم,In stock
TEXTILES,شنتة بيج مكرمة,13.0,https://e-shop.psd.gov.jo/625jw6m0362.html,https://e-shop.psd.gov.jo/media/catalog/product/cache/6fe0f40091d9883a4caf18d72ffe3621/p/h/photoroom-____47_3.png,625JW6M0362,شنتة بيج مكرمة القياسات: الطول:18*العرض:29سم,Out of stock
TEXTILES,شنتة خيط كلم,3.0,https://e-shop.psd.gov.jo/625jw6m0360.html,https://e-shop.psd.gov.jo/media/catalog/product/cache/6fe0f40091d9883a4caf18d72ffe3621/p/h/photoroom-____48_5_1.png,625JW6M0360,شنتة خيط كلم القياسات: الطول: 13*العرض:18سم,In stock
TEXTILES,تعليقة رف زاوية,8.0,https://e-shop.psd.gov.jo/625jw6m0361.html,https://e-shop.psd.gov.jo/media/catalog/product/cache/6fe0f40091d9883a4caf18d72ffe3621/6/2/625jw6m0361_.png,625JW6M0361,تعليقة رف زاوية القياسات: الطول:2م*العرض:70سم,Out of stock
TEXTILES,شنتة أسود يدوي,5.0,https://e-shop.psd.gov.jo/625jw6m0356.html,https://e-shop.psd.gov.jo/media/catalog/product/cache/6fe0f40091d9883a4caf18d72ffe3621/6/2/625jw6m0356_.png,625JW6M0356,شنتة أسود يدوي القياسات: الطول:30*العرض:34سم,Out of stock
TEXTILES,طقم كروشيه تعليقة سكني,19.0,https://e-shop.psd.gov.jo/625jw6m0350.html,https://e-shop.psd.gov.jo/media/catalog/product/cache/6fe0f40091d9883a4caf18d72ffe3621/6/2/625jw4m0342_888888888.png,625JW6M0350,طقم كروشيه تعليقة سكني القياسات: مختلف الأحجام,In stock
TEXTILES,شال كتف مثلث (آلي),25.0,https://e-shop.psd.gov.jo/625jw40102.html,https://e-shop.psd.gov.jo/media/catalog/product/cache/6fe0f40091d9883a4caf18d72ffe3621/w/h/whatsapp_image_2024-08-08_at_8.06.47_am_20__1_1.jpeg,625JW40102,شال كتف مثلث (آلي) القياسات: الطول:100*العرض:2000سم,In stock
TEXTILES,طقم تطريز اسباني أزهار الخريف,25.0,https://e-shop.psd.gov.jo/625jw6m0343.html,https://e-shop.psd.gov.jo/media/catalog/product/cache/6fe0f40091d9883a4caf18d72ffe3621/_/m/_mnnnn.png,625JW6M0343,طقم تطريز اسباني أزهار الخريف القياسات: مختلف الأحجام,Out of stock
TEXTILES,حافظة طعام 2025/7,10.0,https://e-shop.psd.gov.jo/625jw4m0406.html,https://e-shop.psd.gov.jo/media/catalog/product/cache/6fe0f40091d9883a4caf18d72ffe3621/_/9/_999999999999.png,625JW4M0406,حافظة طعام 2025/7 القياسات: العمق:32*القطر:42سم,In stock
TEXTILES,طباعة كبير  (t-shirt) 2025/7,6.0,https://e-shop.psd.gov.jo/625jw4m0413.html,https://e-shop.psd.gov.jo/media/catalog/product/cache/6fe0f40091d9883a4caf18d72ffe3621/_/8/_88888888888888.png,625JW4M0413,طباعة كبير  (t-shirt) 2025/7 القياسات: مختلف الأحجام,In stock
TEXTILES,طباعة صغير  (t-shirt) 2025/7,4.0,https://e-shop.psd.gov.jo/625jw4m0414.html,https://e-shop.psd.gov.jo/media/catalog/product/cache/6fe0f40091d9883a4caf18d72ffe3621/_/0/_000000000000000000000000000.png,625JW4M0414,طباعة صغير  (t-shirt) 2025/7 القياسات: مختلف الأحجام,In stock
TEXTILES,كوت وحقيبة أزرق MY BABY,25.0,https://e-shop.psd.gov.jo/625jw4m0419.html,https://e-shop.psd.gov.jo/media/catalog/product/cache/6fe0f40091d9883a4caf18d72ffe3621/_/1/_12345555__1.png,625JW4M0419,كوت وحقيبة أزرق MY BABY القياسات: الطول:65*العرض:38سم,In stock
TEXTILES,حقيبة خرز MOVE,19.0,https://e-shop.psd.gov.jo/625jw6m0420.html,https://e-shop.psd.gov.jo/media/catalog/product/cache/6fe0f40091d9883a4caf18d72ffe3621/6/2/625mw1m1157__1_1.png,625JW6M0420,حقيبة خرز MOVE القياسات: الطول:16*العرض:20سم,Out of stock
TEXTILES,حقيبة لؤلؤ قاعدة شفاف,14.0,https://e-shop.psd.gov.jo/625jw6m0421.html,https://e-shop.psd.gov.jo/media/catalog/product/cache/6fe0f40091d9883a4caf18d72ffe3621/6/2/625jw6m0421_.png,625JW6M0421,حقيبة لؤلؤ قاعدة شفاف القياسات: الطول:18*العرض:28سم,In stock
TEXTILES,حقيبة خيط مكرمة خمري,13.0,https://e-shop.psd.gov.jo/625jw4m0423.html,https://e-shop.psd.gov.jo/media/catalog/product/cache/6fe0f40091d9883a4caf18d72ffe3621/_/0/_00009912222222222222222222222222222222222.png,625JW4M0423,حقيبة خيط مكرمة خمري القياسات: الطول:16*العرض:25سم,In stock
TEXTILES,حقيبة مكرمة ازرق,13.0,https://e-shop.psd.gov.jo/625jw4m0425.html,https://e-shop.psd.gov.jo/media/catalog/product/cache/6fe0f40091d9883a4caf18d72ffe3621/_/9/_9999999999999_.png,625JW4M0425,حقيبة مكرمة ازرق القياسات: الطول:16*العرض:25سم,In stock
TEXTILES,شال كتف مثلث (آلي),22.0,https://e-shop.psd.gov.jo/625jw40101.html,https://e-shop.psd.gov.jo/media/catalog/product/cache/6fe0f40091d9883a4caf18d72ffe3621/6/2/625jw4m0434_.png,625JW40101,شال كتف مثلث (آلي) القياسات: الطول:85*العرض::2.18سم,In stock
TEXTILES,ثوب تطريز آلي بيج,50.0,https://e-shop.psd.gov.jo/625jw4m0436.html,https://e-shop.psd.gov.jo/media/catalog/product/cache/6fe0f40091d9883a4caf18d72ffe3621/_/9/_99999999.png,625JW4M0436,ثوب تطريز آلي بيج القياسات: الطول:1.30*العرض:57سم,In stock
TEXTILES,قفطان وشال توتي 2025/7,37.0,https://e-shop.psd.gov.jo/625jw4m0437.html,https://e-shop.psd.gov.jo/media/catalog/product/cache/6fe0f40091d9883a4caf18d72ffe3621/_/7/_77777777777777777.png,625JW4M0437,قفطان وشال توتي 2025/7 القياسات: الطول:1.30*العرض:57سم,In stock
TEXTILES,قفطان وشال كحلي 2025/7,39.0,https://e-shop.psd.gov.jo/625jw4m0438.html,https://e-shop.psd.gov.jo/media/catalog/product/cache/6fe0f40091d9883a4caf18d72ffe3621/_/9/_999999999999999999999999999.png,625JW4M0438,قفطان وشال كحلي 2025/7 القياسات: الطول:1.30*العرض:57سم,In stock
TEXTILES,تعليقة مكرمة زاوية,8.0,https://e-shop.psd.gov.jo/625jw4m0439.html,https://e-shop.psd.gov.jo/media/catalog/product/cache/6fe0f40091d9883a4caf18d72ffe3621/_/8/_88888888888888888.png,625JW4M0439,تعليقة مكرمة زاوية القياسات: الطول:120*العرض:57سم,Out of stock
TEXTILES,كوت أطفال أزرق 2025,29.0,https://e-shop.psd.gov.jo/625jw4m0449.html,https://e-shop.psd.gov.jo/media/catalog/product/cache/6fe0f40091d9883a4caf18d72ffe3621/_/8/_88888888_.png,625JW4M0449,كوت أطفال أزرق 2025 القياسات: طول الفرشة 70 سم طول الحرام: 1.00سم,In stock
TEXTILES,تعليقة مكرمة (ستارة),50.0,https://e-shop.psd.gov.jo/625jw4m0440.html,https://e-shop.psd.gov.jo/media/catalog/product/cache/6fe0f40091d9883a4caf18d72ffe3621/_/8/_8888887777.png,625JW4M0440,تعليقة مكرمة (ستارة) القياسات: الطول:153*العرض:150سم,In stock
TEXTILES,سجادة (مكرمة) بيج,80.0,https://e-shop.psd.gov.jo/625jw4m0452.html,https://e-shop.psd.gov.jo/media/catalog/product/cache/6fe0f40091d9883a4caf18d72ffe3621/i/m/img_5659_copy.jpg,625JW4M0452,سجادة (مكرمة) بيج القياسات: الطول:84*العرض:1.60 سم,Out of stock
TEXTILES,ثوب يدوي زيتي,100.0,https://e-shop.psd.gov.jo/625jw4m0453.html,https://e-shop.psd.gov.jo/media/catalog/product/cache/6fe0f40091d9883a4caf18d72ffe3621/i/m/img_5661_copy.jpg,625JW4M0453,ثوب يدوي زيتي القياسات: الطول:1.40*العرض:58سم,Out of stock
TEXTILES,عباءة توتي وشال (2),37.0,https://e-shop.psd.gov.jo/625jw4m0455.html,https://e-shop.psd.gov.jo/media/catalog/product/cache/6fe0f40091d9883a4caf18d72ffe3621/i/m/img_5665_copy.jpg,625JW4M0455,عباءة توتي وشال (2) القياسات: الطول:1.35*العرض:40سم,In stock
TEXTILES,شال مثلث 8-2025,22.0,https://e-shop.psd.gov.jo/625jw4m0457.html,https://e-shop.psd.gov.jo/media/catalog/product/cache/6fe0f40091d9883a4caf18d72ffe3621/i/m/img_5667_copy.jpg,625JW4M0457,شال مثلث 8-2025 القياسات: الطول:85*العرض::2.18سم,Out of stock
TEXTILES,حقيبة مخمل صغير,5.0,https://e-shop.psd.gov.jo/625jw4m0458.html,https://e-shop.psd.gov.jo/media/catalog/product/cache/6fe0f40091d9883a4caf18d72ffe3621/_/7/_76665432020.png,625JW4M0458,حقيبة مخمل صغير القياسات: الطول:40*العرض:25سم,In stock
TEXTILES,حقيبة جينز طباعة,6.0,https://e-shop.psd.gov.jo/625jw4m0459.html,https://e-shop.psd.gov.jo/media/catalog/product/cache/6fe0f40091d9883a4caf18d72ffe3621/i/m/img_5707_copy.jpg,625JW4M0459,حقيبة جينز طباعة القياسات: الطول:40*العرض:37سم,In stock
TEXTILES,قرن مخمل طباعة,6.0,https://e-shop.psd.gov.jo/625jw4m0460.html,https://e-shop.psd.gov.jo/media/catalog/product/cache/6fe0f40091d9883a4caf18d72ffe3621/i/m/img_5704_copy.jpg,625JW4M0460,قرن مخمل طباعة: القياسات: الطول:50*العرض:50 سم,In stock
TEXTILES,TOTE BAG SOLO,7.0,https://e-shop.psd.gov.jo/625jw40118.html,https://e-shop.psd.gov.jo/media/catalog/product/cache/6fe0f40091d9883a4caf18d72ffe3621/i/m/img_5682_copy_1.jpg,625JW40118,TOTE BAG SOLO القياسات: الطول:40*العرض:38سم,In stock
TEXTILES,حقيبة مدرسية,3.0,https://e-shop.psd.gov.jo/625zq70101.html,https://e-shop.psd.gov.jo/media/catalog/product/cache/6fe0f40091d9883a4caf18d72ffe3621/_/2/_2662025_1.png,625ZQ70101,حقيبة مدرسية القياسات: الطول40*العرض34سم,In stock
TEXTILES,حقيبة رياضية,3.0,https://e-shop.psd.gov.jo/625zq70100.html,https://e-shop.psd.gov.jo/media/catalog/product/cache/6fe0f40091d9883a4caf18d72ffe3621/_/0/_0999999999_1.png,625ZQ70100,حقيبة رياضية القياسات: الطول 20*العرض28سم,Out of stock
TEXTILES,TOTE BAG Collection,13.0,https://e-shop.psd.gov.jo/625jw40119.html,https://e-shop.psd.gov.jo/media/catalog/product/cache/6fe0f40091d9883a4caf18d72ffe3621/_/9/_98888777772029_.png,625JW40119,TOTE BAG Collection القياسات: الطول:36*العرض:37سم,In stock
TEXTILES,حقيبة جينز طباعة,7.0,https://e-shop.psd.gov.jo/625jw4m00465.html,https://e-shop.psd.gov.jo/media/catalog/product/cache/6fe0f40091d9883a4caf18d72ffe3621/_/1/_1010_9999945_.png,625JW4M00465,حقيبة جينز طباعة القياسات: الطول:36*العرض:27سم,In stock
TEXTILES,ثوب يدوي أخضر و أحمر,55.0,https://e-shop.psd.gov.jo/625jw4m0467.html,https://e-shop.psd.gov.jo/media/catalog/product/cache/6fe0f40091d9883a4caf18d72ffe3621/_/2/_2777777777777.png,625JW4M0467,ثوب يدوي أخضر و أحمر القياسات: الطول:145*العرض:50سم,Out of stock
TEXTILES,قفطان أخضر مع شال,34.0,https://e-shop.psd.gov.jo/625jw4m0468.html,https://e-shop.psd.gov.jo/media/catalog/product/cache/6fe0f40091d9883a4caf18d72ffe3621/_/5/_543222.png,625JW4M0468,قفطان أخضر مع شال القياسات: الطول:145*العرض:50سم,In stock
TEXTILES,حقيبة خيط مكرمة صغير,6.0,https://e-shop.psd.gov.jo/625jw4m0469.html,https://e-shop.psd.gov.jo/media/catalog/product/cache/6fe0f40091d9883a4caf18d72ffe3621/_/8/_888771010_93.png,625JW4M0469,حقيبة خيط مكرمة صغير القياسات: الطول:20*العرض:31سم,In stock
TEXTILES,سجادة عسلي مكرمة,44.0,https://e-shop.psd.gov.jo/625jw4m0472.html,https://e-shop.psd.gov.jo/media/catalog/product/cache/6fe0f40091d9883a4caf18d72ffe3621/_/6/_66666666666_1.png,625JW4M0472,سجادة عسلي مكرمة القياسات: القطر:95,In stock
TEXTILES,ستارة عسلي مكرمة,30.0,https://e-shop.psd.gov.jo/625jw4m0473.html,https://e-shop.psd.gov.jo/media/catalog/product/cache/6fe0f40091d9883a4caf18d72ffe3621/_/4/_4444444444444441.png,625JW4M0473,ستارة عسلي مكرمة القياسات: الطول:1.10*العرض:78سم,In stock
TEXTILES,حقيبة أسود مبطنة,16.0,https://e-shop.psd.gov.jo/625jw4m0474.html,https://e-shop.psd.gov.jo/media/catalog/product/cache/6fe0f40091d9883a4caf18d72ffe3621/_/9/_90000000000.png,625JW4M0474,حقيبة أسود مبطنة القياسات: الطول:13*العرض:19سم,In stock
TEXTILES,حقيبة خرز أسود شفاف,16.0,https://e-shop.psd.gov.jo/625jw4m0475.html,https://e-shop.psd.gov.jo/media/catalog/product/cache/6fe0f40091d9883a4caf18d72ffe3621/_/2/_2025_111111111.png,625JW4M0475,حقيبة خرز أسود شفاف القياسات: الطول:15*العرض:22سم,In stock
TEXTILES,مفرش و3 قرن طاولة صغير,52.0,https://e-shop.psd.gov.jo/625jw4m0476.html,https://e-shop.psd.gov.jo/media/catalog/product/cache/6fe0f40091d9883a4caf18d72ffe3621/_/6/_6677777777777777.png,625JW4M0476,مفرش و3 قرن طاولة صغير القياسات: مختلف الاحجام,Out of stock
TEXTILES,حقيبة مدرسية زهري,3.0,https://e-shop.psd.gov.jo/625zq7m30.html,https://e-shop.psd.gov.jo/media/catalog/product/cache/6fe0f40091d9883a4caf18d72ffe3621/_/5/_54444444444.png,625ZQ7M30,حقيبة مدرسية زهري القياسات: الطول 20*العرض28سم,Out of stock
TEXTILES,كيس شراء (رمان),4.0,https://e-shop.psd.gov.jo/625jw4m0480.html,https://e-shop.psd.gov.jo/media/catalog/product/cache/6fe0f40091d9883a4caf18d72ffe3621/_/2/_2025_2025.png,625JW4M0480,كيس شراء (رمان) القياسات: الطول:33*العرض:31سم,Out of stock
TEXTILES,كيس شراء (ورق زيتون),4.0,https://e-shop.psd.gov.jo/625jw4m0481.html,https://e-shop.psd.gov.jo/media/catalog/product/cache/6fe0f40091d9883a4caf18d72ffe3621/_/2/_2025_4.png,625JW4M0481,كيس شراء (ورق زيتون) القياسات: الطول:33*العرض:31سم,Out of stock
TEXTILES,طقم تنورة وجاكيت صوف أبيض,8.0,https://e-shop.psd.gov.jo/625jw4m0482.html,https://e-shop.psd.gov.jo/media/catalog/product/cache/6fe0f40091d9883a4caf18d72ffe3621/_/5/_566666122220999888.png,625JW4M0482,طقم تنورة وجاكيت صوف أبيض القياسات: الطول:30*العرض:34سم,In stock
TEXTILES,قفطان شيفون تركواز,40.0,https://e-shop.psd.gov.jo/625jw4m0483.html,https://e-shop.psd.gov.jo/media/catalog/product/cache/6fe0f40091d9883a4caf18d72ffe3621/_/9/_9999_1.png,625JW4M0483,قفطان شيفون تركواز القياسات: الطول:145*العرض:50سم,Out of stock
TEXTILES,قفطان  ذهبي وأخضر,40.0,https://e-shop.psd.gov.jo/625jw4m0484.html,https://e-shop.psd.gov.jo/media/catalog/product/cache/6fe0f40091d9883a4caf18d72ffe3621/p/h/photoroom-____21_3.png,625JW4M0484,قفطان  ذهبي وأخضر القياسات: الطول:145*العرض:50سم,In stock
TEXTILES,فستان صوف خمري,12.0,https://e-shop.psd.gov.jo/625jw4m0485.html,https://e-shop.psd.gov.jo/media/catalog/product/cache/6fe0f40091d9883a4caf18d72ffe3621/_/7/_77777766666.png,625JW4M0485,فستان صوف خمري القياسات: الطول:50*العرض:23سم,In stock
TEXTILES,فستان صوف خمري وأبيض,15.0,https://e-shop.psd.gov.jo/625jw4m0486.html,https://e-shop.psd.gov.jo/media/catalog/product/cache/6fe0f40091d9883a4caf18d72ffe3621/p/h/photoroom-____26_6_3.png,625JW4M0486,فستان صوف خمري وأبيض القياسات: الطول:40*العرض:24سم,In stock
TEXTILES,جاكيت مخمل نهدي,9.0,https://e-shop.psd.gov.jo/625jw4m0487.html,https://e-shop.psd.gov.jo/media/catalog/product/cache/6fe0f40091d9883a4caf18d72ffe3621/_/7/_78888888.png,625JW4M0487,جاكيت مخمل نهدي القياسات: الطول:51*العرض:57سم,In stock
TEXTILES,تنورة نهدي صوف,5.0,https://e-shop.psd.gov.jo/625jw4m0488.html,https://e-shop.psd.gov.jo/media/catalog/product/cache/6fe0f40091d9883a4caf18d72ffe3621/p/h/photoroom-____21_2_10.png,625JW4M0488,تنورة نهدي صوف القياسات: الطول:23*العرض:47سم,In stock
TEXTILES,ثوب أطفال أزرق,22.0,https://e-shop.psd.gov.jo/625jw4m0491.html,https://e-shop.psd.gov.jo/media/catalog/product/cache/6fe0f40091d9883a4caf18d72ffe3621/p/h/photoroom-____27_5.png,625JW4M0491,ثوب أطفال أزرق القياسات: الطول:47*العرض:36سم,In stock
TEXTILES,ثوب أطفال أحمر ونهدي,30.0,https://e-shop.psd.gov.jo/625jw4m0492.html,https://e-shop.psd.gov.jo/media/catalog/product/cache/6fe0f40091d9883a4caf18d72ffe3621/p/h/photoroom-____33_6_2.png,625JW4M0492,ثوب أطفال أحمر ونهدي القياسات: الطول:47*العرض:36سم,In stock
TEXTILES,ثوب يدوي تطريز خمري و أزرق,95.0,https://e-shop.psd.gov.jo/625jw4m0493.html,https://e-shop.psd.gov.jo/media/catalog/product/cache/6fe0f40091d9883a4caf18d72ffe3621/_/9/_95.png,625JW4M0493,ثوب يدوي تطريز خمري و أزرق القياسات: الطول:145*العرض:50سم,Out of stock
TEXTILES,فستان صوف سكني,16.0,https://e-shop.psd.gov.jo/625jw4m0494.html,https://e-shop.psd.gov.jo/media/catalog/product/cache/6fe0f40091d9883a4caf18d72ffe3621/_/1/_1666999996666666.png,625JW4M0494,فستان صوف سكني القياسات: الطول:40*العرض:23سم,In stock
TEXTILES,ثوب خمري يدوي برتقالي وأصفر,90.0,https://e-shop.psd.gov.jo/625jw4m0495.html,https://e-shop.psd.gov.jo/media/catalog/product/cache/6fe0f40091d9883a4caf18d72ffe3621/_/6/_665665.png,625JW4M0495,ثوب خمري يدوي برتقالي وأصفر القياسات: الطول:145*العرض:50سم,Out of stock
TEXTILES,فستان بناتي  أحمر,10.0,https://e-shop.psd.gov.jo/625jw4m0496.html,https://e-shop.psd.gov.jo/media/catalog/product/cache/6fe0f40091d9883a4caf18d72ffe3621/p/h/photoroom-____31_4_3.png,625JW4M0496,فستان بناتي  أحمر القياسات: الطول:61*العرض:30سم,In stock
TEXTILES,قفطان أطفال شيفون  أحمر,18.0,https://e-shop.psd.gov.jo/625jw4m0497.html,https://e-shop.psd.gov.jo/media/catalog/product/cache/6fe0f40091d9883a4caf18d72ffe3621/p/h/photoroom-____28_2.png,625JW4M0497,قفطان أطفال شيفون  أحمر القياسات: الطول:100*العرض:51سم,In stock
TEXTILES,شال كتف مثلث (آلي),24.0,https://e-shop.psd.gov.jo/625jw40103.html,https://e-shop.psd.gov.jo/media/catalog/product/cache/6fe0f40091d9883a4caf18d72ffe3621/p/h/photoroom-____16_9.png,625JW40103,شال كتف مثلث (آلي) القياسات: الطول:1.25*العرض:34سم,In stock
TEXTILES,شال أخضر وعسلي,27.0,https://e-shop.psd.gov.jo/625jw4m0502.html,https://e-shop.psd.gov.jo/media/catalog/product/cache/6fe0f40091d9883a4caf18d72ffe3621/_/0/_00098.png,625JW4M0502,شال أخضر وعسلي القياسات: الطول:1.25*العرض:34سم,In stock
TEXTILES,شال  أخضر وذهبي أسهم,24.0,https://e-shop.psd.gov.jo/625jw4m0506.html,https://e-shop.psd.gov.jo/media/catalog/product/cache/6fe0f40091d9883a4caf18d72ffe3621/_/9/_9999999988888885555.png,625JW4M0506,شال  أخضر وذهبي أسهم القياسات: الطول:1.25*العرض:34سم,Out of stock
TEXTILES,شال  أحمر وبيج ونهدي,24.0,https://e-shop.psd.gov.jo/625jw4m0508.html,https://e-shop.psd.gov.jo/media/catalog/product/cache/6fe0f40091d9883a4caf18d72ffe3621/p/h/photoroom-____18_7_1.png,625JW4M0508,شال  أحمر وبيج ونهدي الفياسات: الطول:1.25*العرض:34سم,Out of stock
TEXTILES,لعبة أطفال قماش,6.0,https://e-shop.psd.gov.jo/625jw4m0509.html,https://e-shop.psd.gov.jo/media/catalog/product/cache/6fe0f40091d9883a4caf18d72ffe3621/p/h/photoroom-____43_1_3.png,625JW4M0509,لعبة أطفال قماش القياسات: الطول:36*العرض10سم,Out of stock
TEXTILES,كوت وحقيبة مخمل نهدي,27.0,https://e-shop.psd.gov.jo/625jw4m0512.html,https://e-shop.psd.gov.jo/media/catalog/product/cache/6fe0f40091d9883a4caf18d72ffe3621/_/6/_666788889.png,625JW4M0512,كوت وحقيبة مخمل نهدي القياسات: طول الكوت:64*العرض34سم,In stock
TEXTILES,كوت وحقيبة جينز زهري,24.0,https://e-shop.psd.gov.jo/625jw4m0513.html,https://e-shop.psd.gov.jo/media/catalog/product/cache/6fe0f40091d9883a4caf18d72ffe3621/p/h/photoroom-____4_8_1.png,625JW4M0513,كوت وحقيبة جينز زهري القياسات: طول الكوت:64*العرض34سم,In stock
TEXTILES,T-SHIRT طباعة كبير 2025/9,7.0,https://e-shop.psd.gov.jo/625jw4m0514.html,https://e-shop.psd.gov.jo/media/catalog/product/cache/6fe0f40091d9883a4caf18d72ffe3621/p/h/photoroom-____24_3_5.png,625JW4M0514,T-SHIRT طباعة كبير 2025/9 القياسات: الطول:58*العرض44سم,In stock
TEXTILES,T-SHIRT طباعة صغير  2025/9,6.0,https://e-shop.psd.gov.jo/625jw4m0515.html,https://e-shop.psd.gov.jo/media/catalog/product/cache/6fe0f40091d9883a4caf18d72ffe3621/_/8/_88877777.png,625JW4M0515,T-SHIRT طباعة صغير  2025/9 القياسات: الطول:44*العرض33سم,In stock
TEXTILES,بلوزة (POLO) كبير,8.0,https://e-shop.psd.gov.jo/625jw4m0516.html,https://e-shop.psd.gov.jo/media/catalog/product/cache/6fe0f40091d9883a4caf18d72ffe3621/p/h/photoroom-____29_5_1.png,625JW4M0516,بلوزة (POLO) كبير القياسات: الطول:47*العرض46سم,In stock
TEXTILES,قرن مخمل طباعة 2025/9,12.0,https://e-shop.psd.gov.jo/625jw4m0517.html,https://e-shop.psd.gov.jo/media/catalog/product/cache/6fe0f40091d9883a4caf18d72ffe3621/_/1/_1010_19994_199.png,625JW4M0517,قرن مخمل طباعة 2025/9 القياسات: الطول:43*العرض45سم,In stock
TEXTILES,حقيبة  جينز (زهري),7.0,https://e-shop.psd.gov.jo/625jw4m0519.html,https://e-shop.psd.gov.jo/media/catalog/product/cache/6fe0f40091d9883a4caf18d72ffe3621/p/h/photoroom-____10_6_1.png,625JW4M0519,حقيبة  جينز (زهري) القياسات: الطول:42*العرض47سم,In stock
TEXTILES,حقيبة  مخمل (أصفر),9.0,https://e-shop.psd.gov.jo/625jw4m0520.html,https://e-shop.psd.gov.jo/media/catalog/product/cache/6fe0f40091d9883a4caf18d72ffe3621/_/2/_222444.png,625JW4M0520,حقيبة  مخمل (أصفر) القياسات: الطول:38*العرض33سم,In stock
TEXTILES,حقيبة كتان أسود 2025/9,3.0,https://e-shop.psd.gov.jo/625zq7m32.html,https://e-shop.psd.gov.jo/media/catalog/product/cache/6fe0f40091d9883a4caf18d72ffe3621/_/0/_0999999999_1_1.png,625ZQ7M32,حقيبة كتان أسود 2025/9 القياسات: الطول 20*العرض28سم,Out of stock
TEXTILES,جاكيت صوف سكني,50.0,https://e-shop.psd.gov.jo/625jw4m0525.html,https://e-shop.psd.gov.jo/media/catalog/product/cache/6fe0f40091d9883a4caf18d72ffe3621/_/6/_6666666666666666665551200022.png,625JW4M0525,جاكيت صوف سكني القياسات: الطول:90*العرض51سم,In stock
TEXTILES,شماغ مهدب ملوكي,16.0,https://e-shop.psd.gov.jo/625jw4m0526.html,https://e-shop.psd.gov.jo/media/catalog/product/cache/6fe0f40091d9883a4caf18d72ffe3621/p/h/photo1700483903_2.jpeg,625JW4M0526,شماغ مهدب ملوكي القياسات: عرض1.18*طول1.18سم,In stock
TEXTILES,حقيبة لولو صغير,12.0,https://e-shop.psd.gov.jo/625jw4m0528.html,https://e-shop.psd.gov.jo/media/catalog/product/cache/6fe0f40091d9883a4caf18d72ffe3621/_/1/_1222222222222222222222222222222222.png,625JW4M0528,حقيبة لولو صغير القياسات: الطول:16*العرض:13سم,In stock
TEXTILES,ثوب أطفال تطريز اسود وبيج,20.0,https://e-shop.psd.gov.jo/625jw4m0530.html,https://e-shop.psd.gov.jo/media/catalog/product/cache/6fe0f40091d9883a4caf18d72ffe3621/_/6/_61555555555555555111.png,625JW4M0530,ثوب أطفال تطريز اسود وبيج القياسات: الطول:64*العرض:20سم,In stock
TEXTILES,حقيبة شماغ,7.0,https://e-shop.psd.gov.jo/625jw4m0536.html,https://e-shop.psd.gov.jo/media/catalog/product/cache/6fe0f40091d9883a4caf18d72ffe3621/_/5/_55551010944443064_.png,625JW4M0536,حقيبة شماغ القياسات: الطول42*العرض:38سم,In stock
TEXTILES,حقيبة كتان 3 قطع,13.0,https://e-shop.psd.gov.jo/625jw4m0538.html,https://e-shop.psd.gov.jo/media/catalog/product/cache/6fe0f40091d9883a4caf18d72ffe3621/_/3/_334444444444444444444444444999999.png,625JW4M0538,حقيبة كتان 3 قطع القياسات: الطول42*العرض:38سم,In stock
TEXTILES,ثوب يدوي بني ملون,120.0,https://e-shop.psd.gov.jo/625jw4m0544.html,https://e-shop.psd.gov.jo/media/catalog/product/cache/6fe0f40091d9883a4caf18d72ffe3621/_/7/_76661222222222222.png,625JW4M0544,ثوب يدوي بني ملون القياسات: الطول:145*العرض:50سم,In stock
TEXTILES,ثوب يدوي أسود ملون,150.0,https://e-shop.psd.gov.jo/625jw4m0545.html,https://e-shop.psd.gov.jo/media/catalog/product/cache/6fe0f40091d9883a4caf18d72ffe3621/_/1/_18888176662029.png,625JW4M0545,ثوب يدوي أسود ملون القياسات: الطول:145*العرض:50سم,Out of stock
TEXTILES,ثوب يدوي أخضر وزهري,150.0,https://e-shop.psd.gov.jo/625jw4m0546.html,https://e-shop.psd.gov.jo/media/catalog/product/cache/6fe0f40091d9883a4caf18d72ffe3621/_/6/_66666666661222.jpg,625JW4M0546,ثوب يدوي أخضر وزهري القياسات: الطول:145*العرض:50سم,Out of stock
TEXTILES,شال يدوي ملون,26.0,https://e-shop.psd.gov.jo/625jw4m0548.html,https://e-shop.psd.gov.jo/media/catalog/product/cache/6fe0f40091d9883a4caf18d72ffe3621/_/6/_65512222222222222222222222222.png,625JW4M0548,شال يدوي ملون القياسات: الطول:90*العرض:1.40سم,Out of stock
TEXTILES,فستان شماغ صغير,7.0,https://e-shop.psd.gov.jo/625jw4m0551.html,https://e-shop.psd.gov.jo/media/catalog/product/cache/6fe0f40091d9883a4caf18d72ffe3621/_/1/_1333335555555555555555.png,625JW4M0551,فستان شماغ صغير القياسات: الطول:50*العرض:25سم,In stock
TEXTILES,سكارف شماغ,3.0,https://e-shop.psd.gov.jo/625jw4m0553.html,https://e-shop.psd.gov.jo/media/catalog/product/cache/6fe0f40091d9883a4caf18d72ffe3621/_/1/_120000000000000000099999.png,625JW4M0553,سكارف شماغ القياسات: الطول:1.53سم,In stock
TEXTILES,جزدان يدوي,7.0,https://e-shop.psd.gov.jo/625jw4m0554.html,https://e-shop.psd.gov.jo/media/catalog/product/cache/6fe0f40091d9883a4caf18d72ffe3621/_/1/_1222222222222222209999.png,625JW4M0554,جزدان يدوي القياسات: الطول:17*العرض:15سم,In stock
TEXTILES,حقيبة مكرمة بيج,25.0,https://e-shop.psd.gov.jo/625jw4m0555.html,https://e-shop.psd.gov.jo/media/catalog/product/cache/6fe0f40091d9883a4caf18d72ffe3621/_/9/_99991---166554487.png,625JW4M0555,حقيبة مكرمة بيج القياسات: الطول:34*العرض:24سم,In stock
TEXTILES,حقيبة مكرمة أزرق و جزدان,25.0,https://e-shop.psd.gov.jo/625jw4m0556.html,https://e-shop.psd.gov.jo/media/catalog/product/cache/6fe0f40091d9883a4caf18d72ffe3621/_/9/_988888881000001.png,625JW4M0556,حقيبة مكرمة أزرق و جزدان القياسات: الطول:34*العرض:24سم,In stock
TEXTILES,حقيبة مكرمة أسود,25.0,https://e-shop.psd.gov.jo/625jw4m0557.html,https://e-shop.psd.gov.jo/media/catalog/product/cache/6fe0f40091d9883a4caf18d72ffe3621/_/8/_8822221100000000.png,625JW4M0557,حقيبة مكرمة أسود القياسات: الطول:34*العرض:24سم,In stock
TEXTILES,تعليقة رفوف,12.0,https://e-shop.psd.gov.jo/625jw4m0559.html,https://e-shop.psd.gov.jo/media/catalog/product/cache/6fe0f40091d9883a4caf18d72ffe3621/6/2/625jw6m0361__1.png,625JW4M0559,تعليقة رفوف القياسات: مختلف الأحجام,In stock
TEXTILES,دمى أطفال,6.0,https://e-shop.psd.gov.jo/625jw4m0560.html,https://e-shop.psd.gov.jo/media/catalog/product/cache/6fe0f40091d9883a4caf18d72ffe3621/_/8/_888888812888.png,625JW4M0560,دمى أطفال القياسات: الطول:35*العرض:10سم,Out of stock
TEXTILES,حقيبة كتان سحاب زهري,5.0,https://e-shop.psd.gov.jo/625jw4m0535.html,https://e-shop.psd.gov.jo/media/catalog/product/cache/6fe0f40091d9883a4caf18d72ffe3621/_/4/_4555511111111111111.png,625JW4M0535,حقيبة كتان سحاب زهري القياسات: الطول:43*العرض:40سم,Out of stock
TEXTILES,شماغ أميري 9/2025,16.0,https://e-shop.psd.gov.jo/625jw5m100.html,https://e-shop.psd.gov.jo/media/catalog/product/cache/6fe0f40091d9883a4caf18d72ffe3621/p/h/photoroom-____38_3_5_1_2.png,625JW5M100,شماغ أميري 9/2025 القياسات: عرض1.18*طول1.18سم,Out of stock
TEXTILES,بلوزة طباعة صغير,6.0,https://e-shop.psd.gov.jo/625jw4m0602.html,https://e-shop.psd.gov.jo/media/catalog/product/cache/6fe0f40091d9883a4caf18d72ffe3621/p/h/photoroom-____18_10.png,625JW4M0602,بلوزة طباعة صغير القياسات: الطول:58*العرض44سم,In stock
TEXTILES,بلوزة طباعة كبير,7.0,https://e-shop.psd.gov.jo/625jw4m0603.html,https://e-shop.psd.gov.jo/media/catalog/product/cache/6fe0f40091d9883a4caf18d72ffe3621/p/h/photoroom-____11_9.png,625JW4M0603,بلوزة طباعة كبير القياسات: الطول:44*العرض33سم,In stock
TEXTILES,مفرش كروشية سكني 3 قطع,22.0,https://e-shop.psd.gov.jo/625jw4m0605.html,https://e-shop.psd.gov.jo/media/catalog/product/cache/6fe0f40091d9883a4caf18d72ffe3621/p/h/photoroom-____6_4.png,625JW4M0605,مفرش كروشية سكني 3 قطع القياسات: مختلف الأحجام,In stock
TEXTILES,مكرمة تعليق,12.0,https://e-shop.psd.gov.jo/625jw4m0613.html,https://e-shop.psd.gov.jo/media/catalog/product/cache/6fe0f40091d9883a4caf18d72ffe3621/_/9/_998888888600.png,625JW4M0613,مكرمة تعليق القياسات: الطول:147سم,In stock
TEXTILES,عباءة اسود  تطريز الي,38.0,https://e-shop.psd.gov.jo/625jw4m0611.html,https://e-shop.psd.gov.jo/media/catalog/product/cache/6fe0f40091d9883a4caf18d72ffe3621/p/h/photoroom-____7_11.png,625JW4M0611,عباءة اسود  تطريز الي القياسات: الطول:145*العرض:50سم,In stock
TEXTILES,شال يدوي نيلي,28.0,https://e-shop.psd.gov.jo/625jw4m0608.html,https://e-shop.psd.gov.jo/media/catalog/product/cache/6fe0f40091d9883a4caf18d72ffe3621/_/8/_899999999999.png,625JW4M0608,شال يدوي نيلي القياسات: الطول:1.25*العرض:34سم,Out of stock
TEXTILES,شال كتف نهدي وزهري واخضر,23.0,https://e-shop.psd.gov.jo/625jw4m0609.html,https://e-shop.psd.gov.jo/media/catalog/product/cache/6fe0f40091d9883a4caf18d72ffe3621/_/7/_7777788.png,625JW4M0609,شال كتف نهدي وزهري واخضر القياسات: الطول:1.25*العرض:34سم,Out of stock
TEXTILES,ثوب يدوي جوري ملون,90.0,https://e-shop.psd.gov.jo/625jw4m0615.html,https://e-shop.psd.gov.jo/media/catalog/product/cache/6fe0f40091d9883a4caf18d72ffe3621/p/h/photoroom-____6_6_1.png,625JW4M0615,ثوب يدوي جوري ملون القياسات الطول 68* العرض 142سم,In stock
TEXTILES,شال كتف يدوي تركواز,39.0,https://e-shop.psd.gov.jo/625jw4m0616.html,https://e-shop.psd.gov.jo/media/catalog/product/cache/6fe0f40091d9883a4caf18d72ffe3621/p/h/photoroom-____2_12.png,625JW4M0616,شال كتف يدوي تركواز القياسات الطول 91سم * العرض185 سم,In stock
TEXTILES,شال كتف يدوي أبيض وزهري,29.0,https://e-shop.psd.gov.jo/625jw4m0617.html,https://e-shop.psd.gov.jo/media/catalog/product/cache/6fe0f40091d9883a4caf18d72ffe3621/p/h/photoroom-____3_11_1.png,625JW4M0617,شال كتف يدوي أبيض وزهري القياسات الطول 91سم * العرض185 سم,In stock
TEXTILES,شال كتف يدوي ملون,29.0,https://e-shop.psd.gov.jo/625jw4m0618.html,https://e-shop.psd.gov.jo/media/catalog/product/cache/6fe0f40091d9883a4caf18d72ffe3621/p/h/photoroom-____1_16.png,625JW4M0618,شال كتف يدوي ملون القياسات الطول 91سم * العرض185 سم,Out of stock
TEXTILES,قفطان آلي زيتي وأصفر,38.0,https://e-shop.psd.gov.jo/625jw4m0619.html,https://e-shop.psd.gov.jo/media/catalog/product/cache/6fe0f40091d9883a4caf18d72ffe3621/p/h/photoroom-____4_10_1.png,625JW4M0619,قفطان آلي زيتي وأصفر القياسات الطول: 1.43سم العرض: 60سم,In stock
TEXTILES,قفطان آلي أسود وأخضر,38.0,https://e-shop.psd.gov.jo/625jw4m0620.html,https://e-shop.psd.gov.jo/media/catalog/product/cache/6fe0f40091d9883a4caf18d72ffe3621/p/h/photoroom-____5_11_2.png,625JW4M0620,قفطان آلي أسود وأخضر القياسات الطول: 1.43سم العرض: 60سم,In stock
TEXTILES,ثريا كروشيه,30.0,https://e-shop.psd.gov.jo/625jw4m0626.html,https://e-shop.psd.gov.jo/media/catalog/product/cache/6fe0f40091d9883a4caf18d72ffe3621/1/7/1763637424273.jpg,625JW4M0626,ثريا كروشيه القياسات القطر : 50 سم,Out of stock
TEXTILES,جاكيت وتنورة +طاقية-لفحة فستقي,15.0,https://e-shop.psd.gov.jo/625jw4m0627.html,https://e-shop.psd.gov.jo/media/catalog/product/cache/6fe0f40091d9883a4caf18d72ffe3621/p/h/photoroom-____17_7_1.png,625JW4M0627,جاكيت وتنورة +طاقية-لفحة فستقي القياسات مختلف الأحجام,In stock
TEXTILES,فستان+لفحة+طاقية مشمشي,21.0,https://e-shop.psd.gov.jo/625jw4m0628.html,https://e-shop.psd.gov.jo/media/catalog/product/cache/6fe0f40091d9883a4caf18d72ffe3621/p/h/photoroom-____14_10_2.png,625JW4M0628,فستان+لفحة+طاقية مشمشي القياسات مختلف الأحجام,In stock
TEXTILES,فستان +لفحة+طاقية تركواز,14.0,https://e-shop.psd.gov.jo/625jw4m0629.html,https://e-shop.psd.gov.jo/media/catalog/product/cache/6fe0f40091d9883a4caf18d72ffe3621/p/h/photoroom-____16_10_2.png,625JW4M0629,فستان +لفحة+طاقية تركواز القياسات مختلف الأحجام,In stock
TEXTILES,لفحة أبيض,4.0,https://e-shop.psd.gov.jo/625jw4m0630.html,https://e-shop.psd.gov.jo/media/catalog/product/cache/6fe0f40091d9883a4caf18d72ffe3621/p/h/photoroom-____12_13_1.png,625JW4M0630,لفحة أبيض القياسات الطول:2م,In stock
TEXTILES,لفحة أسود,8.0,https://e-shop.psd.gov.jo/625jw4m0631.html,https://e-shop.psd.gov.jo/media/catalog/product/cache/6fe0f40091d9883a4caf18d72ffe3621/p/h/photoroom-____11_9_1.png,625JW4M0631,لفحة أسود القياسات : 2 متر,In stock
TEXTILES,جاكيت+تنورة ابيض وزهر,12.0,https://e-shop.psd.gov.jo/625jw4m0632.html,https://e-shop.psd.gov.jo/media/catalog/product/cache/6fe0f40091d9883a4caf18d72ffe3621/p/h/photoroom-____18_11.png,625JW4M0632,جاكيت+تنورة ابيض وزهر القياسات مختلف القياسات,In stock
TEXTILES,لفحة وطاقية أسود وأبيض,6.0,https://e-shop.psd.gov.jo/625jw4m0633.html,https://e-shop.psd.gov.jo/media/catalog/product/cache/6fe0f40091d9883a4caf18d72ffe3621/p/h/photoroom-____15_12.png,625JW4M0633,لفحة وطاقية أسود وأبيض القياسات الطول : 2 متر,In stock
TEXTILES,حقيبة مخمل أسود,10.0,https://e-shop.psd.gov.jo/625jw4m0634.html,https://e-shop.psd.gov.jo/media/catalog/product/cache/6fe0f40091d9883a4caf18d72ffe3621/p/h/photoroom-____8_12.png,625JW4M0634,حقيبة مخمل أسود القياسات الطول43   * العرض30 سم,In stock
TEXTILES,حقيبة مخمل زهري,8.0,https://e-shop.psd.gov.jo/625jw4m0635.html,https://e-shop.psd.gov.jo/media/catalog/product/cache/6fe0f40091d9883a4caf18d72ffe3621/p/h/photoroom-____13_11_1.png,625JW4M0635,حقيبة مخمل زهري القياسات الطول43  * العرض30 سم,Out of stock
TEXTILES,حقيبة جلد عسلي,5.0,https://e-shop.psd.gov.jo/625jw4m0636.html,https://e-shop.psd.gov.jo/media/catalog/product/cache/6fe0f40091d9883a4caf18d72ffe3621/_/8/_8888888823-000000_1.png,625JW4M0636,حقيبة جلد عسلي القياسات الطول:24*العرض:24سم,Out of stock
TEXTILES,ثوب تطريز ملون مع خرز,50.0,https://e-shop.psd.gov.jo/625jw0000.html,https://e-shop.psd.gov.jo/media/catalog/product/cache/6fe0f40091d9883a4caf18d72ffe3621/_/9/_99999999_2.png,625JW0000,ثوب تطريز ملون مع خرز القياسات: الطول:1.30*العرض:57سم,In stock
TEXTILES,TOTE BAG (كرز),22.0,https://e-shop.psd.gov.jo/625jw40117.html,https://e-shop.psd.gov.jo/media/catalog/product/cache/6fe0f40091d9883a4caf18d72ffe3621/p/h/photoroom-____12_13_1_1.png,625JW40117,TOTE BAG (كرز) القياسات: 34:الطول:37*العرض,Out of stock
TEXTILES,مرآة كروشية أخضر,13.0,https://e-shop.psd.gov.jo/625jw8m9256.html,https://e-shop.psd.gov.jo/media/catalog/product/cache/6fe0f40091d9883a4caf18d72ffe3621/i/m/img_8252.jpg,625JW8M9256,مرآة كروشية أخضر القياسات: الطول 54 سم * العرض 40سم,In stock
TEXTILES,مرآة كروشية أصفر,19.0,https://e-shop.psd.gov.jo/625jw8m10254.html,https://e-shop.psd.gov.jo/media/catalog/product/cache/6fe0f40091d9883a4caf18d72ffe3621/w/h/whatsapp_image_2023-11-13_at_8.14.57_am_1_.jpeg,625JW8M10254,مرآة كروشية أصفر القياسات: الطول 54سم * العؤض 40 سم,In stock
TEXTILES,مرآة كروشية زهري,14.0,https://e-shop.psd.gov.jo/625jw8m0255.html,https://e-shop.psd.gov.jo/media/catalog/product/cache/6fe0f40091d9883a4caf18d72ffe3621/i/m/img_8261.jpg,625JW8M0255,مرآة كروشية زهري القياسات: الطول 43 سم * العرض 52 سم,In stock
TEXTILES,طقم قرن كروشيه (عين أصفر) قطعتين,18.0,https://e-shop.psd.gov.jo/625jw4m3139.html,https://e-shop.psd.gov.jo/media/catalog/product/cache/6fe0f40091d9883a4caf18d72ffe3621/i/m/img_8338.jpg,625JW4M3139,طقم قرن كروشيه (عين أصفر) قطعتين القياسات: الطول 49 * العرض 36 سم,In stock
TEXTILES,طقم قرن كروشيه عين زهري قطعتين,21.0,https://e-shop.psd.gov.jo/625jw6m0140.html,https://e-shop.psd.gov.jo/media/catalog/product/cache/6fe0f40091d9883a4caf18d72ffe3621/i/m/img_8341.jpg,625JW6M0140,طقم قرن كروشيه عين زهري قطعتين القياسات: الطول 62 سم * العرض 44 سم,In stock
TEXTILES,كوت أطفال أحمر,24.0,https://e-shop.psd.gov.jo/1jw52511000.html,https://e-shop.psd.gov.jo/media/catalog/product/cache/6fe0f40091d9883a4caf18d72ffe3621/i/m/img_8346.jpg,1JW52511000,كوت أطفال أحمر القياسات: الطول1.00م*العرض30سم,Out of stock
TEXTILES,مكرمة بيج,11.0,https://e-shop.psd.gov.jo/625jw4m5134.html,https://e-shop.psd.gov.jo/media/catalog/product/cache/6fe0f40091d9883a4caf18d72ffe3621/1/_/1_115.jpg,625JW4M5134,مكرمة بيج القياسات: الطول 1.50 سم,In stock
TEXTILES,مصحف مطرز,8.0,https://e-shop.psd.gov.jo/2jw4056000.html,https://e-shop.psd.gov.jo/media/catalog/product/cache/6fe0f40091d9883a4caf18d72ffe3621/i/m/img_8269.jpg,625JW4M0595,مصحف مطرز القياسات : الطول 20 سم * العرض 15 سم,In stock
TEXTILES,حقيبة صوف أخضر وزهري,13.0,https://e-shop.psd.gov.jo/625jw6m0326.html,https://e-shop.psd.gov.jo/media/catalog/product/cache/6fe0f40091d9883a4caf18d72ffe3621/d/s/dsc_0251_1.png,625JW6M0326,شنتة صوف أخضر و زهري القياسات: الطول 36سم * العرض 35سم,Out of stock
TEXTILES,مفرش خيش (أحمر),19.0,https://e-shop.psd.gov.jo/1jw73511000.html,https://e-shop.psd.gov.jo/media/catalog/product/cache/6fe0f40091d9883a4caf18d72ffe3621/d/s/dsc_0268_2.png,1JW73511000,مفرش خيش (أحمر) القياسات: الطول 1.50 * العرض 140 سم,Out of stock
TEXTILES,مجسم رجل ثلج,8.0,https://e-shop.psd.gov.jo/1jw7686000.html,https://e-shop.psd.gov.jo/media/catalog/product/cache/6fe0f40091d9883a4caf18d72ffe3621/i/m/img_0653.jpg,1JW7686000,مجسم رجل ثلج القياسات: الطول 20*العرض8سم,Out of stock
TEXTILES,قرن تطريز بني,15.0,https://e-shop.psd.gov.jo/1jw8251000.html,https://e-shop.psd.gov.jo/media/catalog/product/cache/6fe0f40091d9883a4caf18d72ffe3621/i/m/img_0699.jpg,1JW8251000,قرن تطريز بني القياسات: الطول17*العرض17سم,Out of stock
TEXTILES,عباءة تطريز وردة (زهري وأزرق),40.0,https://e-shop.psd.gov.jo/625jw4m018.html,https://e-shop.psd.gov.jo/media/catalog/product/cache/6fe0f40091d9883a4caf18d72ffe3621/7/7/77.jpg,625JW4M018,عباءة تطريز وردة (زهري وأزرق) القياسات: الطول 1.70*العرض24سم,In stock
TEXTILES,Table lamp عمود منجد أبيض وأزرق,25.0,https://e-shop.psd.gov.jo/1mw8718000.html,https://e-shop.psd.gov.jo/media/catalog/product/cache/6fe0f40091d9883a4caf18d72ffe3621/i/m/img_0605.jpg,1MW8718000,Table lamp عمود منجد أبيض وأزرق القياسات: الطول  1.70سم * العرض14 سم,Out of stock
TEXTILES,حقيبة كتان طحيني,6.0,https://e-shop.psd.gov.jo/625jw4m8131.html,https://e-shop.psd.gov.jo/media/catalog/product/cache/6fe0f40091d9883a4caf18d72ffe3621/9/9/99_1.jpg,625JW4M8131,شنتة كتان طحيني القياسات:,In stock
TEXTILES,شنتة صوف ملون,2.0,https://e-shop.psd.gov.jo/1jw9656000.html,https://e-shop.psd.gov.jo/media/catalog/product/cache/6fe0f40091d9883a4caf18d72ffe3621/i/m/img_2569_1.jpg,1JW9656000,شنتة صوف ملون القياسات: الطول 39*العرض 28سم,Out of stock
TEXTILES,صينية خط  أصفر,7.0,https://e-shop.psd.gov.jo/625jw4m3103.html,https://e-shop.psd.gov.jo/media/catalog/product/cache/6fe0f40091d9883a4caf18d72ffe3621/i/m/img_2491_1.jpg,625JW4M3103,صينية خط  أصفر القياسات: لطول 40*العرض 7سم,In stock
TEXTILES,سلة قش,8.0,https://e-shop.psd.gov.jo/625jw4m0102.html,https://e-shop.psd.gov.jo/media/catalog/product/cache/6fe0f40091d9883a4caf18d72ffe3621/i/m/img_2482_1.jpg,625JW4M0102,سلة قش القياسات: الطول33*العرض10سم,In stock
TEXTILES,مكرمة,8.0,https://e-shop.psd.gov.jo/625jw4m559.html,https://e-shop.psd.gov.jo/media/catalog/product/cache/6fe0f40091d9883a4caf18d72ffe3621/i/m/img_2663.jpg,625JW4M559,مكرمة القياسات: الطول 146,In stock
TEXTILES,طقم تطريز اسباني ورود ملونة  خمس قطع,20.0,https://e-shop.psd.gov.jo/1jw10986000.html,https://e-shop.psd.gov.jo/media/catalog/product/cache/6fe0f40091d9883a4caf18d72ffe3621/i/m/img_2479.jpg,1JW10986000,طقم تطريز اسباني ورود ملونة  خمس قطع القياسات: القطر 25*الطول22سم,Out of stock
TEXTILES,طقم قرن صوف أسود  قطعتين,10.0,https://e-shop.psd.gov.jo/625jw4m2138.html,https://e-shop.psd.gov.jo/media/catalog/product/cache/6fe0f40091d9883a4caf18d72ffe3621/i/m/img_2587.jpg,625JW4M2138,طقم قرن صوف أسود  قطعتين القياسات: الطول 37*العرض21سم,In stock
TEXTILES,حقيبة مكرمة خيط رفيع,12.0,https://e-shop.psd.gov.jo/625jw4m0168.html,https://e-shop.psd.gov.jo/media/catalog/product/cache/6fe0f40091d9883a4caf18d72ffe3621/p/h/photo1700483905_1_.jpeg,625JW4M0168,حقيبة مكرمة خيط رفيع القياسات: الطول 29*العرض29سم,Out of stock
TEXTILES,فستان صوف مشمشي,7.0,https://e-shop.psd.gov.jo/625jw4m0217.html,https://e-shop.psd.gov.jo/media/catalog/product/cache/6fe0f40091d9883a4caf18d72ffe3621/i/m/img_2626_1.jpg,625JW4M0217,فستان صوف مشمشي القياسات: لطول 45*العرض18سم,In stock
TEXTILES,فستان صوف أطفال (تطريز  زيتي),8.0,https://e-shop.psd.gov.jo/625jw4m0210.html,https://e-shop.psd.gov.jo/media/catalog/product/cache/6fe0f40091d9883a4caf18d72ffe3621/i/m/img_2622.jpg,625JW4M0210,فستان صوف أطفال (تطريز  زيتي) القياسات: الطول 38*العرض29سم,In stock
TEXTILES,صندوق مخمل,7.0,https://e-shop.psd.gov.jo/625jw4m0229.html,https://e-shop.psd.gov.jo/media/catalog/product/cache/6fe0f40091d9883a4caf18d72ffe3621/i/m/img_2496.jpg,625JW4M0229,صندوق مخمل القياسات: القاعدة 28*الطول 30سم,In stock
TEXTILES,فستان صوف نهدي مع وردة,5.0,https://e-shop.psd.gov.jo/1jw556000.html,https://e-shop.psd.gov.jo/media/catalog/product/cache/6fe0f40091d9883a4caf18d72ffe3621/i/m/img_6885.png,1JW556000,فستان صوف نهدي مع وردة القياسات:عرض 20سم* الطول 46سم,Out of stock
TEXTILES,فستان صوف أزرق-جاكيت أبيض,13.0,https://e-shop.psd.gov.jo/625jw4m4209.html,https://e-shop.psd.gov.jo/media/catalog/product/cache/6fe0f40091d9883a4caf18d72ffe3621/p/h/photo1700483904_1_.jpeg,625JW4M4209,فستان صوف أزرق-جاكيت أبيض القياسات: عرض24سم* الطول50سم,In stock
TEXTILES,فستان (زهري- بيج ),8.0,https://e-shop.psd.gov.jo/625jw4m0208.html,https://e-shop.psd.gov.jo/media/catalog/product/cache/6fe0f40091d9883a4caf18d72ffe3621/p/h/photo1700483904.jpeg,625JW4M0208,فستان (زهري- بيج ) القياسات: عرض 22 سم* الطول 50 سم,In stock
TEXTILES,طقم ملون تعليقة تطريز اسباني مستطيل 3قطع,17.0,https://e-shop.psd.gov.jo/1jw1156000.html,https://e-shop.psd.gov.jo/media/catalog/product/cache/6fe0f40091d9883a4caf18d72ffe3621/i/m/img_6912.png,1JW1156000,طقم ملون تعليقة تطريز اسباني مستطيل 3قطع القياسات: عرض22سم* الطول 50سم,Out of stock
TEXTILES,كيس تراثي كبير  (أحمر),2.0,https://e-shop.psd.gov.jo/2jw12511000.html,https://e-shop.psd.gov.jo/media/catalog/product/cache/6fe0f40091d9883a4caf18d72ffe3621/i/m/img_6915.png,625JW4M0173,كيس قماشي تطريز أحمر القياسات: الطول 40*العرض 36سم,Out of stock
TEXTILES,طقم شرشف طاولة رسمة( وردة 3 قطع ),20.0,https://e-shop.psd.gov.jo/625jw4m5126.html,https://e-shop.psd.gov.jo/media/catalog/product/cache/6fe0f40091d9883a4caf18d72ffe3621/i/m/img_6961.png,625JW4M5126,طقم شرشف طاولة رسمة( وردة 3 قطع ) القياسات: عدة أحجام,In stock
TEXTILES,صندوق كحلي مخمل,11.0,https://e-shop.psd.gov.jo/625jw4m0227.html,https://e-shop.psd.gov.jo/media/catalog/product/cache/6fe0f40091d9883a4caf18d72ffe3621/i/m/img_6964.png,625JW4M0227,صندوق كحلي مخمل القياسات: الطول: 60*العرض: 28سم,In stock
TEXTILES,صندوق مطرز (أحمر),11.0,https://e-shop.psd.gov.jo/625jw4m082.html,https://e-shop.psd.gov.jo/media/catalog/product/cache/6fe0f40091d9883a4caf18d72ffe3621/i/m/img_6927_1_.jpg,625JW4M082,صندوق مطرز (أحمر) القياسات: عرض 27سم*  الطول 23سم,In stock
TEXTILES,برواز تطريز(بيت),20.0,https://e-shop.psd.gov.jo/1jw24106000.html,https://e-shop.psd.gov.jo/media/catalog/product/cache/6fe0f40091d9883a4caf18d72ffe3621/i/m/img_6971.png,1JW24106000,برواز تطريز(بيت) القياسات: عرض 39سم * الطول 60سم,Out of stock
TEXTILES,برواز تطريز (لفظ الجلالة),20.0,https://e-shop.psd.gov.jo/625jw4m0137.html,https://e-shop.psd.gov.jo/media/catalog/product/cache/6fe0f40091d9883a4caf18d72ffe3621/3/_/3_39_1_1.jpg,625JW4M0137,برواز تطريز (لفظ الجلالة) القياسات: عرض 23سم* الطول 41سم,In stock
TEXTILES,طقم كوت وحقيبة,27.0,https://e-shop.psd.gov.jo/625jw4m0640.html,https://e-shop.psd.gov.jo/media/catalog/product/cache/6fe0f40091d9883a4caf18d72ffe3621/_/9/_980000000000000000099.png,625JW4M0640,طقم كوت وحقيبة القياسات: طول الكوت:64*العرض34سم,In stock
TEXTILES,حقيبة مخمل بيج,6.0,https://e-shop.psd.gov.jo/625jw4m0641.html,https://e-shop.psd.gov.jo/media/catalog/product/cache/6fe0f40091d9883a4caf18d72ffe3621/_/9/_90008.png,625JW4M0641,حقيبة مخمل بيج القياسات: الطول:35*العرض:40 سم,Out of stock
TEXTILES,حقيبة أطفال مخمل,10.0,https://e-shop.psd.gov.jo/625jw4m0645.html,https://e-shop.psd.gov.jo/media/catalog/product/cache/6fe0f40091d9883a4caf18d72ffe3621/_/0/_00.png,625JW4M0645,حقيبة أطفال مخمل القياسات: الطول:37*العرض:42سم,In stock
TEXTILES,سجادة عسلي وسط,47.0,https://e-shop.psd.gov.jo/625jw4m0650.html,https://e-shop.psd.gov.jo/media/catalog/product/cache/6fe0f40091d9883a4caf18d72ffe3621/_/8/_89901_1.png,625JW4M0650,سجادة عسلي وسط القطر:152 سم,In stock
TEXTILES,ثوب يدوي أسود وزهري,100.0,https://e-shop.psd.gov.jo/625jw4m0652.html,https://e-shop.psd.gov.jo/media/catalog/product/cache/6fe0f40091d9883a4caf18d72ffe3621/_/8/_89990.png,625JW4M0652,ثوب يدوي أسود وزهري القياسات: الطول:145*العرض:50سم,In stock
TEXTILES,قرن تراثي طقم 3 قطع,11.0,https://e-shop.psd.gov.jo/625jw4m0657.html,https://e-shop.psd.gov.jo/media/catalog/product/cache/6fe0f40091d9883a4caf18d72ffe3621/_/3/_3688888888888.png,625JW4M0657,قرن تراثي طقم 3 قطع القياسات: مختلف الأحجام,In stock
TEXTILES,حزام كروشيه,3.0,https://e-shop.psd.gov.jo/625jw4m0658.html,https://e-shop.psd.gov.jo/media/catalog/product/cache/6fe0f40091d9883a4caf18d72ffe3621/_/7/_79999999999.png,625JW4M0658,حزام كروشيه القياسات: الطول:167سم,In stock
TEXTILES,هودي رياضي (شماغ),18.0,https://e-shop.psd.gov.jo/625jw4m0659.html,https://e-shop.psd.gov.jo/media/catalog/product/cache/6fe0f40091d9883a4caf18d72ffe3621/_/9/_990877777777777.png,625JW4M0659,هودي رياضي (شماغ) القياسات: الطول:66*العرض:47سم,In stock
TEXTILES,قميص أبيض يدوي,15.0,https://e-shop.psd.gov.jo/625jw4m0660.html,https://e-shop.psd.gov.jo/media/catalog/product/cache/6fe0f40091d9883a4caf18d72ffe3621/f/i/file_3_1.jpg,625JW4M0660,قميص أبيض يدوي القياسات: الطول:63*العرض:40سم,In stock
TEXTILES,ثوب يدوي زيتي ومشمشي,140.0,https://e-shop.psd.gov.jo/625jw4m0661.html,https://e-shop.psd.gov.jo/media/catalog/product/cache/6fe0f40091d9883a4caf18d72ffe3621/_/9/_900000000000000.png,625JW4M0661,ثوب يدوي زيتي ومشمشي القياسات: الطول:133*العرض:67سم,In stock
TEXTILES,ثوب يدوي نيلي وأزرق,125.0,https://e-shop.psd.gov.jo/625jw4m0662.html,https://e-shop.psd.gov.jo/media/catalog/product/cache/6fe0f40091d9883a4caf18d72ffe3621/_/8/_88989898989898989898989898989.png,625JW4M0662,ثوب يدوي نيلي وأزرق القياسات: الطول:133*العرض:67سم,In stock
TEXTILES,ثوب يدوي خمري وتركواز,135.0,https://e-shop.psd.gov.jo/625jw4m0663.html,https://e-shop.psd.gov.jo/media/catalog/product/cache/6fe0f40091d9883a4caf18d72ffe3621/_/8/_899999999999999999999999999.png,625JW4M0663,ثوب يدوي خمري وتركواز القياسات: الطول:133*العرض:67سم,In stock
TEXTILES,ثوب يدوي كحلي وزهري,120.0,https://e-shop.psd.gov.jo/625jw4m0664.html,https://e-shop.psd.gov.jo/media/catalog/product/cache/6fe0f40091d9883a4caf18d72ffe3621/_/9/_900000000000000000.png,625JW4M0664,ثوب يدوي كحلي وزهري القياسات: الطول:133*العرض:67سم,In stock
TEXTILES,ثوب يدوي بيج وخمري,140.0,https://e-shop.psd.gov.jo/625jw4m0665.html,https://e-shop.psd.gov.jo/media/catalog/product/cache/6fe0f40091d9883a4caf18d72ffe3621/_/9/_908787.png,625JW4M0665,ثوب يدوي بيج وخمري القياسات: الطول:133*العرض:67سم,In stock
TEXTILES,hand bag خيش كبير,5.0,https://e-shop.psd.gov.jo/625jw4m0666.html,https://e-shop.psd.gov.jo/media/catalog/product/cache/6fe0f40091d9883a4caf18d72ffe3621/_/8/_8999999999999999.png,625JW4M0666,hand bag خيش كبير القياسات: الطول:24*العرض:24سم,In stock
TEXTILES,hand bag خيش صغير,4.0,https://e-shop.psd.gov.jo/625jw4m0667.html,https://e-shop.psd.gov.jo/media/catalog/product/cache/6fe0f40091d9883a4caf18d72ffe3621/_/8/_8999999999999999_1.png,625JW4M0667,hand bag خيش صغير القياسات: الطول:18*العرض:20سم,Out of stock
TEXTILES,حافظة طعام نصف دائري,8.0,https://e-shop.psd.gov.jo/625jw4m0668.html,https://e-shop.psd.gov.jo/media/catalog/product/cache/6fe0f40091d9883a4caf18d72ffe3621/_/8/_8999999999999.png,625JW4M0668,حافظة طعام نصف دائري القياسات: القطر: 40 سم,In stock
TEXTILES,ميداليات شماغ,2.0,https://e-shop.psd.gov.jo/625jw4m0669.html,https://e-shop.psd.gov.jo/media/catalog/product/cache/6fe0f40091d9883a4caf18d72ffe3621/_/9/_9999999999__1_1_2.png,625JW4M0669,ميداليات شماغ القياسات: الطول:10 سم,In stock
TEXTILES,ميدالية علم الأردن,1.0,https://e-shop.psd.gov.jo/625jw4m0670.html,https://e-shop.psd.gov.jo/media/catalog/product/cache/6fe0f40091d9883a4caf18d72ffe3621/p/h/photo_2024-09-02_11-36-27_1_1.jpg,625JW4M0670,ميدالية علم الأردن القياسات: الطول:10 سم,In stock
TEXTILES,بلوزة تراثي أبيض polo,12.0,https://e-shop.psd.gov.jo/625jw4m0675.html,https://e-shop.psd.gov.jo/media/catalog/product/cache/6fe0f40091d9883a4caf18d72ffe3621/_/2/_2333333333333333333333333.png,625JW4M0675,بلوزة تراثي أبيض polo القياسات: الطول:65*العرض:40سم,In stock
TEXTILES,بلوزة تراثي أسود polo,12.0,https://e-shop.psd.gov.jo/625jw4m0676.html,https://e-shop.psd.gov.jo/media/catalog/product/cache/6fe0f40091d9883a4caf18d72ffe3621/_/9/_9.png,625JW4M0676,بلوزة تراثي أسود polo القياسات: الطول:65*العرض:40سم,In stock
TEXTILES,(كوت أطفال أزرق فاتح (حرام+ 6  قطع,20.0,https://e-shop.psd.gov.jo/1jw13256000.html,https://e-shop.psd.gov.jo/media/catalog/product/cache/6fe0f40091d9883a4caf18d72ffe3621/i/m/img_5137.jpg,1JW13256000,كوت أطفال أزرق فاتح حرام+ 6  قطع القياسات: الفرشة 70 سم طول الحرام 1.00سم,Out of stock
TEXTILES,مفرش بيج و سكني,20.0,https://e-shop.psd.gov.jo/625jw4m511.html,https://e-shop.psd.gov.jo/media/catalog/product/cache/6fe0f40091d9883a4caf18d72ffe3621/i/m/img_5068.jpg,625JW4M511,مفرش بيج و سكني القياسات: الطول 87 سم,In stock
TEXTILES,مرطبان ( زجاجي),4.0,https://e-shop.psd.gov.jo/625jw6m561.html,https://e-shop.psd.gov.jo/media/catalog/product/cache/6fe0f40091d9883a4caf18d72ffe3621/i/m/img_6404_1.jpg,625JW6M561,مرتبان زجاج خيط كروشيه 3 قطع القياسات: الطول20سم * القاعدة9سم,In stock
TEXTILES,حقيبة خيش (نهدي),3.0,https://e-shop.psd.gov.jo/625jw4m078.html,https://e-shop.psd.gov.jo/media/catalog/product/cache/6fe0f40091d9883a4caf18d72ffe3621/i/m/img_1775_1.jpg,625JW4M078,حقيبة خيش (نهدي) القياسات: الطول45*عرض25سم,In stock
TEXTILES,كيس خيش (لعبة),3.0,https://e-shop.psd.gov.jo/625jw4m579.html,https://e-shop.psd.gov.jo/media/catalog/product/cache/6fe0f40091d9883a4caf18d72ffe3621/i/m/img_1781_1.jpg,625JW4M579,كيس خيش (لعبة) القياسات: الطول38*عرض35سم,In stock
TEXTILES,شال كتف كروشيه شتوي,25.0,https://e-shop.psd.gov.jo/1jw15356000.html,https://e-shop.psd.gov.jo/media/catalog/product/cache/6fe0f40091d9883a4caf18d72ffe3621/i/m/img_1823_1.jpg,1JW15356001,شال كتف كروشيه شتوي القياسات: الطول83*عرض136سم,Out of stock
TEXTILES,كاب أسود تطريز ذهبي وأخضر,22.0,https://e-shop.psd.gov.jo/1jw15856000.html,https://e-shop.psd.gov.jo/media/catalog/product/cache/6fe0f40091d9883a4caf18d72ffe3621/0/1/01.jpg,1JW15856000,كاب أسود تطريز ذهبي وأخضر القياسات: الطول 80*العرض67سم,Out of stock
TEXTILES,عباءة جورجيت تطريز ذهبي (خرز ),32.0,https://e-shop.psd.gov.jo/625jw4m8181.html,https://e-shop.psd.gov.jo/media/catalog/product/cache/6fe0f40091d9883a4caf18d72ffe3621/7/_/7_1.jpg,625JW4M8181,عباءة جورجيت تطريز ذهبي (خرز ) القياسات: الطول 143*العرض57سم,In stock
TEXTILES,عباءة جورجيت أسود (ورد وألوان ),34.0,https://e-shop.psd.gov.jo/625jw4m0283.html,https://e-shop.psd.gov.jo/media/catalog/product/cache/6fe0f40091d9883a4caf18d72ffe3621/6/2/625jw4m0283_.png,625JW4M0283,عباءة جورجيت أسود (ورد وألوان ) القياست: الطول 143*العرض55سم,Out of stock
TEXTILES,عباءة جورجيت أسود تطريز (ذهبي),30.0,https://e-shop.psd.gov.jo/625jw4m8287.html,https://e-shop.psd.gov.jo/media/catalog/product/cache/6fe0f40091d9883a4caf18d72ffe3621/6/2/625jw4m8287_.png,625JW4M8287,عباءة جورجيت أسود تطريز (ذهبي) القياسات: الطول 143*العرض50سم,In stock
TEXTILES,كوت أطفال (أحمر ),20.0,https://e-shop.psd.gov.jo/625jw4m03.html,https://e-shop.psd.gov.jo/media/catalog/product/cache/6fe0f40091d9883a4caf18d72ffe3621/i/m/img_6697.jpg,625JW4M03,كوت أطفال (أحمر ) القياسات: الفرشة 70 سم طول الحرام 1.00سم,Out of stock
TEXTILES,(كوت أطفال أزرق و سكني  (حرام+ 6  قطع,20.0,https://e-shop.psd.gov.jo/1jw16856000.html,https://e-shop.psd.gov.jo/media/catalog/product/cache/6fe0f40091d9883a4caf18d72ffe3621/i/m/img_6682_1.jpg,1JW16856000,كوت أطفال أزرق و سكني  حرام+ 6  قطع القياسات: الفرشة 70 سم طول الحرام 1.00سم,Out of stock
TEXTILES,(كوت أطفال كحلي و أحمر  (حرام+ 6  قطع,20.0,https://e-shop.psd.gov.jo/1jw16956000.html,https://e-shop.psd.gov.jo/media/catalog/product/cache/6fe0f40091d9883a4caf18d72ffe3621/i/m/img_6700_1.jpg,1JW16956000,كوت أطفال حكلي و أحمر  حرام+ 6  قطع القياسات: الفرشة 70 سم طول الحرام 1.00سم,Out of stock
TEXTILES,تعليقة رف (خشب),10.0,https://e-shop.psd.gov.jo/625jw1m164.html,https://e-shop.psd.gov.jo/media/catalog/product/cache/6fe0f40091d9883a4caf18d72ffe3621/i/m/img_6745_1.jpg,625JW1M164,تعليقة رف (خشب) القياسات: الطول 120سم,In stock
TEXTILES,تعليقة رف بيج,9.0,https://e-shop.psd.gov.jo/625jw4m5100.html,https://e-shop.psd.gov.jo/media/catalog/product/cache/6fe0f40091d9883a4caf18d72ffe3621/p/h/photo1700483910_1_.jpeg,625JW4M5100,تعليقة رف بيج القياسات: الطول65 سم,In stock
TEXTILES,تعليقة 3 رفوف( زيتي),11.0,https://e-shop.psd.gov.jo/625jw4m558.html,https://e-shop.psd.gov.jo/media/catalog/product/cache/6fe0f40091d9883a4caf18d72ffe3621/p/h/photo1700483910.jpeg,625JW4M558,تعليقة 3 رفوف( زيتي) القياسات: الطول 160سم,In stock
TEXTILES,صندوق مخمل كبير زهري,5.0,https://e-shop.psd.gov.jo/1jw17656000.html,https://e-shop.psd.gov.jo/media/catalog/product/cache/6fe0f40091d9883a4caf18d72ffe3621/i/m/img_6636.jpg,1JW17656000,صندوق مخمل كبير زهري القياسات: الطول32*العرض32سم,Out of stock
TEXTILES,شال كتف مستطيل بيج (آلي),5.0,https://e-shop.psd.gov.jo/625jw40105.html,https://e-shop.psd.gov.jo/media/catalog/product/cache/6fe0f40091d9883a4caf18d72ffe3621/i/m/img_6709.jpg,625JW40105,شال كتف مستطيل بيج (آلي) القياسات: الطول 1.37*العرض 32سم,In stock
TEXTILES,كيس تراثي مختلف الألوان,2.0,https://e-shop.psd.gov.jo/625jw6m0141.html,https://e-shop.psd.gov.jo/media/catalog/product/cache/6fe0f40091d9883a4caf18d72ffe3621/6/2/625jw6m0141_.png,625JW6M0141,كيس تراثي مختلف الألوان القياسات: طول 43*عرض 36سم,In stock
TEXTILES,شنتة مدرسية جينز أسود (spider man),6.0,https://e-shop.psd.gov.jo/1jw18956000.html,https://e-shop.psd.gov.jo/media/catalog/product/cache/6fe0f40091d9883a4caf18d72ffe3621/1/0/1000031509.jpg,1JW18956000,شنتة مدرسية جينز أسود (spider man) القياسات: الطول 41*عرض 39سم,Out of stock
TEXTILES,فستان صوف زهري وسكني,12.0,https://e-shop.psd.gov.jo/1jw19356000.html,https://e-shop.psd.gov.jo/media/catalog/product/cache/6fe0f40091d9883a4caf18d72ffe3621/1/0/1000031581.jpg,1JW19356000,فستان صوف زهري وسكني القياسات: الطول 46*عرض28,Out of stock
TEXTILES,طقم كاب وتنورة (أورانج +أصفر),12.0,https://e-shop.psd.gov.jo/625jw4m3205.html,https://e-shop.psd.gov.jo/media/catalog/product/cache/6fe0f40091d9883a4caf18d72ffe3621/1/0/1000031573.jpg,625JW4M3205,طقم كاب وتنورة (أورانج +أصفر) القياسات: طول التنورة42*عرض 33سم طول الكاب 30*عرض49سم,In stock
TEXTILES,فستان صوف طبقات,13.0,https://e-shop.psd.gov.jo/625jw6m0142.html,https://e-shop.psd.gov.jo/media/catalog/product/cache/6fe0f40091d9883a4caf18d72ffe3621/1/0/1000031569_1.jpg,625JW6M0142,فستان صوف طبقات القياسات: الطول37*عرض29سم,In stock
TEXTILES,طقم تنورة وبلوزة وطاقية,12.0,https://e-shop.psd.gov.jo/1jw19656000.html,https://e-shop.psd.gov.jo/media/catalog/product/cache/6fe0f40091d9883a4caf18d72ffe3621/1/0/1000031583.jpg,1JW19656000,طقم تنورة وبلوزة وطاقية القياسات: الطول التنورة 31سم *عرض39سم,Out of stock
TEXTILES,فستان  صوف (زهري),9.0,https://e-shop.psd.gov.jo/625jw4m0202.html,https://e-shop.psd.gov.jo/media/catalog/product/cache/6fe0f40091d9883a4caf18d72ffe3621/1/0/1000031577_1.jpg,625JW4M0202,فستان  صوف (زهري) القياسات: الطول 48*عرض36سم,In stock
TEXTILES,صواني تطريز,5.0,https://e-shop.psd.gov.jo/2jw199511000.html,https://e-shop.psd.gov.jo/media/catalog/product/cache/6fe0f40091d9883a4caf18d72ffe3621/1/0/1000031563.jpg,2JW199511000,صواني تطريز القياسات: الطول41*عرض31سم,Out of stock
TEXTILES,سجادة يدوي زهري وسكني,20.0,https://e-shop.psd.gov.jo/625jw6m0371.html,https://e-shop.psd.gov.jo/media/catalog/product/cache/6fe0f40091d9883a4caf18d72ffe3621/1/0/1000031589.jpg,625JW6M0371,سجادة يدوي زهري وسكني القياسات: الطول 93*قطر 84سم,In stock
TEXTILES,سجادة دائرية أزرق,16.0,https://e-shop.psd.gov.jo/625jw4m49.html,https://e-shop.psd.gov.jo/media/catalog/product/cache/6fe0f40091d9883a4caf18d72ffe3621/1/0/1000031593.jpg,625JW4M49,سجادة دائرية أزرق القياسات: الطول 80*قطر 82سم,In stock
TEXTILES,سجادة (برتقالي وأسود),23.0,https://e-shop.psd.gov.jo/625jw4m07.html,https://e-shop.psd.gov.jo/media/catalog/product/cache/6fe0f40091d9883a4caf18d72ffe3621/1/0/1000031597.jpg,625JW4M07,سجادة (برتقالي وأسود) القياسات: الطول106*عرض92سم,Out of stock
TEXTILES,سجادة عسلي كبير,551.0,https://e-shop.psd.gov.jo/625jw4m0649.html,https://e-shop.psd.gov.jo/media/catalog/product/cache/6fe0f40091d9883a4caf18d72ffe3621/_/8/_89901.png,625JW4M0649,سجادة عسلي كبير القياسات: القطر :180سم,Out of stock
TEXTILES,فستان شماغ كبير,10.0,https://e-shop.psd.gov.jo/625jw4m0552.html,https://e-shop.psd.gov.jo/media/catalog/product/cache/6fe0f40091d9883a4caf18d72ffe3621/_/1/_1222101098777.png,625JW4M0552,فستان شماغ كبير القياسات: الطول:84*العرض:50سم,Out of stock
SOUVENIRS & ANTIQUES,خارطة الأردن (علم),3.0,https://e-shop.psd.gov.jo/625sws515.html,https://e-shop.psd.gov.jo/media/catalog/product/cache/6fe0f40091d9883a4caf18d72ffe3621/_/9/_908_1.png,625SWS515,خارطة الأردن (علم) القياسات: الطول:24*العرض:15سم,In stock
SOUVENIRS & ANTIQUES,خارطة الأردن (شماغ),3.0,https://e-shop.psd.gov.jo/625sws514.html,https://e-shop.psd.gov.jo/media/catalog/product/cache/6fe0f40091d9883a4caf18d72ffe3621/_/9/_90333333333.png,625SWS514,خارطة الأردن (شماغ) القياسات: الطول:23*العرض:17سم,In stock
SOUVENIRS & ANTIQUES,مجسم علم الأردن (قلب),3.0,https://e-shop.psd.gov.jo/625sws513.html,https://e-shop.psd.gov.jo/media/catalog/product/cache/6fe0f40091d9883a4caf18d72ffe3621/_/9/_902222.png,625SWS513,مجسم علم الأردن (قلب) القياسات: الطول:24*العرض:13سم,In stock
SOUVENIRS & ANTIQUES,تعليقة خرز ملون 2 قطعة,3.0,https://e-shop.psd.gov.jo/625jw4m0642.html,https://e-shop.psd.gov.jo/media/catalog/product/cache/6fe0f40091d9883a4caf18d72ffe3621/_/0/_0000000_3.png,625JW4M0642,تعليقة خرز ملون 2 قطعة القياسات: الطول:10 سم,In stock
SOUVENIRS & ANTIQUES,مسابح كرستال,3.0,https://e-shop.psd.gov.jo/625jw40114.html,https://e-shop.psd.gov.jo/media/catalog/product/cache/6fe0f40091d9883a4caf18d72ffe3621/_/9/_99999.png,625JW40114,مسابح كرستال القياسات: الطول:10 سم,In stock
SOUVENIRS & ANTIQUES,فازا لون أسود,15.0,https://e-shop.psd.gov.jo/625mw1m230.html,https://e-shop.psd.gov.jo/media/catalog/product/cache/6fe0f40091d9883a4caf18d72ffe3621/1/0/1000038265.jpg,625MW1M230,فازا أسود القياسات الطول32*العرض26سم,Out of stock
SOUVENIRS & ANTIQUES,محلاية ورقية بغطاء,5.0,https://e-shop.psd.gov.jo/625mw1m26.html,https://e-shop.psd.gov.jo/media/catalog/product/cache/6fe0f40091d9883a4caf18d72ffe3621/1/0/1000038400.jpg,625MW1M26,محلاية ورقية بغطاء القياسات الطول12*العرض20سم,In stock
SOUVENIRS & ANTIQUES,فازا ورقية بدون غطاء,6.0,https://e-shop.psd.gov.jo/625mw1m25.html,https://e-shop.psd.gov.jo/media/catalog/product/cache/6fe0f40091d9883a4caf18d72ffe3621/1/0/1000038406.jpg,625MW1M25,فازا ورقية بدون غطاء القياسات الطول33*العرض15سم,In stock
SOUVENIRS & ANTIQUES,حقيبة خرز ملون,3.0,https://e-shop.psd.gov.jo/625jw6m0308.html,https://e-shop.psd.gov.jo/media/catalog/product/cache/6fe0f40091d9883a4caf18d72ffe3621/m/s/msg-758203462-4934.jpg,625JW6M0308,حقيبةخرز ملون القياسات طول18*عرض10سم,Out of stock
SOUVENIRS & ANTIQUES,صينية خرز مع مرآة,17.0,https://e-shop.psd.gov.jo/1jw26156000.html,https://e-shop.psd.gov.jo/media/catalog/product/cache/6fe0f40091d9883a4caf18d72ffe3621/p/h/photoroom-____27.png,1JW26156000,صينية خرز مع مرآة القياسات: طول7*عرض41سم,Out of stock
SOUVENIRS & ANTIQUES,طاولة مع قرن Runner,15.0,https://e-shop.psd.gov.jo/1jw27256000.html,https://e-shop.psd.gov.jo/media/catalog/product/cache/6fe0f40091d9883a4caf18d72ffe3621/p/h/photoroom-____30.png,1JW27256000,طاولة مع قرن Runner القياسات: طول137*عرض47سم,Out of stock
SOUVENIRS & ANTIQUES,حقيبة  أبيض وأسود (خرز),14.0,https://e-shop.psd.gov.jo/625jw6m2197.html,https://e-shop.psd.gov.jo/media/catalog/product/cache/6fe0f40091d9883a4caf18d72ffe3621/f/i/file.png,625JW6M2197,حقيبة  أبيض وأسود (خرز) القياسات: طول30*عرض 15سم,Out of stock
SOUVENIRS & ANTIQUES,صندوق خرز(أخضر),12.0,https://e-shop.psd.gov.jo/625jw6m9105.html,https://e-shop.psd.gov.jo/media/catalog/product/cache/6fe0f40091d9883a4caf18d72ffe3621/p/h/photoroom-____2_1_4.png,625JW6M9105,صندوق خرز أخضر القياسات: طول7*عرض 26سم,In stock
SOUVENIRS & ANTIQUES,عرباي خرز,10.0,https://e-shop.psd.gov.jo/1jw30058000.html,https://e-shop.psd.gov.jo/media/catalog/product/cache/6fe0f40091d9883a4caf18d72ffe3621/p/h/photoroom-____43_3.png,1JW30058000,عرباي خرز القياسات: طول23*عرض 23سم,Out of stock
SOUVENIRS & ANTIQUES,حجر نحت (زي تقليدي),200.0,https://e-shop.psd.gov.jo/1fa101060087.html,https://e-shop.psd.gov.jo/media/catalog/product/cache/6fe0f40091d9883a4caf18d72ffe3621/w/h/whatsapp_image_2024-07-23_at_10.04.35_am_1_.jpeg,1FA101060087,حجر نحت (زي تقليدي) القياسات الطول40*العرض20 سم,In stock
SOUVENIRS & ANTIQUES,ميداليات فراشة,1.0,https://e-shop.psd.gov.jo/625jw6s091.html,https://e-shop.psd.gov.jo/media/catalog/product/cache/6fe0f40091d9883a4caf18d72ffe3621/p/h/photoroom-____36_3_1.png,625JW6S091,ميداليات فراشة القياسات الطول11سم,Out of stock
SOUVENIRS & ANTIQUES,طقم خرز وردة نهدي (3قطع),29.0,https://e-shop.psd.gov.jo/1jw37456000.html,https://e-shop.psd.gov.jo/media/catalog/product/cache/6fe0f40091d9883a4caf18d72ffe3621/p/h/photoroom-____10_4.png,1JW37456000,طقم خرز وردة نهدي (3قطع) القياسات مختلف الأحجام,Out of stock
SOUVENIRS & ANTIQUES,مفرش طاولة سنارة (4قطع),34.0,https://e-shop.psd.gov.jo/625jw4m78.html,https://e-shop.psd.gov.jo/media/catalog/product/cache/6fe0f40091d9883a4caf18d72ffe3621/p/h/photoroom-____15_3_1.png,625JW4M78,مفرش طاولة سنارة (4قطع) القياسات مختلف الأحجام,In stock
SOUVENIRS & ANTIQUES,منظر جبص سكني البتراء,5.0,https://e-shop.psd.gov.jo/2mw24026000.html,https://e-shop.psd.gov.jo/media/catalog/product/cache/6fe0f40091d9883a4caf18d72ffe3621/p/h/photo_2024-08-08_08-50-17.jpg,2MW24026000,منظر جبص سكني البتراء القياسات: الطول35*العرض35سم,Out of stock
SOUVENIRS & ANTIQUES,حقيبة لؤلؤ (سلاسل),15.0,https://e-shop.psd.gov.jo/625jw6m6198.html,https://e-shop.psd.gov.jo/media/catalog/product/cache/6fe0f40091d9883a4caf18d72ffe3621/w/h/whatsapp_image_2024-08-08_at_8.06.47_am_13_.jpeg,625JW6M6198,حقيبة لؤلؤ (سلاسل) القياسات: الطول 6 * العرض26 سم,Out of stock
SOUVENIRS & ANTIQUES,شنتة لؤلؤ اسود,13.0,https://e-shop.psd.gov.jo/1jw41086000.html,https://e-shop.psd.gov.jo/media/catalog/product/cache/6fe0f40091d9883a4caf18d72ffe3621/w/h/whatsapp_image_2024-08-08_at_8.06.47_am_2_.jpeg,1JW41086000,شنتة لؤلؤ اسود القياسات: الطول 6 * العرض26 سم,Out of stock
SOUVENIRS & ANTIQUES,تعليقة سيارة عين,2.0,https://e-shop.psd.gov.jo/625jw6s087.html,https://e-shop.psd.gov.jo/media/catalog/product/cache/6fe0f40091d9883a4caf18d72ffe3621/w/h/whatsapp_image_2024-08-08_at_8.06.48_am_1_.jpeg,625JW6S087,تعليقة سيارة عين القياسات: الطول25  * العرض3 سم,Out of stock
SOUVENIRS & ANTIQUES,مهباش صغير8,8.0,https://e-shop.psd.gov.jo/625mw9010.html,https://e-shop.psd.gov.jo/media/catalog/product/cache/6fe0f40091d9883a4caf18d72ffe3621/w/h/whatsapp_image_2024-08-11_at_1.10.04_pm_2_.jpeg,625MW9010,8مهباش صغير القياسات طول 40* عرض12,In stock
SOUVENIRS & ANTIQUES,منظر مكتبي الله نور السموات,4.0,https://e-shop.psd.gov.jo/625mw1m0562.html,https://e-shop.psd.gov.jo/media/catalog/product/cache/6fe0f40091d9883a4caf18d72ffe3621/w/h/whatsapp_image_2024-08-11_at_12.57.05_pm_35_.jpeg,625MW1M0562,منظر مكتبي الله نور السموات القياسات طول 20* عرض22,In stock
SOUVENIRS & ANTIQUES,منظر جيتار أسود,4.0,https://e-shop.psd.gov.jo/625mw1m05611.html,https://e-shop.psd.gov.jo/media/catalog/product/cache/6fe0f40091d9883a4caf18d72ffe3621/w/h/whatsapp_image_2024-08-11_at_12.57.05_pm_33_.jpeg,625MW1M05611,منظر جيتار أسود القياسات طول 21* عرض13,In stock
SOUVENIRS & ANTIQUES,منظر تبارك الله أحسن الخالقين,4.0,https://e-shop.psd.gov.jo/625mw1m05661.html,https://e-shop.psd.gov.jo/media/catalog/product/cache/6fe0f40091d9883a4caf18d72ffe3621/w/h/whatsapp_image_2024-08-11_at_12.57.05_pm_32_.jpeg,625MW1M05661,منظر تبارك الله أحسن الخالقين القياسات طول 20* عرض20,In stock
SOUVENIRS & ANTIQUES,منظر مكتبي البسملة أحمر,4.0,https://e-shop.psd.gov.jo/625mw1m05635.html,https://e-shop.psd.gov.jo/media/catalog/product/cache/6fe0f40091d9883a4caf18d72ffe3621/w/h/whatsapp_image_2024-08-11_at_12.57.05_pm_30_.jpeg,625MW1M05635,منظر مكتبي البسملة أحمر القياسات طول 19* عرض20,In stock
SOUVENIRS & ANTIQUES,منظر سبحانك الله 1,4.0,https://e-shop.psd.gov.jo/625mw1m05650.html,https://e-shop.psd.gov.jo/media/catalog/product/cache/6fe0f40091d9883a4caf18d72ffe3621/w/h/whatsapp_image_2024-08-11_at_12.57.05_pm_29_.jpeg,625MW1M05650,منظر سبحانك الله 1 القياسات طول 24* عرض24,In stock
SOUVENIRS & ANTIQUES,مركبة أوريغامي,15.0,https://e-shop.psd.gov.jo/1sw16236000.html,https://e-shop.psd.gov.jo/media/catalog/product/cache/6fe0f40091d9883a4caf18d72ffe3621/f/i/file_2_1.png,1sw16236000,مركبة أوريغامي القياسات: الطول 25*العرض 60سم,Out of stock
SOUVENIRS & ANTIQUES,تعليقة سيارة(الأردن) 2 قطعة,3.0,https://e-shop.psd.gov.jo/625jw40112.html,https://e-shop.psd.gov.jo/media/catalog/product/cache/6fe0f40091d9883a4caf18d72ffe3621/p/h/photo_2024-09-02_11-15-49.jpg,625JW40112,تعليقة سيارة(الأردن) 2 قطعة القياسات: أحجام مختلفة,In stock
SOUVENIRS & ANTIQUES,مضيفة قلوب ملون,11.0,https://e-shop.psd.gov.jo/1jw42286000.html,https://e-shop.psd.gov.jo/media/catalog/product/cache/6fe0f40091d9883a4caf18d72ffe3621/p/h/photo_2024-09-02_11-26-54.jpg,1JW42286000,مضيفة قلوب ملون القياسات: الطول6  * العرض18 سم,Out of stock
SOUVENIRS & ANTIQUES,مضيفة قلب أبيض,11.0,https://e-shop.psd.gov.jo/625jw6m6104.html,https://e-shop.psd.gov.jo/media/catalog/product/cache/6fe0f40091d9883a4caf18d72ffe3621/p/h/photo_2024-09-02_11-25-22.jpg,625JW6M6104,مضيفة قلب أبيض القياسات: الطول 6 * العرض18 سم,In stock
SOUVENIRS & ANTIQUES,فازا جبص (أسود),1.0,https://e-shop.psd.gov.jo/625jw6m2239.html,https://e-shop.psd.gov.jo/media/catalog/product/cache/6fe0f40091d9883a4caf18d72ffe3621/p/h/photo_2024-09-02_11-53-36.jpg,625JW6M2239,فازا جبص (أسود) القياسات: الطول 11 * العرض5 سم,In stock
SOUVENIRS & ANTIQUES,علبة أقلام دب (أصفر),1.0,https://e-shop.psd.gov.jo/625jw6m3312.html,https://e-shop.psd.gov.jo/media/catalog/product/cache/6fe0f40091d9883a4caf18d72ffe3621/p/h/photo_2024-09-02_12-27-21.jpg,625JW6M3312,علبة أقلام دب (أصفر) القياسات: الطول8  * العرض5 سم,Out of stock
SOUVENIRS & ANTIQUES,خارطة الأردن جبص كبير,35.0,https://e-shop.psd.gov.jo/625mw6l574.html,https://e-shop.psd.gov.jo/media/catalog/product/cache/6fe0f40091d9883a4caf18d72ffe3621/w/h/whatsapp_image_2024-10-13_at_10.57.45_am_2_.jpeg,625MW6L574,خارطة الأردن جبص كبير القياسات الطول 55سم* العرض30سم,In stock
SOUVENIRS & ANTIQUES,صحن مضلع ثماني ذهبي وفضي,2.0,https://e-shop.psd.gov.jo/625mw11m0200.html,https://e-shop.psd.gov.jo/media/catalog/product/cache/6fe0f40091d9883a4caf18d72ffe3621/w/h/whatsapp_image_2024-10-13_at_10.48.59_am.jpeg,625MW11M020,صحن مضلع ثماني ذهبي وفضي القياسات القطر:10سم,In stock
SOUVENIRS & ANTIQUES,خارطة فلسطين صغير جبص,5.0,https://e-shop.psd.gov.jo/625mw6m576.html,https://e-shop.psd.gov.jo/media/catalog/product/cache/6fe0f40091d9883a4caf18d72ffe3621/w/h/whatsapp_image_2024-10-13_at_10.48.27_am_1__1.jpeg,625MW6M576,خارطة فلسطين صغير جبص القياسات الطول 18سم* العرض6سم,In stock
SOUVENIRS & ANTIQUES,خارطة فلسطين صغير بيج,5.0,https://e-shop.psd.gov.jo/2mw35481000.html,https://e-shop.psd.gov.jo/media/catalog/product/cache/6fe0f40091d9883a4caf18d72ffe3621/w/h/whatsapp_image_2024-10-13_at_10.48.21_am_1__1.jpeg,2MW35481000,خارطة فلسطين صغير بيج القياسات الطول 18سم* العرض6سم,Out of stock
SOUVENIRS & ANTIQUES,مجسم بندقية مكتبي صناعة يدوية,20.0,https://e-shop.psd.gov.jo/2swq2024.html,https://e-shop.psd.gov.jo/media/catalog/product/cache/6fe0f40091d9883a4caf18d72ffe3621/w/h/whatsapp_image_2024-10-14_at_12.32.28_pm.jpeg,2SWQ2024,مجسم بندقية مكتبي صناعة يدوية القياسات القياسات: الطول ٣٠سم* العرض٥ سم* الارتفاع ٨ سم.,Out of stock
SOUVENIRS & ANTIQUES,مجسم خارطة فلسطين و برواز,45.0,https://e-shop.psd.gov.jo/625mw1m062.html,https://e-shop.psd.gov.jo/media/catalog/product/cache/6fe0f40091d9883a4caf18d72ffe3621/p/h/photoroom-____2_2_2.png,625MW1M062,مجسم خارطة فلسطين و برواز القياسات: الطول 62سم* العرض29سم,In stock
SOUVENIRS & ANTIQUES,خارطة فلسطين وسط,5.0,https://e-shop.psd.gov.jo/625mw6m577.html,https://e-shop.psd.gov.jo/media/catalog/product/cache/6fe0f40091d9883a4caf18d72ffe3621/_/7/_78_2_.png,625MW6M577,خارطة فلسطين وسط االقياسات: الطول 34سم* العرض11سم,Out of stock
SOUVENIRS & ANTIQUES,واجهة البتراء دائري بيج صغير,12.0,https://e-shop.psd.gov.jo/2mw336810000.html,https://e-shop.psd.gov.jo/media/catalog/product/cache/6fe0f40091d9883a4caf18d72ffe3621/_/5/_564321_2_.png,625MW6M1120,واجهة البتراء دائري بيج صغير القياسات: قطر: 19سم,In stock
SOUVENIRS & ANTIQUES,صحن فواكة (جبص),6.0,https://e-shop.psd.gov.jo/625mw2m019.html,https://e-shop.psd.gov.jo/media/catalog/product/cache/6fe0f40091d9883a4caf18d72ffe3621/8/7/8787878_3_.png,625MW2M019,صحن فواكة (جبص) القياسات: الطول 30سم* العرض25سم,In stock
SOUVENIRS & ANTIQUES,منظر بوابة جرش و قاعدة خشب,5.0,https://e-shop.psd.gov.jo/625mw1m169.html,https://e-shop.psd.gov.jo/media/catalog/product/cache/6fe0f40091d9883a4caf18d72ffe3621/2/m/2mw36286000_1.png,625MW1M169,منظر بوابة جرش و قاعدة خشب القياسات: الطول: 15سم العرض: 22سم,In stock
SOUVENIRS & ANTIQUES,منظر مكتبي خارطة الأردن صغير,2.0,https://e-shop.psd.gov.jo/625mw6s565.html,https://e-shop.psd.gov.jo/media/catalog/product/cache/6fe0f40091d9883a4caf18d72ffe3621/2/m/2mw36486000_3_.png,625MW6S565,منظر مكتبي خارطة الأردن صغير القياسات: الطول: 8سم العرض: 8سم,In stock
SOUVENIRS & ANTIQUES,مطفأة سجائر صغير ذهبي,7.0,https://e-shop.psd.gov.jo/625mw6s866.html,https://e-shop.psd.gov.jo/media/catalog/product/cache/6fe0f40091d9883a4caf18d72ffe3621/2/m/2mw43586000.png,625MW6S866,مطفأة سجائر صغير ذهبي القياسات: الطول:12سم العرض:11سم,In stock
SOUVENIRS & ANTIQUES,مطفأة سجائر (جمل),7.0,https://e-shop.psd.gov.jo/625mw6m564.html,https://e-shop.psd.gov.jo/media/catalog/product/cache/6fe0f40091d9883a4caf18d72ffe3621/p/h/photoroom-____11_5.png,625MW6M564,مطفأة سجائر (جمل) القياسات: لطول:12سم العرض:11سم,In stock
SOUVENIRS & ANTIQUES,كبير_ JO _خارطة الأردن,35.0,https://e-shop.psd.gov.jo/2mw43786000.html,https://e-shop.psd.gov.jo/media/catalog/product/cache/6fe0f40091d9883a4caf18d72ffe3621/i/m/img__110__1.jpg,2MW43786000,كبير JO خارطة الأردن القياسات: الطول:55سم العرض:30سم,Out of stock
SOUVENIRS & ANTIQUES,قاعدة شمع نصف دائري,3.0,https://e-shop.psd.gov.jo/625mw6s1067.html,https://e-shop.psd.gov.jo/media/catalog/product/cache/6fe0f40091d9883a4caf18d72ffe3621/2/m/2mw44086000.png,625MW6S1067,قاعدة شمع نصف دائري القياسات: الطول:7سم العرض:3سم,In stock
SOUVENIRS & ANTIQUES,خارطة فلسطين كبير,35.0,https://e-shop.psd.gov.jo/625mw6l575.html,https://e-shop.psd.gov.jo/media/catalog/product/cache/6fe0f40091d9883a4caf18d72ffe3621/w/h/whatsapp_image_2024-10-13_at_10.48.21_am_1__2.jpeg,625MW6L575,خارطة فلسطين كبير القياسات: الطول:54*20سم,In stock
SOUVENIRS & ANTIQUES,ميداليات خرز أحرف,2.0,https://e-shop.psd.gov.jo/625jw40109.html,https://e-shop.psd.gov.jo/media/catalog/product/cache/6fe0f40091d9883a4caf18d72ffe3621/p/h/photoroom-____48_5_2.png,625JW40109,ميداليات خرز أحرف القياسات: الطول:10سم,In stock
SOUVENIRS & ANTIQUES,ميدالية خرز (أخضر ),1.0,https://e-shop.psd.gov.jo/625jw6s993.html,https://e-shop.psd.gov.jo/media/catalog/product/cache/6fe0f40091d9883a4caf18d72ffe3621/_/5/_555555.png,625JW6S993,ميدالية خرز (أخضر ) القياسات: الطول:10سم,In stock
SOUVENIRS & ANTIQUES,ميدالية خرز (برتقالي),1.0,https://e-shop.psd.gov.jo/625jw6s094.html,https://e-shop.psd.gov.jo/media/catalog/product/cache/6fe0f40091d9883a4caf18d72ffe3621/_/8/_888888888155.png,625JW6S094,ميدالية خرز (برتقالي) القياسات: الطول10سم,In stock
SOUVENIRS & ANTIQUES,قاعدة شمع دائري,2.0,https://e-shop.psd.gov.jo/625mw6s1068.html,https://e-shop.psd.gov.jo/media/catalog/product/cache/6fe0f40091d9883a4caf18d72ffe3621/2/m/2mw44286000.png,625MW6S1068,قاعدة شمع دائري القياسات: قطر القاعدة:5سم,In stock
SOUVENIRS & ANTIQUES,مجسم خزنة البتراء,7.0,https://e-shop.psd.gov.jo/625mw1m163.html,https://e-shop.psd.gov.jo/media/catalog/product/cache/6fe0f40091d9883a4caf18d72ffe3621/w/h/whatsapp_image_2024-10-13_at_10.57.41_am.jpeg,625MW1M163,مجسم خزنة البتراء القياسات: الطول:21*العرض:13سم,In stock
SOUVENIRS & ANTIQUES,صحن دائري واجهة الخزنة وسط,12.0,https://e-shop.psd.gov.jo/625mw6m071.html,https://e-shop.psd.gov.jo/media/catalog/product/cache/6fe0f40091d9883a4caf18d72ffe3621/2/m/2mw445860009888_1_1.png,625MW6M071,صحن دائري واجهة الخزنة وسط القياسات: القطر:19,In stock
SOUVENIRS & ANTIQUES,مسابح كرستال,2.0,https://e-shop.psd.gov.jo/625jw40111.html,https://e-shop.psd.gov.jo/media/catalog/product/cache/6fe0f40091d9883a4caf18d72ffe3621/_/8/_888888866666666.png,625JW40111,مسابح كرستال القياسات: الطول:10سم,In stock
SOUVENIRS & ANTIQUES,طقم خرز سكني 5 قطع,30.0,https://e-shop.psd.gov.jo/625jw6m0375.html,https://e-shop.psd.gov.jo/media/catalog/product/cache/6fe0f40091d9883a4caf18d72ffe3621/p/h/photoroom-____5_7_3.png,625JW6M0375,طقم خرز سكني 5 قطع القياسات: مختلف الأحجام,In stock
SOUVENIRS & ANTIQUES,ميداليات طباعة,1.0,https://e-shop.psd.gov.jo/625jw6m0424.html,https://e-shop.psd.gov.jo/media/catalog/product/cache/6fe0f40091d9883a4caf18d72ffe3621/_/9/_999999888812.png,625JW6M0424,ميداليات طباعة القياسات: الطول:10سم,In stock
SOUVENIRS & ANTIQUES,ميدالية ذهبي (ماشاء الله),1.0,https://e-shop.psd.gov.jo/625jw6m0426.html,https://e-shop.psd.gov.jo/media/catalog/product/cache/6fe0f40091d9883a4caf18d72ffe3621/_/6/_666666_2.png,625JW6M0426,ميدالية ذهبي (ماشاء الله) القياسات: الطول: 10 سم,In stock
SOUVENIRS & ANTIQUES,باقة ورد شمع بيج,38.0,https://e-shop.psd.gov.jo/625jw6m0442.html,https://e-shop.psd.gov.jo/media/catalog/product/cache/6fe0f40091d9883a4caf18d72ffe3621/p/h/photoroom-____4_7_1.png,625JW6M0442,باقة ورد شمع بيج القياسات: الطول:10*العرض:50سم,In stock
SOUVENIRS & ANTIQUES,ميدالية ذهبي (ماشاء الله),1.0,https://e-shop.psd.gov.jo/625jw4m0426.html,https://e-shop.psd.gov.jo/media/catalog/product/cache/6fe0f40091d9883a4caf18d72ffe3621/p/h/photoroom-____8_6_1_2.png,625JW4M0426,ميدالية ذهبي (ماشاء الله) القياسات: الطول:10 سم,In stock
SOUVENIRS & ANTIQUES,حافظة دخان خرز,3.0,https://e-shop.psd.gov.jo/625jw40106.html,https://e-shop.psd.gov.jo/media/catalog/product/cache/6fe0f40091d9883a4caf18d72ffe3621/p/h/photoroom-____1_13.png,625JW40106,حافظة دخان خرز القياسات: الطول:10*العرض8سم,In stock
SOUVENIRS & ANTIQUES,قاعدة مصحف,10.0,https://e-shop.psd.gov.jo/625jw4m0577.html,https://e-shop.psd.gov.jo/media/catalog/product/cache/6fe0f40091d9883a4caf18d72ffe3621/_/8/_88888888888888888888888888899.png,625JW4M0577,قاعدة مصحف القياسات: الطول:26*العرض:20سم,In stock
SOUVENIRS & ANTIQUES,صندوق زهري,18.0,https://e-shop.psd.gov.jo/625jw4m0578.html,https://e-shop.psd.gov.jo/media/catalog/product/cache/6fe0f40091d9883a4caf18d72ffe3621/_/7/_766554322100000000000.png,625JW4M0578,صندوق زهري القياسات: الطول:12*العرض:17سم,In stock
SOUVENIRS & ANTIQUES,تعليقة سيارة (الأردن)1 قطعة,2.0,https://e-shop.psd.gov.jo/625jw40113.html,https://e-shop.psd.gov.jo/media/catalog/product/cache/6fe0f40091d9883a4caf18d72ffe3621/_/9/_9999999_1.png,625JW40113,تعليقة سيارة (الأردن)1 قطعة القياسات: الطول:10 سم,In stock
SOUVENIRS & ANTIQUES,تعليقة سيارة شماغ,2.0,https://e-shop.psd.gov.jo/625jw40108.html,https://e-shop.psd.gov.jo/media/catalog/product/cache/6fe0f40091d9883a4caf18d72ffe3621/1/_/1_1.png,625JW40108,تعليقة سيارة شماغ القياسات الطول:10سم,In stock
SOUVENIRS & ANTIQUES,ميدالية علم الأردن,1.0,https://e-shop.psd.gov.jo/625jw40107.html,https://e-shop.psd.gov.jo/media/catalog/product/cache/6fe0f40091d9883a4caf18d72ffe3621/3/_/3_41_2_2_2.jpg,625JW40107,ميدالية علم الأردن القياسات الطول : 6سم العرض 4 سم,In stock
SOUVENIRS & ANTIQUES,ثريا كروشيه,30.0,https://e-shop.psd.gov.jo/625jw4m0626.html,https://e-shop.psd.gov.jo/media/catalog/product/cache/6fe0f40091d9883a4caf18d72ffe3621/1/7/1763637424273.jpg,625JW4M0626,ثريا كروشيه القياسات القطر : 50 سم,Out of stock
SOUVENIRS & ANTIQUES,مرآة كروشية أخضر,13.0,https://e-shop.psd.gov.jo/625jw8m9256.html,https://e-shop.psd.gov.jo/media/catalog/product/cache/6fe0f40091d9883a4caf18d72ffe3621/i/m/img_8252.jpg,625JW8M9256,مرآة كروشية أخضر القياسات: الطول 54 سم * العرض 40سم,In stock
SOUVENIRS & ANTIQUES,مرآة كروشية أصفر,19.0,https://e-shop.psd.gov.jo/625jw8m10254.html,https://e-shop.psd.gov.jo/media/catalog/product/cache/6fe0f40091d9883a4caf18d72ffe3621/w/h/whatsapp_image_2023-11-13_at_8.14.57_am_1_.jpeg,625JW8M10254,مرآة كروشية أصفر القياسات: الطول 54سم * العؤض 40 سم,In stock
SOUVENIRS & ANTIQUES,مرآة كروشية زهري,14.0,https://e-shop.psd.gov.jo/625jw8m0255.html,https://e-shop.psd.gov.jo/media/catalog/product/cache/6fe0f40091d9883a4caf18d72ffe3621/i/m/img_8261.jpg,625JW8M0255,مرآة كروشية زهري القياسات: الطول 43 سم * العرض 52 سم,In stock
SOUVENIRS & ANTIQUES,مجسم جمل خرز,18.0,https://e-shop.psd.gov.jo/625jw6m0196.html,https://e-shop.psd.gov.jo/media/catalog/product/cache/6fe0f40091d9883a4caf18d72ffe3621/i/m/img_8264.jpg,625JW6M0196,مجسم جمل خرز القياسات: الطول 25 سم * العرض 35 سم,In stock
SOUVENIRS & ANTIQUES,مجسم (سبونج بوب),4.0,https://e-shop.psd.gov.jo/625jw6m0158.html,https://e-shop.psd.gov.jo/media/catalog/product/cache/6fe0f40091d9883a4caf18d72ffe3621/d/s/dsc_0214_5.png,625JW6M0158,مجسم خرز(سبونج بوب) القياسات: الطول 14 سم * العرض 10 سم,In stock
SOUVENIRS & ANTIQUES,مجسم خرز (قطة) أبيض و أخضر,4.0,https://e-shop.psd.gov.jo/1jw60810000.html,https://e-shop.psd.gov.jo/media/catalog/product/cache/6fe0f40091d9883a4caf18d72ffe3621/d/s/dsc_0222.png,1JW60810000,مجسم خرز (قطة) أبيض و أخضر القياسات: الطول 13 سم * العرض 15 سم,Out of stock
SOUVENIRS & ANTIQUES,مجسم خرز(بطيخة),7.0,https://e-shop.psd.gov.jo/1jw6586000.html,https://e-shop.psd.gov.jo/media/catalog/product/cache/6fe0f40091d9883a4caf18d72ffe3621/d/s/dsc_0246.png,1JW6586000,مجسم خرز(بطيخة) القياسات: الطول 26سم * العرض 16 سم,Out of stock
SOUVENIRS & ANTIQUES,تعليقة سيارة عين,2.0,https://e-shop.psd.gov.jo/625jw40110.html,https://e-shop.psd.gov.jo/media/catalog/product/cache/6fe0f40091d9883a4caf18d72ffe3621/d/s/dsc_0231_1.png,625JW40110,تعليقة سيارة عين القياسات : الطول 20 سم,Out of stock
SOUVENIRS & ANTIQUES,قاعدة مصحف,10.0,https://e-shop.psd.gov.jo/625jw6m0106.html,https://e-shop.psd.gov.jo/media/catalog/product/cache/6fe0f40091d9883a4caf18d72ffe3621/6/2/625jw4m454__2_1.png,625JW6M0106,قاعدة مصحف القياسات: الطول10*العرض8سم,In stock
SOUVENIRS & ANTIQUES,خمري خيشTable lamp طقم,15.0,https://e-shop.psd.gov.jo/1mw8411000.html,https://e-shop.psd.gov.jo/media/catalog/product/cache/6fe0f40091d9883a4caf18d72ffe3621/i/m/img_0595.jpg,1MW8411000,خمري خيشTable lamp طقم القياسات: الطول  30 * العرض 8سم,Out of stock
SOUVENIRS & ANTIQUES,Table lamp عمود منجد أبيض وأزرق,25.0,https://e-shop.psd.gov.jo/1mw8718000.html,https://e-shop.psd.gov.jo/media/catalog/product/cache/6fe0f40091d9883a4caf18d72ffe3621/i/m/img_0605.jpg,1MW8718000,Table lamp عمود منجد أبيض وأزرق القياسات: الطول  1.70سم * العرض14 سم,Out of stock
SOUVENIRS & ANTIQUES,منظر مكتبي فاصبر لحكم ربك,4.0,https://e-shop.psd.gov.jo/625mw1m05618.html,https://e-shop.psd.gov.jo/media/catalog/product/cache/6fe0f40091d9883a4caf18d72ffe3621/i/m/img_0625.jpg,625MW1M05618,منظر مكتبي فاصبر لحكم ربك القياسات: الطول  5سم * العرض16,In stock
SOUVENIRS & ANTIQUES,مجسم البتراء خشبي (مغلف),40.0,https://e-shop.psd.gov.jo/1mw38110.html,https://e-shop.psd.gov.jo/media/catalog/product/cache/6fe0f40091d9883a4caf18d72ffe3621/1/5/15.png,1MW38110,مجسم البتراء خشبي (مغلف) الطول 34سم العرض 25سم,Out of stock
SOUVENIRS & ANTIQUES,لوحة بتراء جبص بقاعدة خشبية,20.0,https://e-shop.psd.gov.jo/2sw111000.html,https://e-shop.psd.gov.jo/media/catalog/product/cache/6fe0f40091d9883a4caf18d72ffe3621/i/m/img__91__1.jpg,2SW811000,لوحة بتراء جبص بقاعدة خشبية القياسات: الطول 53سم* العرض 42سم,Out of stock
SOUVENIRS & ANTIQUES,برواز خشبي جبص (لا اله الا الله ),5.0,https://e-shop.psd.gov.jo/625sw1m158.html,https://e-shop.psd.gov.jo/media/catalog/product/cache/6fe0f40091d9883a4caf18d72ffe3621/i/m/img__76_.jpg,625SW1M158,برواز خشبي جبص (لا اله الا الله ) القياسات: الطول 22 سم* العرض22 سم,In stock
SOUVENIRS & ANTIQUES,خارطة الأردن كبير جبص,15.0,https://e-shop.psd.gov.jo/625sw2m555.html,https://e-shop.psd.gov.jo/media/catalog/product/cache/6fe0f40091d9883a4caf18d72ffe3621/i/m/img__110_.jpg,625SW2M555,خارطة الأردن كبير جبص القياسات: الطول 17 سم* العرض 26 سم,In stock
SOUVENIRS & ANTIQUES,فانوس خشبي (هلال ونجمة),5.0,https://e-shop.psd.gov.jo/625sw1m110.html,https://e-shop.psd.gov.jo/media/catalog/product/cache/6fe0f40091d9883a4caf18d72ffe3621/1/_/1_114.jpg,625SW1M110,فانوس خشبي (هلال ونجمة) القياسات: الطول 40 سم* العرض 13 سم,In stock
SOUVENIRS & ANTIQUES,منظر جبص (أعمدة جرش),7.0,https://e-shop.psd.gov.jo/625sw2m552.html,https://e-shop.psd.gov.jo/media/catalog/product/cache/6fe0f40091d9883a4caf18d72ffe3621/i/m/img__118_.jpg,625SW2M552,منظر جبص (أعمدة جرش) القياسات: الطول 28 سم* العرض 17 سم,In stock
SOUVENIRS & ANTIQUES,خارطة الأردن (وسط),7.0,https://e-shop.psd.gov.jo/625sw2m556.html,https://e-shop.psd.gov.jo/media/catalog/product/cache/6fe0f40091d9883a4caf18d72ffe3621/i/m/img__111__1_1.jpg,625SW2M556,خارطة الأردن (وسط) القياسات: الطول 12 سم* العرض 18 سم,Out of stock
SOUVENIRS & ANTIQUES,منظر البتراء جبص بقاعدة سوداء,7.0,https://e-shop.psd.gov.jo/1sw2381000.html,https://e-shop.psd.gov.jo/media/catalog/product/cache/6fe0f40091d9883a4caf18d72ffe3621/i/m/img__103_.jpg,1SW2381000,منظر البتراء جبص بقاعدة سوداء القياسات: الطول 45 سم* العرض 32 سم,Out of stock
SOUVENIRS & ANTIQUES,درع مديرية الأمن العام,35.0,https://e-shop.psd.gov.jo/625sw1m221.html,https://e-shop.psd.gov.jo/media/catalog/product/cache/6fe0f40091d9883a4caf18d72ffe3621/i/m/img__57_.jpg,625SW1M221,درع مديرية الأمن العام القياسات: الطول 32 سم* العرض 27 سم,Out of stock
SOUVENIRS & ANTIQUES,بوابة جرش (مربع),9.0,https://e-shop.psd.gov.jo/625sw2m554.html,https://e-shop.psd.gov.jo/media/catalog/product/cache/6fe0f40091d9883a4caf18d72ffe3621/i/m/img__112_.jpg,625SW2M554,بوابة جرش (مربع) القياسات: الطول 25 سم* العرض 20 سم,In stock
SOUVENIRS & ANTIQUES,منظر جبص (بوابة جرش ),9.0,https://e-shop.psd.gov.jo/625sw2m553.html,https://e-shop.psd.gov.jo/media/catalog/product/cache/6fe0f40091d9883a4caf18d72ffe3621/i/m/img__114_.jpg,625SW2M553,(بوابة جرش (جبص القياسات: الطول 29 سم* العرض 19 سم,In stock
SOUVENIRS & ANTIQUES,منظر أورغامي مزهرية لون بيج,15.0,https://e-shop.psd.gov.jo/1sw3913000.html,https://e-shop.psd.gov.jo/media/catalog/product/cache/6fe0f40091d9883a4caf18d72ffe3621/i/m/img__152_.jpg,1SW3913000,منظر أورغامي مزهرية لون بيج القياسات: الطول 66 سم* القاعدة 30 سم,Out of stock
SOUVENIRS & ANTIQUES,منظر  مزهرية (أورغامي),15.0,https://e-shop.psd.gov.jo/625sw1l035.html,https://e-shop.psd.gov.jo/media/catalog/product/cache/6fe0f40091d9883a4caf18d72ffe3621/8/_/8_1.jpg,625SW1L035,منظر  مزهرية (أورغامي) القياسات: الطول 50 سم* القاعدة 30 سم,In stock
SOUVENIRS & ANTIQUES,مجسم (هرم),20.0,https://e-shop.psd.gov.jo/625sw1l536.html,https://e-shop.psd.gov.jo/media/catalog/product/cache/6fe0f40091d9883a4caf18d72ffe3621/i/m/img__29_.jpg,625SW1L536,مجسم (هرم) القياسات الطول 70 سم* القاعدة 44 سم,In stock
SOUVENIRS & ANTIQUES,منظر جرافة كبير لون أصفر وأسود+ شاحنة كبيرة (طقم),40.0,https://e-shop.psd.gov.jo/1sw4619000.html,https://e-shop.psd.gov.jo/media/catalog/product/cache/6fe0f40091d9883a4caf18d72ffe3621/f/i/file_2.jpg,1SW4619000,منظر جرافة كبير لون أصفر وأسود+ شاحنة كبيرة (طقم) القياسات: مختلف الأحجام,Out of stock
SOUVENIRS & ANTIQUES,صحن فواكة بني كبير,15.0,https://e-shop.psd.gov.jo/1sw4811000.html,https://e-shop.psd.gov.jo/media/catalog/product/cache/6fe0f40091d9883a4caf18d72ffe3621/i/m/img__22_.jpg,1SW4811000,صحن فواكة بني كبير القياسات الطول 90 سم* القاعدة 50 سم,Out of stock
SOUVENIRS & ANTIQUES,صندوق ضيافة (منقط ذهبي),5.0,https://e-shop.psd.gov.jo/625sw1m825.html,https://e-shop.psd.gov.jo/media/catalog/product/cache/6fe0f40091d9883a4caf18d72ffe3621/i/m/img__51__1.jpg,625SW1M825,صندوق ضيافة (منقط ذهبي) القياسات: الارتفاع 14 * القاعدة 37,In stock
SOUVENIRS & ANTIQUES,(سيف (ذهبي,4.0,https://e-shop.psd.gov.jo/625sw1l820.html,https://e-shop.psd.gov.jo/media/catalog/product/cache/6fe0f40091d9883a4caf18d72ffe3621/i/m/img__82__1.jpg,625SW1L820,سيف ذهبي القياسات: الطول 1.4,Out of stock
SOUVENIRS & ANTIQUES,سيف فضي,4.0,https://e-shop.psd.gov.jo/625sw1m1029.html,https://e-shop.psd.gov.jo/media/catalog/product/cache/6fe0f40091d9883a4caf18d72ffe3621/i/m/img__84__1.jpg,625SW1M1029,سيف فضي القياسات: الطول 80 سم,In stock
SOUVENIRS & ANTIQUES,برواز علم الأردن,8.0,https://e-shop.psd.gov.jo/1jw12186000.html,https://e-shop.psd.gov.jo/media/catalog/product/cache/6fe0f40091d9883a4caf18d72ffe3621/i/m/img_2468_1.jpg,1JW12186000,برواز علم الأردن القياسات: الطول 55*العرض40سم,Out of stock
SOUVENIRS & ANTIQUES,مجسم (خرز ),22.0,https://e-shop.psd.gov.jo/625jw6m060.html,https://e-shop.psd.gov.jo/media/catalog/product/cache/6fe0f40091d9883a4caf18d72ffe3621/i/m/img_6901.png,625JW6M060,مجسم (خرز ) القياسات: عرض17سم* الطول24سم,In stock
SOUVENIRS & ANTIQUES,برواز تطريز(بيت),20.0,https://e-shop.psd.gov.jo/1jw24106000.html,https://e-shop.psd.gov.jo/media/catalog/product/cache/6fe0f40091d9883a4caf18d72ffe3621/i/m/img_6971.png,1JW24106000,برواز تطريز(بيت) القياسات: عرض 39سم * الطول 60سم,Out of stock
SOUVENIRS & ANTIQUES,برواز تطريز (لفظ الجلالة),20.0,https://e-shop.psd.gov.jo/625jw4m0137.html,https://e-shop.psd.gov.jo/media/catalog/product/cache/6fe0f40091d9883a4caf18d72ffe3621/3/_/3_39_1_1.jpg,625JW4M0137,برواز تطريز (لفظ الجلالة) القياسات: عرض 23سم* الطول 41سم,In stock
SOUVENIRS & ANTIQUES,باكيت فاين خرز نهدي,11.0,https://e-shop.psd.gov.jo/1jw3336000.html,https://e-shop.psd.gov.jo/media/catalog/product/cache/6fe0f40091d9883a4caf18d72ffe3621/i/m/img_6998.png,625JW4M0579,باكيت فاين خرز نهدي القياسات: عرض 22سم * الطول 12 سم,In stock
SOUVENIRS & ANTIQUES,مجسم خرز نهدي (vasa),11.0,https://e-shop.psd.gov.jo/1jw3436000.html,https://e-shop.psd.gov.jo/media/catalog/product/cache/6fe0f40091d9883a4caf18d72ffe3621/i/m/img_7004_1.png,625JW4M0576,مجسم خرز نهدي (vasa) القياسات: عرض 28سم * الطول 25سم,In stock
SOUVENIRS & ANTIQUES,سيارة ورقية,20.0,https://e-shop.psd.gov.jo/1sw10817000.html,https://e-shop.psd.gov.jo/media/catalog/product/cache/6fe0f40091d9883a4caf18d72ffe3621/i/m/img_5124.jpg,1SW10817000,سيارة ورقية لون أبيض و أسود من الفن الأورغامي القياسات: الطول12*العرض42سم,Out of stock
SOUVENIRS & ANTIQUES,لوحة نحاسية (صقر),15.0,https://e-shop.psd.gov.jo/625ir3m15.html,https://e-shop.psd.gov.jo/media/catalog/product/cache/6fe0f40091d9883a4caf18d72ffe3621/p/h/photo1700483901.jpeg,625IR3M15,لوحة نحاسية (صقر) الفياسات: الطول 45*العرض33سم,Out of stock
SOUVENIRS & ANTIQUES,لوحة ذهبي (خيول),15.0,https://e-shop.psd.gov.jo/625ir3m116.html,https://e-shop.psd.gov.jo/media/catalog/product/cache/6fe0f40091d9883a4caf18d72ffe3621/i/m/img_0070.jpg,625IR3M116,لوحة ذهبي (خيول) القياسات: الطول 34*العرض45سم,Out of stock
SOUVENIRS & ANTIQUES,لوحة ذهبية (اللهم إنك عفو),15.0,https://e-shop.psd.gov.jo/625ir3m124.html,https://e-shop.psd.gov.jo/media/catalog/product/cache/6fe0f40091d9883a4caf18d72ffe3621/i/m/img_0079_1.jpg,625IR3M124,لوحة ذهبية (اللهم إنك عفو) القياسات: الطول 35*العرض45سم,In stock
SOUVENIRS & ANTIQUES,أرجيلة خشبية,15.0,https://e-shop.psd.gov.jo/625sw1l119.html,https://e-shop.psd.gov.jo/media/catalog/product/cache/6fe0f40091d9883a4caf18d72ffe3621/w/h/whatsapp_image_2023-07-02_at_9.40.09_am_1.jpeg,625SW1L119,أرجيلة خشبية القياسات: الطول 65 سم* العرض 13 سم,In stock
SOUVENIRS & ANTIQUES,لوحة خشبية (مزهرية),5.0,https://e-shop.psd.gov.jo/625sw1m161.html,https://e-shop.psd.gov.jo/media/catalog/product/cache/6fe0f40091d9883a4caf18d72ffe3621/w/h/whatsapp_image_2023-07-02_at_9.40.14_am.jpeg,625SW1M161,لوحة خشبية (مزهرية) القياسات: الطول 66 سم* العرض 44 سم,In stock
SOUVENIRS & ANTIQUES,جزدان خرز أخضر,4.0,https://e-shop.psd.gov.jo/625jw6m9219.html,https://e-shop.psd.gov.jo/media/catalog/product/cache/6fe0f40091d9883a4caf18d72ffe3621/1/0/1000031500.jpg,625JW6M9219,جزدان خرز أخضر القياسات: الطول 12*عرض 22سم,In stock
SOUVENIRS & ANTIQUES,صواني تطريز,5.0,https://e-shop.psd.gov.jo/2jw199511000.html,https://e-shop.psd.gov.jo/media/catalog/product/cache/6fe0f40091d9883a4caf18d72ffe3621/1/0/1000031563.jpg,2JW199511000,صواني تطريز القياسات: الطول41*عرض31سم,Out of stock
PAINT ART,لوحة فنية (آية الكرسي ),150.0,https://e-shop.psd.gov.jo/625mw6m11198.html,https://e-shop.psd.gov.jo/media/catalog/product/cache/6fe0f40091d9883a4caf18d72ffe3621/p/h/photoroom-____7_10_1.png,625MW6M11198,لوحة فنية (آية الكرسي ) القياسات: الطول:71*العرض:52سم,In stock
PAINT ART,لوحة مسار النور,400.0,https://e-shop.psd.gov.jo/625mw6m11163.html,https://e-shop.psd.gov.jo/media/catalog/product/cache/6fe0f40091d9883a4caf18d72ffe3621/_/9/_90.png,625MW6M11163,لوحة مسار النور القياسات: الطول:108*العرض:107سم,In stock
PAINT ART,لوحة فنية (أم وابنها),280.0,https://e-shop.psd.gov.jo/625mw8m0134.html,https://e-shop.psd.gov.jo/media/catalog/product/cache/6fe0f40091d9883a4caf18d72ffe3621/w/h/whatsapp_image_2024-07-22_at_8.06.12_am_1_.jpeg,625MW8M0134,لوحة فنية (أم وابنها) القياسات: الطول61*العرض45سم,In stock
PAINT ART,لوحة فنية (مع أمي الأمان ),200.0,https://e-shop.psd.gov.jo/625mw8m0136.html,https://e-shop.psd.gov.jo/media/catalog/product/cache/6fe0f40091d9883a4caf18d72ffe3621/_/0/_09999999999999999.png,625MW8M0136,لوحة فنية (مع أمي الأمان ) القياسات: الطول86*العرض66 سم,In stock
PAINT ART,لوحة فنية (بعدك على بالي ),200.0,https://e-shop.psd.gov.jo/625mw6m12002.html,https://e-shop.psd.gov.jo/media/catalog/product/cache/6fe0f40091d9883a4caf18d72ffe3621/_/8/_888777122.png,625MW6M12002,لوحة فنية (بعدك على بالي ) القياسات: الطول:64*العرض:53سم,In stock
PAINT ART,لوحة زجاجية باطار خشبي لون أسود  (شعار الامن العام),12.0,https://e-shop.psd.gov.jo/1ir2841000.html,https://e-shop.psd.gov.jo/media/catalog/product/cache/6fe0f40091d9883a4caf18d72ffe3621/p/h/photo_2023-12-06_10-17-07_1.jpg,1IR2841000,لوحة زجاجية باطار خشبي لون أسود  (شعار الامن العام) القياسات: الطول40*العرض30سم,Out of stock
PAINT ART,لوحة فنية تشكيلية(سلام امرأة),350.0,https://e-shop.psd.gov.jo/625jw8m0263.html,https://e-shop.psd.gov.jo/media/catalog/product/cache/6fe0f40091d9883a4caf18d72ffe3621/w/h/whatsapp_image_2024-07-22_at_8.06.55_am.jpeg,625JW8M0263,لوحة فنية تشكيلية(سلام امرأة) القياسات: الطول93*العرض33 سم,In stock
PAINT ART,لوحة فنية خشبية (معذبتي),300.0,https://e-shop.psd.gov.jo/625mw8m0119.html,https://e-shop.psd.gov.jo/media/catalog/product/cache/6fe0f40091d9883a4caf18d72ffe3621/w/h/whatsapp_image_2024-07-22_at_8.06.55_am_1_.jpeg,625MW8M0119,لوحة فنية خشبية (معذبتي) القياسات: الطول103*العرض73 سم,In stock
PAINT ART,لوحة خشبية (بعدك على بالي),350.0,https://e-shop.psd.gov.jo/625mw8m6121.html,https://e-shop.psd.gov.jo/media/catalog/product/cache/6fe0f40091d9883a4caf18d72ffe3621/w/h/whatsapp_image_2024-07-22_at_8.06.54_am_1_.jpeg,625MW8M6121,لوحة خشبية (بعدك على بالي) القياسات الطول83*العرض43 سم,In stock
PAINT ART,لوحة فنية تشكيلية (حق المرأة بالتعليم),250.0,https://e-shop.psd.gov.jo/625jw8m0262.html,https://e-shop.psd.gov.jo/media/catalog/product/cache/6fe0f40091d9883a4caf18d72ffe3621/w/h/whatsapp_image_2024-07-22_at_8.06.53_am.jpeg,625JW8M0262,لوحة فنية تشكيلية (حق المرأة بالتعليم) القياسات الطول73*العرض53 سم,In stock
PAINT ART,لوحة فنية تشكيلية(كفاح المرأة),370.0,https://e-shop.psd.gov.jo/625jw8m0258.html,https://e-shop.psd.gov.jo/media/catalog/product/cache/6fe0f40091d9883a4caf18d72ffe3621/w/h/whatsapp_image_2024-07-22_at_8.06.53_am_1_.jpeg,625JW8M0258,لوحة فنية تشكيلية(كفاح المرأة) القياسات الطول63*العرض43 سم,In stock
PAINT ART,لوحة فنية تشكيلية (أنا هي),150.0,https://e-shop.psd.gov.jo/625jw8m0253.html,https://e-shop.psd.gov.jo/media/catalog/product/cache/6fe0f40091d9883a4caf18d72ffe3621/w/h/whatsapp_image_2024-07-22_at_8.06.52_am.jpeg,625JW8M0253,لوحة فنية تشكيلية (أنا هي) القياسات الطول63*العرض83 سم,In stock
PAINT ART,لوحة فنية تشكيلية(الحرية),330.0,https://e-shop.psd.gov.jo/625jw8m0257.html,https://e-shop.psd.gov.jo/media/catalog/product/cache/6fe0f40091d9883a4caf18d72ffe3621/w/h/whatsapp_image_2024-07-22_at_8.06.52_am_1_.jpeg,625JW8M0257,لوحة فنية تشكيلية(الحرية) القياسات الطول63*العرض53 سم,In stock
PAINT ART,لوحة فنية تشكيلية (غروب الشمس),270.0,https://e-shop.psd.gov.jo/625jw6mfa1.html,https://e-shop.psd.gov.jo/media/catalog/product/cache/6fe0f40091d9883a4caf18d72ffe3621/w/h/whatsapp_image_2024-07-22_at_8.06.51_am.jpeg,625JW6MFA1,لوحة فنية تشكيلية (غروب الشمس) القياسات الطول63*العرض43 سم,Out of stock
PAINT ART,لوحة خشبية التأمل والتفكر),350.0,https://e-shop.psd.gov.jo/1fa141060017.html,https://e-shop.psd.gov.jo/media/catalog/product/cache/6fe0f40091d9883a4caf18d72ffe3621/w/h/whatsapp_image_2024-07-22_at_8.06.50_am_1_.jpeg,1FA141060017,لوحة خشبية التأمل والتفكر) القياسات الطول61*العرض46 سم,Out of stock
PAINT ART,لوحة فنية تشكيلية (الخيل في الفناء),270.0,https://e-shop.psd.gov.jo/1fa151060018.html,https://e-shop.psd.gov.jo/media/catalog/product/cache/6fe0f40091d9883a4caf18d72ffe3621/w/h/whatsapp_image_2024-07-22_at_8.06.49_am.jpeg,1FA151060018,لوحة فنية تشكيلية (الخيل في الفناء) القياسات الطول61*العرض46 سم,Out of stock
PAINT ART,لوحة خشبية (كنت هنا),230.0,https://e-shop.psd.gov.jo/625mw8m0122.html,https://e-shop.psd.gov.jo/media/catalog/product/cache/6fe0f40091d9883a4caf18d72ffe3621/w/h/whatsapp_image_2024-07-22_at_8.06.49_am_1_.jpeg,625MW8M0122,لوحة خشبية (كنت هنا) القياسات الطول61*العرض46 سم,In stock
PAINT ART,لوحة خشبية (الراعي),100.0,https://e-shop.psd.gov.jo/1fa171060020.html,https://e-shop.psd.gov.jo/media/catalog/product/cache/6fe0f40091d9883a4caf18d72ffe3621/w/h/whatsapp_image_2024-07-22_at_8.06.48_am.jpeg,1FA171060020,لوحة خشبية (الراعي) القياسات الطول61*العرض46 سم,In stock
PAINT ART,لوحة خشبية (الجدة),100.0,https://e-shop.psd.gov.jo/1fa181060021.html,https://e-shop.psd.gov.jo/media/catalog/product/cache/6fe0f40091d9883a4caf18d72ffe3621/w/h/whatsapp_image_2024-07-22_at_8.06.48_am_1_.jpeg,1FA181060021,لوحة خشبية (الجدة) القياسات الطول63*العرض84 سم,In stock
PAINT ART,لوحة خشبية  (الأم وطفلها),250.0,https://e-shop.psd.gov.jo/625mw8m01120.html,https://e-shop.psd.gov.jo/media/catalog/product/cache/6fe0f40091d9883a4caf18d72ffe3621/w/h/whatsapp_image_2024-07-22_at_8.06.47_am.jpeg,625MW8M01120,لوحة خشبية  (الأم وطفلها) القياسات الطول46*العرض36 سم,In stock
PAINT ART,لوحة خشبي يؤتي (الحكمة),100.0,https://e-shop.psd.gov.jo/1fa201060023.html,https://e-shop.psd.gov.jo/media/catalog/product/cache/6fe0f40091d9883a4caf18d72ffe3621/w/h/whatsapp_image_2024-07-22_at_8.06.47_am_1_.jpeg,1FA201060023,لوحة خشبي يؤتي (الحكمة) القياسات الطول86*العرض66 سم,Out of stock
PAINT ART,لوحة خشبية (الرحمن على العرش استوى),100.0,https://e-shop.psd.gov.jo/1fa211060024.html,https://e-shop.psd.gov.jo/media/catalog/product/cache/6fe0f40091d9883a4caf18d72ffe3621/w/h/whatsapp_image_2024-07-22_at_8.06.46_am.jpeg,1FA211060024,لوحة خشبية (الرحمن على العرش استوى) القياسات الطول86*العرض66 سم,In stock
PAINT ART,لوحة خشبية (الطبيعة),100.0,https://e-shop.psd.gov.jo/1fa221060025.html,https://e-shop.psd.gov.jo/media/catalog/product/cache/6fe0f40091d9883a4caf18d72ffe3621/w/h/whatsapp_image_2024-07-22_at_8.06.45_am.jpeg,1FA221060025,لوحة خشبية (الطبيعة) القياسات الطول87*العرض66 سم,Out of stock
PAINT ART,لوحة فن تشكيلي (لحني أزرق),100.0,https://e-shop.psd.gov.jo/625jw8m4250.html,https://e-shop.psd.gov.jo/media/catalog/product/cache/6fe0f40091d9883a4caf18d72ffe3621/w/h/whatsapp_image_2024-07-22_at_8.06.45_am_1_.jpeg,625JW8M4250,لوحة فن تشكيلي (لحني أزرق) القياسات الطول86*العرض66 سم,In stock
PAINT ART,لوحة خشبية (حصاني),150.0,https://e-shop.psd.gov.jo/625mw8m0123.html,https://e-shop.psd.gov.jo/media/catalog/product/cache/6fe0f40091d9883a4caf18d72ffe3621/w/h/whatsapp_image_2024-07-22_at_8.06.45_am_3_.jpeg,625MW8M0123,لوحة خشبية (حصاني) القياسات الطول86*العرض66 سم,In stock
PAINT ART,لوحة خشبية (إقرأ),150.0,https://e-shop.psd.gov.jo/625mw8m0124.html,https://e-shop.psd.gov.jo/media/catalog/product/cache/6fe0f40091d9883a4caf18d72ffe3621/w/h/whatsapp_image_2024-07-22_at_8.06.44_am.jpeg,625MW8M0124,لوحة خشبية (إقرأ) القياسات الطول86*العرض66 سم,In stock
PAINT ART,لوحة خشبية (أثر),200.0,https://e-shop.psd.gov.jo/625mw8m0125.html,https://e-shop.psd.gov.jo/media/catalog/product/cache/6fe0f40091d9883a4caf18d72ffe3621/w/h/whatsapp_image_2024-07-22_at_8.06.44_am_1_.jpeg,625MW8M0125,لوحة خشبية (أثر) القياسات الطول86*العرض66 سم,Out of stock
PAINT ART,لوحة خشبية (ارتواء),150.0,https://e-shop.psd.gov.jo/625mw8m0126.html,https://e-shop.psd.gov.jo/media/catalog/product/cache/6fe0f40091d9883a4caf18d72ffe3621/w/h/whatsapp_image_2024-07-22_at_8.06.44_am_2_.jpeg,625MW8M0126,لوحة خشبية (ارتواء) القياسات الطول86*العرض66 سم,In stock
PAINT ART,لوحة خشبية(أهوال),200.0,https://e-shop.psd.gov.jo/625mw8m0127.html,https://e-shop.psd.gov.jo/media/catalog/product/cache/6fe0f40091d9883a4caf18d72ffe3621/w/h/whatsapp_image_2024-07-22_at_8.06.43_am.jpeg,625MW8M0127,لوحة خشبية(أهوال) القياسات الطول56*العرض46 سم,In stock
PAINT ART,لوحة خشبية(قيثاري),150.0,https://e-shop.psd.gov.jo/625mw8m0128.html,https://e-shop.psd.gov.jo/media/catalog/product/cache/6fe0f40091d9883a4caf18d72ffe3621/w/h/whatsapp_image_2024-07-22_at_8.06.21_am.jpeg,625MW8M0128,لوحة خشبية(قيثاري) القياسات الطول66*العرض46 سم,In stock
PAINT ART,لوحة خشبية(خير البشر),250.0,https://e-shop.psd.gov.jo/625mw8m0129.html,https://e-shop.psd.gov.jo/media/catalog/product/cache/6fe0f40091d9883a4caf18d72ffe3621/w/h/whatsapp_image_2024-07-22_at_8.06.20_am.jpeg,625MW8M0129,لوحة خشبية(خير البشر) القياسات الطول46*العرض66 سم,In stock
PAINT ART,لوحة فن تشكيلي(أعطني الياسمين),100.0,https://e-shop.psd.gov.jo/1fa321060035.html,https://e-shop.psd.gov.jo/media/catalog/product/cache/6fe0f40091d9883a4caf18d72ffe3621/w/h/whatsapp_image_2024-07-22_at_8.06.21_am_1_.jpeg,1FA321060035,لوحة فن تشكيلي(أعطني الياسمين) القياسات الطول66*العرض46 سم,In stock
PAINT ART,لوحة فن تشكيلي(تاهت حلوتي),120.0,https://e-shop.psd.gov.jo/625jw8m0251.html,https://e-shop.psd.gov.jo/media/catalog/product/cache/6fe0f40091d9883a4caf18d72ffe3621/w/h/whatsapp_image_2024-07-22_at_8.06.20_am_1_.jpeg,625JW8M0251,لوحة فن تشكيلي(تاهت حلوتي) القياسات الطول56*العرض75 سم,In stock
PAINT ART,لوحة فن تشكيلي (جميلتي أفعى),300.0,https://e-shop.psd.gov.jo/625jw8m0259.html,https://e-shop.psd.gov.jo/media/catalog/product/cache/6fe0f40091d9883a4caf18d72ffe3621/w/h/whatsapp_image_2024-07-22_at_8.06.19_am.jpeg,625JW8M0259,لوحة فن تشكيلي (جميلتي أفعى) القياسات الطول56*العرض75 سم,In stock
PAINT ART,لوحة فنية(لون الماء بعيني),150.0,https://e-shop.psd.gov.jo/1fa351060038.html,https://e-shop.psd.gov.jo/media/catalog/product/cache/6fe0f40091d9883a4caf18d72ffe3621/w/h/whatsapp_image_2024-07-22_at_8.06.19_am_1_.jpeg,1FA351060038,لوحة فن تشكي(لون الماء بعيني) القياسات الطول76*العرض56 سم,In stock
PAINT ART,لوحة فن تشكيلي (حبر أحمر),100.0,https://e-shop.psd.gov.jo/1fa361060039.html,https://e-shop.psd.gov.jo/media/catalog/product/cache/6fe0f40091d9883a4caf18d72ffe3621/w/h/whatsapp_image_2024-07-22_at_8.06.18_am.jpeg,1FA361060039,لوحة فن تشكيلي (حبر أحمر) القياسات الطول75*العرض56 سم,In stock
PAINT ART,لوحة خشبية (بقيت وحدي),350.0,https://e-shop.psd.gov.jo/625mw8m0130.html,https://e-shop.psd.gov.jo/media/catalog/product/cache/6fe0f40091d9883a4caf18d72ffe3621/w/h/whatsapp_image_2024-07-22_at_8.06.17_am.jpeg,625MW8M0130,لوحة خشبية (بقيت وحدي) القياسات الطول66*العرض46 سم,In stock
PAINT ART,لوحة خشبية (كنا معاً),330.0,https://e-shop.psd.gov.jo/1fa381060041.html,https://e-shop.psd.gov.jo/media/catalog/product/cache/6fe0f40091d9883a4caf18d72ffe3621/w/h/whatsapp_image_2024-07-22_at_8.06.17_am_1_.jpeg,1FA381060041,لوحة خشبية (كنا معاً) القياسات الطول75*العرض56 سم,Out of stock
PAINT ART,لوحة فن تشكيلي(جعلتني أزهر),300.0,https://e-shop.psd.gov.jo/625jw8m0252.html,https://e-shop.psd.gov.jo/media/catalog/product/cache/6fe0f40091d9883a4caf18d72ffe3621/w/h/whatsapp_image_2024-07-22_at_8.06.16_am.jpeg,625JW8M0252,لوحة فن تشكيلي(جعلتني أزهر) القياسات الطول75*العرض56 سم,In stock
PAINT ART,لوحة خشبية (الاصطدام),180.0,https://e-shop.psd.gov.jo/1fa401060043.html,https://e-shop.psd.gov.jo/media/catalog/product/cache/6fe0f40091d9883a4caf18d72ffe3621/w/h/whatsapp_image_2024-07-22_at_8.06.16_am_1_.jpeg,1FA401060043,لوحة خشبية (الاصطدام) القياسات الطول75*العرض56 سم,Out of stock
PAINT ART,لوحة خشبية(فراغي الأبيض),100.0,https://e-shop.psd.gov.jo/1fa421060044.html,https://e-shop.psd.gov.jo/media/catalog/product/cache/6fe0f40091d9883a4caf18d72ffe3621/w/h/whatsapp_image_2024-07-22_at_8.06.15_am.jpeg,1FA421060044,لوحة خشبية(فراغي الأبيض) القياسات الطول86*العرض66 سم,Out of stock
PAINT ART,لوحة خشبية (على سفح الحلم),270.0,https://e-shop.psd.gov.jo/1fa431060045.html,https://e-shop.psd.gov.jo/media/catalog/product/cache/6fe0f40091d9883a4caf18d72ffe3621/w/h/whatsapp_image_2024-07-22_at_8.06.15_am_1_.jpeg,1FA431060045,لوحة خشبية (على سفح الحلم) القياسات الطول86*العرض66 سم,Out of stock
PAINT ART,لوحة خشبية (لعله ينير),180.0,https://e-shop.psd.gov.jo/625mw8m0131.html,https://e-shop.psd.gov.jo/media/catalog/product/cache/6fe0f40091d9883a4caf18d72ffe3621/w/h/whatsapp_image_2024-07-22_at_8.06.14_am_1_.jpeg,625MW8M0131,لوحة خشبية (لعله ينير) القياسات الطول86*العرض66 سم,In stock
PAINT ART,لوحة خشبية(صغيرتي),150.0,https://e-shop.psd.gov.jo/625mw8m0132.html,https://e-shop.psd.gov.jo/media/catalog/product/cache/6fe0f40091d9883a4caf18d72ffe3621/w/h/whatsapp_image_2024-07-22_at_8.06.14_am_2_.jpeg,625MW8M0132,لوحة خشبية(صغيرتي) القياسات الطول63*العرض83 سم,In stock
PAINT ART,لوحة فنية خشبية (فتاة وجيتار),200.0,https://e-shop.psd.gov.jo/625mw8m0133.html,https://e-shop.psd.gov.jo/media/catalog/product/cache/6fe0f40091d9883a4caf18d72ffe3621/w/h/whatsapp_image_2024-07-22_at_8.06.13_am.jpeg,625MW8M0133,لوحة فنية خشبية (فتاة وجيتار) القياسات الطول46*العرض33 سم,In stock
PAINT ART,لوحة وطنية (سائد المعايطة),150.0,https://e-shop.psd.gov.jo/625mw8m0135.html,https://e-shop.psd.gov.jo/media/catalog/product/cache/6fe0f40091d9883a4caf18d72ffe3621/w/h/whatsapp_image_2024-07-22_at_8.06.12_am_2_.jpeg,625MW8M0135,لوحة وطنية (سائد المعايطة) القياسات الطول61*العرض45سم,In stock
PAINT ART,لوحة وطنية (الهدف موقعي1),100.0,https://e-shop.psd.gov.jo/1fa621060061.html,https://e-shop.psd.gov.jo/media/catalog/product/cache/6fe0f40091d9883a4caf18d72ffe3621/w/h/whatsapp_image_2024-07-22_at_8.06.11_am.jpeg,625MW8M0102,لوحة وطنية (الهدف موقعي1) القياسات الطول61*العرض45سم,In stock
PAINT ART,لوحة وطنية (الهدف موقعي2),100.0,https://e-shop.psd.gov.jo/1fa631060062.html,https://e-shop.psd.gov.jo/media/catalog/product/cache/6fe0f40091d9883a4caf18d72ffe3621/w/h/whatsapp_image_2024-07-22_at_8.06.11_am_1_.jpeg,1FA631060062,لوحة وطنية (الهدف موقعي2) القياسات الطول66*العرض46 سم,In stock
PAINT ART,لوحة وطنية (جرش),280.0,https://e-shop.psd.gov.jo/625mw8m0103.html,https://e-shop.psd.gov.jo/media/catalog/product/cache/6fe0f40091d9883a4caf18d72ffe3621/w/h/whatsapp_image_2024-07-22_at_8.06.10_am_1_.jpeg,625MW8M0103,لوحة وطنية (جرش) القياسات الطول63*العرض83 سم,In stock
PAINT ART,لوحة وطنيةا(لأقصى الشريف),180.0,https://e-shop.psd.gov.jo/1fa661060064.html,https://e-shop.psd.gov.jo/media/catalog/product/cache/6fe0f40091d9883a4caf18d72ffe3621/w/h/whatsapp_image_2024-07-22_at_8.06.10_am_2_.jpeg,1FA661060064,لوحة وطنيةا(لأقصى الشريف) القياسات الطول44*العرض63 سم,In stock
PAINT ART,لوحة وطنية (للقائد الملك عبدالله الثاني),180.0,https://e-shop.psd.gov.jo/625mw8m0104.html,https://e-shop.psd.gov.jo/media/catalog/product/cache/6fe0f40091d9883a4caf18d72ffe3621/w/h/whatsapp_image_2024-07-22_at_10.47.54_am.jpeg,625MW8M0104,لوحة وطنية (للقائد الملك عبدالله الثاني) القياسات الطول45*العرض60سم,In stock
PAINT ART,لوحة وطنية (اللباس العسكري),180.0,https://e-shop.psd.gov.jo/625mw8m0105.html,https://e-shop.psd.gov.jo/media/catalog/product/cache/6fe0f40091d9883a4caf18d72ffe3621/w/h/whatsapp_image_2024-07-22_at_8.06.10_am_3_.jpeg,625MW8M0105,لوحة وطنية (اللباس العسكري) القياسات الطول61*العرض45سم,In stock
PAINT ART,و ما بكم من نعمة,200.0,https://e-shop.psd.gov.jo/625mw8m106.html,https://e-shop.psd.gov.jo/media/catalog/product/cache/6fe0f40091d9883a4caf18d72ffe3621/w/h/whatsapp_image_2024-07-22_at_8.06.08_am.jpeg,625MW8M106,و ما بكم من نعمة القياسات الطول88*العرض66 سم,In stock
PAINT ART,طفل حزين,250.0,https://e-shop.psd.gov.jo/1fa101060070.html,https://e-shop.psd.gov.jo/media/catalog/product/cache/6fe0f40091d9883a4caf18d72ffe3621/w/h/whatsapp_image_2024-07-22_at_8.06.09_am.jpeg,1FA101060070,طفل حزين القياسات الطول78*العرض60 سم,Out of stock
PAINT ART,الملك عبد الله الثاني (الأمن العام),200.0,https://e-shop.psd.gov.jo/625mw8m107.html,https://e-shop.psd.gov.jo/media/catalog/product/cache/6fe0f40091d9883a4caf18d72ffe3621/w/h/whatsapp_image_2024-07-22_at_8.06.07_am.jpeg,625MW8M107,الملك عبد الله الثاني (الأمن العام) القياسات الطول78*العرض60 سم,In stock
PAINT ART,ولي العهد الأمير حسين بن عبد الله,200.0,https://e-shop.psd.gov.jo/625mw8m108.html,https://e-shop.psd.gov.jo/media/catalog/product/cache/6fe0f40091d9883a4caf18d72ffe3621/w/h/whatsapp_image_2024-07-22_at_8.06.07_am_1_.jpeg,625MW8M108,ولي العهد الأمير حسين بن عبد الله القياسات الطول78*العرض60 سم,In stock
PAINT ART,ريف القرية,250.0,https://e-shop.psd.gov.jo/1fa101060073.html,https://e-shop.psd.gov.jo/media/catalog/product/cache/6fe0f40091d9883a4caf18d72ffe3621/w/h/whatsapp_image_2024-07-22_at_8.06.05_am.jpeg,1FA101060073,ريف القرية القياسات الطول64*العرض88 سم,In stock
PAINT ART,لا تحزن إن الله معنا,130.0,https://e-shop.psd.gov.jo/625mw8m0116.html,https://e-shop.psd.gov.jo/media/catalog/product/cache/6fe0f40091d9883a4caf18d72ffe3621/w/h/whatsapp_image_2024-07-22_at_12.50.43_pm_3_.jpeg,625MW8M0116,لا تحزن إن الله معنا القياسات: الطول80*العرض60 سم,In stock
PAINT ART,رب ابن لي بيتا ف الجنة,150.0,https://e-shop.psd.gov.jo/625mw8m0115.html,https://e-shop.psd.gov.jo/media/catalog/product/cache/6fe0f40091d9883a4caf18d72ffe3621/w/h/whatsapp_image_2024-07-22_at_12.50.43_pm_2_.jpeg,625MW8M0115,رب ابن لي بيتا ف الجنة القياسات الطول80*العرض60 سم,In stock
PAINT ART,الحمد لله خطاط,120.0,https://e-shop.psd.gov.jo/625mw8m0114.html,https://e-shop.psd.gov.jo/media/catalog/product/cache/6fe0f40091d9883a4caf18d72ffe3621/w/h/whatsapp_image_2024-07-22_at_12.50.43_pm_1_.jpeg,625MW8M0114,الحمد لله خطاط القياسات الطول80*العرض60 سم,In stock
PAINT ART,إنعكاس الطبيعة,120.0,https://e-shop.psd.gov.jo/625mw8m0113.html,https://e-shop.psd.gov.jo/media/catalog/product/cache/6fe0f40091d9883a4caf18d72ffe3621/w/h/whatsapp_image_2024-07-22_at_12.50.43_pm.jpeg,625MW8M0113,إنعكاس الطبيعة القياسات الطول80*العرض60 سم,In stock
PAINT ART,البسملة (صفراء),130.0,https://e-shop.psd.gov.jo/625mw8m3112.html,https://e-shop.psd.gov.jo/media/catalog/product/cache/6fe0f40091d9883a4caf18d72ffe3621/w/h/whatsapp_image_2024-07-22_at_12.50.42_pm.jpeg,625MW8M3112,البسملة (صفراء) القياسات الطول80*العرض60 سم,In stock
PAINT ART,قل أعوذ برب الناس (أسود),120.0,https://e-shop.psd.gov.jo/625mw8m111.html,https://e-shop.psd.gov.jo/media/catalog/product/cache/6fe0f40091d9883a4caf18d72ffe3621/w/h/whatsapp_image_2024-07-22_at_12.50.41_pm_1_.jpeg,625MW8M111,قل أعوذ برب الناس (أسود) القياسات الطول80*العرض60 سم,In stock
PAINT ART,إطلالة البتراء,300.0,https://e-shop.psd.gov.jo/625mw8m110.html,https://e-shop.psd.gov.jo/media/catalog/product/cache/6fe0f40091d9883a4caf18d72ffe3621/w/h/whatsapp_image_2024-07-22_at_12.50.40_pm_1_.jpeg,625MW8M110,إطالة البتراء القياسات الطول60*العرض80 سم,In stock
PAINT ART,عرض جوي (علم الأردن),250.0,https://e-shop.psd.gov.jo/625mw8m109.html,https://e-shop.psd.gov.jo/media/catalog/product/cache/6fe0f40091d9883a4caf18d72ffe3621/w/h/whatsapp_image_2024-07-22_at_12.50.41_pm.jpeg,625MW8M109,عرض جوي (علم الأردن) القياسات الطول100*العرض70 سم,In stock
PAINT ART,هلوساتي,100.0,https://e-shop.psd.gov.jo/1fa101060078.html,https://e-shop.psd.gov.jo/media/catalog/product/cache/6fe0f40091d9883a4caf18d72ffe3621/w/h/whatsapp_image_2024-07-22_at_12.50.40_pm.jpeg,1FA101060078,هلوساتي القياسات الطول90*العرض60 سم,Out of stock
PAINT ART,لحن الفراشات,150.0,https://e-shop.psd.gov.jo/1fa101060077.html,https://e-shop.psd.gov.jo/media/catalog/product/cache/6fe0f40091d9883a4caf18d72ffe3621/w/h/whatsapp_image_2024-07-22_at_12.41.41_pm.jpeg,1FA101060077,لحن الفراشات القياسات الطول80*العرض40 سم,In stock
PAINT ART,مرآة و دموع,150.0,https://e-shop.psd.gov.jo/1fa101060076.html,https://e-shop.psd.gov.jo/media/catalog/product/cache/6fe0f40091d9883a4caf18d72ffe3621/w/h/whatsapp_image_2024-07-22_at_12.41.40_pm.jpeg,1FA101060076,مرآة و دموع القياسات الطول70*العرض50 سم,In stock
PAINT ART,أنغام الطيور,100.0,https://e-shop.psd.gov.jo/625jw8m0261.html,https://e-shop.psd.gov.jo/media/catalog/product/cache/6fe0f40091d9883a4caf18d72ffe3621/w/h/whatsapp_image_2024-07-22_at_12.41.39_pm_1_.jpeg,625JW8M0261,أنغام الطيور القياسات الطول60*العرض40 سم,In stock
PAINT ART,التأمل و التفكر,100.0,https://e-shop.psd.gov.jo/1fa101060074.html,https://e-shop.psd.gov.jo/media/catalog/product/cache/6fe0f40091d9883a4caf18d72ffe3621/w/h/whatsapp_image_2024-07-22_at_12.41.39_pm.jpeg,1FA101060074,التأمل و التفكر القياسات الطول60*العرض30 سم,Out of stock
PAINT ART,لوحة فنية (هروب فتاة),250.0,https://e-shop.psd.gov.jo/1fa200011.html,https://e-shop.psd.gov.jo/media/catalog/product/cache/6fe0f40091d9883a4caf18d72ffe3621/p/h/photoroom-____11_3_3.png,1FA200011,لوحة فنية (هروب فتاة) القياسات الطول: 62 سم العرض:82 سم,Out of stock
PAINT ART,لوحة فنية ( إن قومي),200.0,https://e-shop.psd.gov.jo/625mw8m0117.html,https://e-shop.psd.gov.jo/media/catalog/product/cache/6fe0f40091d9883a4caf18d72ffe3621/p/h/photoroom-____17_3_1.png,625MW8M0117,لوحة فنية ( إن قومي) القياسات الطول: 62 سم العرض:82 سم,In stock
PAINT ART,لوحة فنية (الأقصى),250.0,https://e-shop.psd.gov.jo/625mw8m0118.html,https://e-shop.psd.gov.jo/media/catalog/product/cache/6fe0f40091d9883a4caf18d72ffe3621/p/h/photoroom-____8_4_1.png,625MW8M0118,لوحة فنية (الأقصى) القياسات الطول: 62 سم العرض:82 سم,In stock
PAINT ART,لوحة فنية (أنا تائه),250.0,https://e-shop.psd.gov.jo/625mw8m085.html,https://e-shop.psd.gov.jo/media/catalog/product/cache/6fe0f40091d9883a4caf18d72ffe3621/p/h/photoroom-____12_6.png,625MW8M085,لوحة فنية (أنا تائه) القياسات الطول: 62 سم العرض:82 سم,In stock
PAINT ART,لوحة فنية (حضن دافئ),300.0,https://e-shop.psd.gov.jo/1fa200015.html,https://e-shop.psd.gov.jo/media/catalog/product/cache/6fe0f40091d9883a4caf18d72ffe3621/p/h/photoroom-____9_4_2.png,1FA200015,لوحة فنية (حضن دافئ) القياسات الطول: 62 سم العرض:82 سم,Out of stock
PAINT ART,لوحة فنية (حكايا روح),250.0,https://e-shop.psd.gov.jo/625mw8m086.html,https://e-shop.psd.gov.jo/media/catalog/product/cache/6fe0f40091d9883a4caf18d72ffe3621/p/h/photoroom-____10_3_1.png,625MW8M086,لوحة فنية (حكايا روح) القياسات الطول: 62 سم العرض:82 سم,In stock
PAINT ART,لوحة فنية (تجاعيد أمي),250.0,https://e-shop.psd.gov.jo/625mw8m087.html,https://e-shop.psd.gov.jo/media/catalog/product/cache/6fe0f40091d9883a4caf18d72ffe3621/p/h/photoroom-____5_7.png,625MW8M087,لوحة فنية (تجاعيد أمي) القياسات الطول: 62 سم العرض:82 سم,In stock
PAINT ART,لوحة فنية (لا تمشٍ مع الريح),150.0,https://e-shop.psd.gov.jo/625mw8m088.html,https://e-shop.psd.gov.jo/media/catalog/product/cache/6fe0f40091d9883a4caf18d72ffe3621/p/h/photoroom-____7_4_2.png,625MW8M088,لوحة فنية (لا تمشٍ مع الريح) القياسات الطول: 62 سم العرض:82 سم,In stock
PAINT ART,لوحة فنية ( كان لنا منزلاً),250.0,https://e-shop.psd.gov.jo/625mw8m089.html,https://e-shop.psd.gov.jo/media/catalog/product/cache/6fe0f40091d9883a4caf18d72ffe3621/p/h/photoroom-____6_1_5.png,625MW8M089,لوحة فنية ( كان لنا منزلاً) القياسات الطول: 62 سم العرض:82 سم,Out of stock
PAINT ART,لوحة فنية (على حافة الحلم),300.0,https://e-shop.psd.gov.jo/625mw8m090.html,https://e-shop.psd.gov.jo/media/catalog/product/cache/6fe0f40091d9883a4caf18d72ffe3621/p/h/photoroom-____13_3_1.png,625MW8M090,لوحة فنية (على حافة الحلم) القياسات الطول: 62 سم العرض:82 سم,In stock
PAINT ART,لوحة فنية (فن عارٍ),250.0,https://e-shop.psd.gov.jo/625mw8m091.html,https://e-shop.psd.gov.jo/media/catalog/product/cache/6fe0f40091d9883a4caf18d72ffe3621/p/h/photoroom-____4_4_2.png,625MW8M091,لوحة فنية (فن عارٍ) القياسات الطول: 62 سم العرض:82 سم,Out of stock
PAINT ART,لوحة فنية (فسبح بحمد ربك),200.0,https://e-shop.psd.gov.jo/625mw8m0138.html,https://e-shop.psd.gov.jo/media/catalog/product/cache/6fe0f40091d9883a4caf18d72ffe3621/p/h/photoroom-____23_4_3.png,625MW8M0138,لوحة فنية (فسبح بحمد ربك) القياسات الطول: 62 سم العرض:82 سم,In stock
PAINT ART,لوحة فنية (الأردن الزاهر),150.0,https://e-shop.psd.gov.jo/625mw8m0137.html,https://e-shop.psd.gov.jo/media/catalog/product/cache/6fe0f40091d9883a4caf18d72ffe3621/p/h/photoroom-____2_4_1.png,625MW8M0137,لوحة فنية (الأردن الزاهر) القياسات الطول:53 سم العرض:73 سم,In stock
PAINT ART,لوحة فنية (قطتي),150.0,https://e-shop.psd.gov.jo/625mw8m0101.html,https://e-shop.psd.gov.jo/media/catalog/product/cache/6fe0f40091d9883a4caf18d72ffe3621/p/h/photoroom-____24_2_4.png,625MW8M0101,لوحة فنية (قطتي) القياسات الطول:53 سم العرض:73 سم,In stock
PAINT ART,لوحة فنية (إرث وبادية),300.0,https://e-shop.psd.gov.jo/625mw8m0100.html,https://e-shop.psd.gov.jo/media/catalog/product/cache/6fe0f40091d9883a4caf18d72ffe3621/p/h/photoroom-____21_2_5.png,625MW8M0100,لوحة فنية (إرث وبادية) القياسات الطول:53 سم العرض:73 سم,In stock
PAINT ART,لوحة فنية (شفق),150.0,https://e-shop.psd.gov.jo/625mw8m099.html,https://e-shop.psd.gov.jo/media/catalog/product/cache/6fe0f40091d9883a4caf18d72ffe3621/p/h/photoroom-____20_3_2.png,625MW8M099,لوحة فنية (شفق) القياسات الطول:53 سم العرض:73 سم,In stock
PAINT ART,لوحة فنية (عود ورنة),150.0,https://e-shop.psd.gov.jo/625mw8m098.html,https://e-shop.psd.gov.jo/media/catalog/product/cache/6fe0f40091d9883a4caf18d72ffe3621/p/h/photoroom-____19_2_4.png,625MW8M098,لوحة فنية (عود ورنة) القياسات الطول:53 سم العرض:73 سم,In stock
PAINT ART,لوحة فنية (إنه من سليمان),250.0,https://e-shop.psd.gov.jo/625mw8m097.html,https://e-shop.psd.gov.jo/media/catalog/product/cache/6fe0f40091d9883a4caf18d72ffe3621/p/h/photoroom-____18_6_1.png,625MW8M097,لوحة فنية (إنه من سليمان) القياسات الطول:53 سم العرض:73 سم,In stock
PAINT ART,لوحة فنية (افتراس),150.0,https://e-shop.psd.gov.jo/625mw8m096.html,https://e-shop.psd.gov.jo/media/catalog/product/cache/6fe0f40091d9883a4caf18d72ffe3621/p/h/photoroom-____16_4_2.png,625MW8M096,لوحة فنية (افتراس) القياسات الطول:53 سم العرض:73 سم,In stock
PAINT ART,لوحة فنية (غروب أصفر),100.0,https://e-shop.psd.gov.jo/625mw8m092.html,https://e-shop.psd.gov.jo/media/catalog/product/cache/6fe0f40091d9883a4caf18d72ffe3621/p/h/photoroom-____1_9.png,625MW8M092,لوحة فنية (غروب أصفر) القياسات الطول: 62 سم العرض:82 سم,Out of stock
PAINT ART,لوحة فنية (جزء مني),150.0,https://e-shop.psd.gov.jo/625mw8m093.html,https://e-shop.psd.gov.jo/media/catalog/product/cache/6fe0f40091d9883a4caf18d72ffe3621/p/h/photoroom-____3_3_2.png,625MW8M093,لوحة فنية (جزء مني) القياسات: الطول: 62 سم العرض:82 سم,In stock
PAINT ART,لوحة فنية (إتحادنا معاَ),250.0,https://e-shop.psd.gov.jo/625mw8m094.html,https://e-shop.psd.gov.jo/media/catalog/product/cache/6fe0f40091d9883a4caf18d72ffe3621/p/h/photoroom-____14_4.png,625MW8M094,لوحة فنية (إتحادنا معاَ) القياسات: الطول:53 سم العرض:73 سم,Out of stock
PAINT ART,لوحة فنية (أنت ومشوار طويل),150.0,https://e-shop.psd.gov.jo/625mw8m095.html,https://e-shop.psd.gov.jo/media/catalog/product/cache/6fe0f40091d9883a4caf18d72ffe3621/p/h/photoroom-____15_6.png,625MW8M095,لوحة فنية (أنت ومشوار طويل) القياسات: الطول:53 سم العرض:73 سم,In stock
PAINT ART,الملك الحسين (رحمه الله ),200.0,https://e-shop.psd.gov.jo/1fa1999.html,https://e-shop.psd.gov.jo/media/catalog/product/cache/6fe0f40091d9883a4caf18d72ffe3621/i/m/image00003-.png,1FA1999,الملك الحسين (رحمه الله ) القياسات: 64الطول50 * العرض,In stock
PAINT ART,لوحة فنية (نمر),10.0,https://e-shop.psd.gov.jo/1qf2002.html,https://e-shop.psd.gov.jo/media/catalog/product/cache/6fe0f40091d9883a4caf18d72ffe3621/i/m/img_0458.jpg,1QF2002,لوحة فنية (نمر) القياسات : الطول  50 * العرض40,Out of stock
PAINT ART,لوحة فنية (منزلي والبحر),100.0,https://e-shop.psd.gov.jo/1jw1999.html,https://e-shop.psd.gov.jo/media/catalog/product/cache/6fe0f40091d9883a4caf18d72ffe3621/i/m/img_0452.jpg,1JW1999,لوحة فنية (منزلي والبحر) القياسات الطول  60* العرض 40,Out of stock
PAINT ART,لوحة فسيفساء شجرة الحياة,100.0,https://e-shop.psd.gov.jo/625sw8l091.html,https://e-shop.psd.gov.jo/media/catalog/product/cache/6fe0f40091d9883a4caf18d72ffe3621/_/8/_88888888888.png,625SW8L091,لوحة فسيفساء شجرة الحياة القياسات: الطول:55*العرض:68سم,In stock
PAINT ART,لوحة فنية (لن أعود),350.0,https://e-shop.psd.gov.jo/625mw6m1170.html,https://e-shop.psd.gov.jo/media/catalog/product/cache/6fe0f40091d9883a4caf18d72ffe3621/6/2/625mw6m1170_.png,625MW6M1170,لوحة فنية (لن أعود) القياسات: الطول:82*العرض:62سم,Out of stock
PAINT ART,لوحة فنية خريف راحل,350.0,https://e-shop.psd.gov.jo/625mw6m1171.html,https://e-shop.psd.gov.jo/media/catalog/product/cache/6fe0f40091d9883a4caf18d72ffe3621/_/8/_8712.png,625MW6M1171,لوحة فنية خريف راحل القياسات: الطول:82*العرض62سم,Out of stock
PAINT ART,لوحة فنية أحرف ملونة,100.0,https://e-shop.psd.gov.jo/625mw6m1172.html,https://e-shop.psd.gov.jo/media/catalog/product/cache/6fe0f40091d9883a4caf18d72ffe3621/6/2/625mw6m1172_.png,625MW6M1172,لوحة فنية أحرف ملونة القياسات: الطول:72*العرض:62سم,In stock
PAINT ART,لوحة فنية ماشاء الله,100.0,https://e-shop.psd.gov.jo/625mw6m1173.html,https://e-shop.psd.gov.jo/media/catalog/product/cache/6fe0f40091d9883a4caf18d72ffe3621/_/8/_888888888888.png,625MW6M1173,لوحة فنية ماشاء الله القياسات: الطول:72*العرض:62سم,In stock
PAINT ART,لوحة فنية آية الكرسي,150.0,https://e-shop.psd.gov.jo/625mw6m1174.html,https://e-shop.psd.gov.jo/media/catalog/product/cache/6fe0f40091d9883a4caf18d72ffe3621/_/7/_766666222222222222222222222.png,625MW6M1174,لوحة فنية آية الكرسي القياسات: الطول:80*العرض::70سم,In stock
PAINT ART,لوحة فنية طريقي إليك,400.0,https://e-shop.psd.gov.jo/625mw6m1175.html,https://e-shop.psd.gov.jo/media/catalog/product/cache/6fe0f40091d9883a4caf18d72ffe3621/_/8/_888888888888889999.png,625MW6M1175,لوحة فنية طريقي إليك القياسات: الطول:82*العرض:62سم,In stock
PAINT ART,لوحة فنية أمان,320.0,https://e-shop.psd.gov.jo/625mw6m1177.html,https://e-shop.psd.gov.jo/media/catalog/product/cache/6fe0f40091d9883a4caf18d72ffe3621/_/1/_1010.png,625MW6M1177,لوحة فنية أمان القياسات: الطول:85*العرض:75سم,Out of stock
PAINT ART,لوحة فنية أنا لست مثلهم,300.0,https://e-shop.psd.gov.jo/625mw6m1178.html,https://e-shop.psd.gov.jo/media/catalog/product/cache/6fe0f40091d9883a4caf18d72ffe3621/_/8/_8888888.png,625MW6M1178,لوحة فنية أنا لست مثلهم القياسات: الطول:80*العرض:70سم,In stock
PAINT ART,لوحة فنية كوني معي,250.0,https://e-shop.psd.gov.jo/625mw6m1179.html,https://e-shop.psd.gov.jo/media/catalog/product/cache/6fe0f40091d9883a4caf18d72ffe3621/6/2/625mw6l1179_kd_lud_.png,625MW6L1179,لوحة فنية كوني معي القياسات: الطول:86*العرض:55سنم,Out of stock
PAINT ART,لوحة فنية عالمي الحر,250.0,https://e-shop.psd.gov.jo/625mw6m1104.html,https://e-shop.psd.gov.jo/media/catalog/product/cache/6fe0f40091d9883a4caf18d72ffe3621/p/h/photoroom-____4_4_2_1.png,625MW6M1104,لوحة فنية عالمي الحر القياسات: الطول:84*العرض:64سم,In stock
PAINT ART,لوحة فنية لازلت صلباً,250.0,https://e-shop.psd.gov.jo/625mw6m1103.html,https://e-shop.psd.gov.jo/media/catalog/product/cache/6fe0f40091d9883a4caf18d72ffe3621/i/m/img_5779_copy.jpg,625MW6M1103,لوحة فنية لازلت صلباً القياسات: الطول:80*العرض:60,Out of stock
PAINT ART,لوحة فنية المشهد الأخير,300.0,https://e-shop.psd.gov.jo/625mw6m1105.html,https://e-shop.psd.gov.jo/media/catalog/product/cache/6fe0f40091d9883a4caf18d72ffe3621/i/m/img_5778_1.jpg,625MW6M1105,لوحة فنية المشهد الأخير القياسات: الطول:70*العرض:70,In stock
PAINT ART,لوحة بقايا رمادي,350.0,https://e-shop.psd.gov.jo/625mw6m11160.html,https://e-shop.psd.gov.jo/media/catalog/product/cache/6fe0f40091d9883a4caf18d72ffe3621/p/h/photoroom-____3_9.png,625MW6M11160,لوحة بقايا رمادي القياسات: الطول:80*العرض:62سم,In stock
PAINT ART,لوحة حبيبتي مُريبة,400.0,https://e-shop.psd.gov.jo/625mw6m11161.html,https://e-shop.psd.gov.jo/media/catalog/product/cache/6fe0f40091d9883a4caf18d72ffe3621/p/h/photoroom-____1_14.png,625MW6M11161,لوحة حبيبتي مُريبة القياسات: الطول:71*العرض:120سم,In stock
PAINT ART,لوحة ترياقي الوحيد,300.0,https://e-shop.psd.gov.jo/625mw6m11162.html,https://e-shop.psd.gov.jo/media/catalog/product/cache/6fe0f40091d9883a4caf18d72ffe3621/_/0/_000.png,625MW6M11162,لوحة ترياقي الوحيد القياسات: الطول:80*العرض:62سم,In stock
PAINT ART,لوحة فنية (كهعيص),130.0,https://e-shop.psd.gov.jo/625mw6m11188.html,https://e-shop.psd.gov.jo/media/catalog/product/cache/6fe0f40091d9883a4caf18d72ffe3621/_/i/_idw_6666666222222.png,625MW6M11188,لوحة فنية (كهعيص) القياسات: الطول:74*العرض:53سم,In stock
PAINT ART,لوحة فنية (ذكر رحمة ربك),130.0,https://e-shop.psd.gov.jo/625mw6m11189.html,https://e-shop.psd.gov.jo/media/catalog/product/cache/6fe0f40091d9883a4caf18d72ffe3621/_/8/_888888_2_1.png,625MW6M11189,لوحة فنية (ذكر رحمة ربك) القياسات: الطول:74*العرض:52سم,In stock
PAINT ART,لوحة فنية (قل هو الله أحد),120.0,https://e-shop.psd.gov.jo/625mw6m11190.html,https://e-shop.psd.gov.jo/media/catalog/product/cache/6fe0f40091d9883a4caf18d72ffe3621/p/h/photoroom-____10_8.png,625MW6M11190,لوحة فنية (قل هو الله أحد) القياسات: الطول:82*العرض:61سم,In stock
PAINT ART,لوحة فنية (وجعل بينكم مودة ورحمة ),120.0,https://e-shop.psd.gov.jo/625mw6m11191.html,https://e-shop.psd.gov.jo/media/catalog/product/cache/6fe0f40091d9883a4caf18d72ffe3621/p/h/photoroom-____11_8.png,625MW6M11191,لوحة فنية (وجعل بينكم مودة ورحمة ) القياسات: الطول:60*العرض:82سم,In stock
PAINT ART,لوحة فنية (أصطاد حلمي),150.0,https://e-shop.psd.gov.jo/625mw6m11192.html,https://e-shop.psd.gov.jo/media/catalog/product/cache/6fe0f40091d9883a4caf18d72ffe3621/p/h/photoroom-____9_9_1.png,625MW6M11192,لوحة فنية (أصطاد حلمي) القياسات: الطول:84*العرض:62سم,In stock
PAINT ART,لوحة فنية (أسماء الله الحسنى ),150.0,https://e-shop.psd.gov.jo/625mw6m11193.html,https://e-shop.psd.gov.jo/media/catalog/product/cache/6fe0f40091d9883a4caf18d72ffe3621/p/h/photoroom-____8_10_1.png,625MW6M11193,لوحة فنية (أسماء الله الحسنى ) القياسات: الطول:80*العرض:60سم,In stock
PAINT ART,لوحة فنية (سبحان الله ),150.0,https://e-shop.psd.gov.jo/625mw6m11194.html,https://e-shop.psd.gov.jo/media/catalog/product/cache/6fe0f40091d9883a4caf18d72ffe3621/p/h/photoroom-____12_12_1.png,625MW6M11194,لوحة فنية (سبحان الله ) القياسات: الطول:86*العرض:64سم,In stock
PAINT ART,لوحة فنية (هذا من فضل ربي),150.0,https://e-shop.psd.gov.jo/625mw6m11195.html,https://e-shop.psd.gov.jo/media/catalog/product/cache/6fe0f40091d9883a4caf18d72ffe3621/p/h/photoroom-____1_14_1.png,625MW6M11195,لوحة فنية (هذا من فضل ربي) القياسات: الطول:55*العرض:58سم,In stock
PAINT ART,لوحة فنية (كبر البحر بحبك ),140.0,https://e-shop.psd.gov.jo/625mw6m11196.html,https://e-shop.psd.gov.jo/media/catalog/product/cache/6fe0f40091d9883a4caf18d72ffe3621/p/h/photoroom-____5_10.png,625MW6M11196,لوحة فنية (كبر البحر بحبك ) القياسات: الطول:50*العرض:50سم,In stock
PAINT ART,لوحة فنية (وإدا سألك عبادي ),150.0,https://e-shop.psd.gov.jo/625mw6m11199.html,https://e-shop.psd.gov.jo/media/catalog/product/cache/6fe0f40091d9883a4caf18d72ffe3621/9/9/99999999999_.png,625MW6M11199,لوحة فنية (وإدا سألك عبادي ) القياسات: الطول:59*العرض:44سم,In stock
PAINT ART,لوحة فنية (وسقاهم ربهم شراباً طهورا),150.0,https://e-shop.psd.gov.jo/625mw6m12000.html,https://e-shop.psd.gov.jo/media/catalog/product/cache/6fe0f40091d9883a4caf18d72ffe3621/p/h/photoroom-____3_10.png,625MW6M12000,لوحة فنية (وسقاهم ربهم شراباً طهورا) القياسات: الطول:58*العرض:52سم,In stock
PAINT ART,لوحة فنية (ن والقلم ومايسطرون),150.0,https://e-shop.psd.gov.jo/625mw6m12001.html,https://e-shop.psd.gov.jo/media/catalog/product/cache/6fe0f40091d9883a4caf18d72ffe3621/p/h/photoroom-____2_9.png,625MW6M12001,لوحة فنية (ن والقلم ومايسطرون) القياسات: الطول:60*العرض:46سم,Out of stock
PAINT ART,لوحة تشكيلية بألوان زيتية (شبكة عنكبوتية),15.0,https://e-shop.psd.gov.jo/1be3106000.html,https://e-shop.psd.gov.jo/media/catalog/product/cache/6fe0f40091d9883a4caf18d72ffe3621/d/s/dsc_0002_1_1.png,1BE3106000,لوحة تشكيلية بألوان زيتية (شبكة عنكبوتية) :القياسات الطول40*العرض31سم,In stock
PAINT ART,لوحة تشكيلية بألوان زيتية (وردة حمراء),15.0,https://e-shop.psd.gov.jo/1be41011000.html,https://e-shop.psd.gov.jo/media/catalog/product/cache/6fe0f40091d9883a4caf18d72ffe3621/d/s/dsc_0001_1_1.png,1BE41011000,لوحة تشكيلية بألوان زيتية (وردة حمراء) :القياسات الطول 40*العرض31سم,In stock
PAINT ART,لوحة تشكيلية بألوان زيتية (رسمة وردة),15.0,https://e-shop.psd.gov.jo/1be5104000.html,https://e-shop.psd.gov.jo/media/catalog/product/cache/6fe0f40091d9883a4caf18d72ffe3621/d/s/dsc_0009_1.png,1BE5104000,لوحة تشكيلية بألوان زيتية (رسمة وردة) :القياسات الطول72*العرض51سم,In stock
PAINT ART,لوحة تشكيلية بألوان زيتية (وجه تعبير),10.0,https://e-shop.psd.gov.jo/1ib1106000.html,https://e-shop.psd.gov.jo/media/catalog/product/cache/6fe0f40091d9883a4caf18d72ffe3621/d/s/dsc_0035_1.png,1IB1106000,لوحة تشكيلية بألوان زيتية (وجه تعبير) :القياسات الطول 80*العرض70سم,In stock
PAINT ART,لوحة تشكيلية بألوان زيتية (غروب),10.0,https://e-shop.psd.gov.jo/1ib3106000.html,https://e-shop.psd.gov.jo/media/catalog/product/cache/6fe0f40091d9883a4caf18d72ffe3621/d/s/dsc_0033.png,1IB3106000,لوحة تشكيلية بألوان زيتية (غروب) :القياسات الطول 80*العرض60سم,In stock
PAINT ART,لوحة تشكيلية بألوان زيتية (العلم نور),10.0,https://e-shop.psd.gov.jo/1ib4106000.html,https://e-shop.psd.gov.jo/media/catalog/product/cache/6fe0f40091d9883a4caf18d72ffe3621/d/s/dsc_0032.png,1IB4106000,لوحة تشكيلية بألوان زيتية (العلم نور) :القياسات الطول 80*العرض60سم,In stock
PAINT ART,لوحة تشكيلية بألوان زيتية (غروب أبيض وأسود),300.0,https://e-shop.psd.gov.jo/1ib5106000.html,https://e-shop.psd.gov.jo/media/catalog/product/cache/6fe0f40091d9883a4caf18d72ffe3621/d/s/dsc_0029_1.png,1IB5106000,لوحة تشكيلية بألوان زيتية (غروب أبيض وأسود) :القياسات الطول 80*العرض60سم,In stock
PAINT ART,لوحة فنية (جمال الإفريق),100.0,https://e-shop.psd.gov.jo/1jw2000.html,https://e-shop.psd.gov.jo/media/catalog/product/cache/6fe0f40091d9883a4caf18d72ffe3621/i/m/img_0453.jpg,1JW2000,لوحة فنية (جمال الإفريق) القياسات: الطول 60 * 40العرض,In stock
PAINT ART,لوحة فنية (البراءة),10.0,https://e-shop.psd.gov.jo/1qf1996.html,https://e-shop.psd.gov.jo/media/catalog/product/cache/6fe0f40091d9883a4caf18d72ffe3621/i/m/img_0464_1.jpg,1QF1996,لوحة فنية (البراءة) القياسات: الطول  30* 40العرض,In stock
PAINT ART,لوحة فنية (أحرف متناثرة),150.0,https://e-shop.psd.gov.jo/1fa200034.html,https://e-shop.psd.gov.jo/media/catalog/product/cache/6fe0f40091d9883a4caf18d72ffe3621/p/h/photoroom-____22_6_2.png,1FA200034,لوحة فنية (أحرف متناثرة) القياسات الطول: 62 سم العرض:82 سم,In stock
PAINT ART,لوحة فنية (أفكاري ضائعة),100.0,https://e-shop.psd.gov.jo/1jw1998.html,https://e-shop.psd.gov.jo/media/catalog/product/cache/6fe0f40091d9883a4caf18d72ffe3621/i/m/img_0456.jpg,1JW1998,لوحة فنية (أفكاري ضائعة) القياسات: الطول  60* 40العرض,In stock
PAINT ART,لوحة فنية (أنثى السلام),100.0,https://e-shop.psd.gov.jo/1jw2001.html,https://e-shop.psd.gov.jo/media/catalog/product/cache/6fe0f40091d9883a4caf18d72ffe3621/i/m/img_0457.jpg,1JW2001,لوحة فنية (أنثى السلام) القياسات : الطول  50* 40العرض,In stock
EARTHENWARE & POTTERY,صحن فخاري مثقب,4.0,https://e-shop.psd.gov.jo/625ordum100.html,https://e-shop.psd.gov.jo/media/catalog/product/cache/6fe0f40091d9883a4caf18d72ffe3621/_/8/_89999999.png,625ORDUM100,صحن فخاري مثقب القياسات: الطول:18*العرض:13سم,In stock
EARTHENWARE & POTTERY,Vasa دوار ( برتقالي),11.0,https://e-shop.psd.gov.jo/625um2m5445.html,https://e-shop.psd.gov.jo/media/catalog/product/cache/6fe0f40091d9883a4caf18d72ffe3621/_/8/_888888888_1.png,625UM2M5445,Vasa دوار ( برتقالي) القياسات: الطول:26*العرض:7سم,In stock
EARTHENWARE & POTTERY,فازا أبيض (السوسنة السوداء),3.0,https://e-shop.psd.gov.jo/625um2m5691.html,https://e-shop.psd.gov.jo/media/catalog/product/cache/6fe0f40091d9883a4caf18d72ffe3621/w/h/whatsapp_image_2026-02-18_at_2.42.44_pm.jpeg,625UM2M5691,فازا أبيض (السوسنة السوداء) القياسات: 10*4,In stock
EARTHENWARE & POTTERY,فازا فسيفاء (البدوية),3.0,https://e-shop.psd.gov.jo/625um2m5690.html,https://e-shop.psd.gov.jo/media/catalog/product/cache/6fe0f40091d9883a4caf18d72ffe3621/w/h/whatsapp_image_2026-02-18_at_2.42.45_pm.jpeg,625UM2M5690,فازا فسيفاء (جمل ونخيل) القياسات: 4*12,In stock
EARTHENWARE & POTTERY,فازا فسيفساء ورد أسود,20.0,https://e-shop.psd.gov.jo/625um2m5687.html,https://e-shop.psd.gov.jo/media/catalog/product/cache/6fe0f40091d9883a4caf18d72ffe3621/_/0/_098766545.png,625UM2M5687,فازا فسيفساء ورد أسود القياسات: الطول:31*العرض:15سم,In stock
EARTHENWARE & POTTERY,فازا صغير طيور,2.5,https://e-shop.psd.gov.jo/1um140736000.html,https://e-shop.psd.gov.jo/media/catalog/product/cache/6fe0f40091d9883a4caf18d72ffe3621/1/0/1000031407.jpg,1UM140736000,فازا صغير طيور القياسات: الطول 20*عرض6سم,Out of stock
EARTHENWARE & POTTERY,فازا  منظر طبيعي (بحيرة),8.0,https://e-shop.psd.gov.jo/625um2m0251.html,https://e-shop.psd.gov.jo/media/catalog/product/cache/6fe0f40091d9883a4caf18d72ffe3621/1/0/1000031448.jpg,625UM2M0251,فازا  منظر طبيعي (بحيرة) القياسات: الطول 22*عرض10سم,Out of stock
EARTHENWARE & POTTERY,فازا فسيفساء وردة خضراء,5.0,https://e-shop.psd.gov.jo/625um2m00230.html,https://e-shop.psd.gov.jo/media/catalog/product/cache/6fe0f40091d9883a4caf18d72ffe3621/1/0/1000031446.jpg,625UM2M00230,فازا وسط وردة خضراء القياسات: الطول 24*عرض8سم,In stock
EARTHENWARE & POTTERY,جرة ماء خمري ذهبي,7.0,https://e-shop.psd.gov.jo/625jw2m0260.html,https://e-shop.psd.gov.jo/media/catalog/product/cache/6fe0f40091d9883a4caf18d72ffe3621/p/h/photo_2024-03-10_10-07-54.jpg,625JW2M0260,جرة ماء خمري ذهبي القياسات: الطول 36*عرض13سم,In stock
EARTHENWARE & POTTERY,محلاية شجر الميلاد فسيفساء,5.0,https://e-shop.psd.gov.jo/1um141636000.html,https://e-shop.psd.gov.jo/media/catalog/product/cache/6fe0f40091d9883a4caf18d72ffe3621/1/0/1000031405.jpg,1UM141636000,محلاية شجر الميلاد فسيفساء القياسات: الطول 16*عرض19سم,Out of stock
EARTHENWARE & POTTERY,وعاء فخاري صغير,2.0,https://e-shop.psd.gov.jo/625um2m5370.html,https://e-shop.psd.gov.jo/media/catalog/product/cache/6fe0f40091d9883a4caf18d72ffe3621/1/0/1000031401.jpg,625UM2M5370,وعاء فخاري  صغير القياسات: الطول 10*عرض17سم,In stock
EARTHENWARE & POTTERY,محلاية بشريط أحمر,11.0,https://e-shop.psd.gov.jo/625um2m0335.html,https://e-shop.psd.gov.jo/media/catalog/product/cache/6fe0f40091d9883a4caf18d72ffe3621/p/h/photo_2024-03-05_12-40-54.jpg,625UM2M0335,محلاية بشريط أحمر القياسات: الطول 7*عرض20سم,In stock
EARTHENWARE & POTTERY,فازا أبيض وردة بنفسجي,6.0,https://e-shop.psd.gov.jo/625um2m060.html,https://e-shop.psd.gov.jo/media/catalog/product/cache/6fe0f40091d9883a4caf18d72ffe3621/p/h/photo_2024-03-05_12-42-05.jpg,625UM2M060,فازا أبيض وردة بنفسجي القياسات: الطول 24*عرض10سم,Out of stock
EARTHENWARE & POTTERY,فازا أبيض دلة وفنجان,5.0,https://e-shop.psd.gov.jo/625um2m076.html,https://e-shop.psd.gov.jo/media/catalog/product/cache/6fe0f40091d9883a4caf18d72ffe3621/p/h/photo_2024-03-05_12-40-37.jpg,625UM2M076,فازا أبيض دلة وفنجان القياسات: الطول 22*عرض7سم,In stock
EARTHENWARE & POTTERY,فازا فسيفساء عصفور أحمر,6.0,https://e-shop.psd.gov.jo/625um2m0286.html,https://e-shop.psd.gov.jo/media/catalog/product/cache/6fe0f40091d9883a4caf18d72ffe3621/p/h/photo_2024-03-05_13-46-03.jpg,625UM2M0286,فازا فسيفساء عصفور أحمر القياسات: الطول 21*عرض11سم,In stock
EARTHENWARE & POTTERY,فازا فسيفساء رموز صينية,6.0,https://e-shop.psd.gov.jo/625um2m0157.html,https://e-shop.psd.gov.jo/media/catalog/product/cache/6fe0f40091d9883a4caf18d72ffe3621/p/h/photo_2024-03-05_12-41-46.jpg,625UM2M0157,فازا فسيفساء رموز صينية القياسات: الطول 20*عرض8سم,Out of stock
EARTHENWARE & POTTERY,فازا فسيفساء أوراق الشجرة,6.0,https://e-shop.psd.gov.jo/625um2m0122.html,https://e-shop.psd.gov.jo/media/catalog/product/cache/6fe0f40091d9883a4caf18d72ffe3621/p/h/photo_2024-03-05_14-19-09.jpg,625UM2M0122,فازا فسيفساء أوراق الشجرة القياسات: الطول 23*عرض6سم,Out of stock
EARTHENWARE & POTTERY,فازا فسيفساء شريط أحمر وأسود,5.0,https://e-shop.psd.gov.jo/625um2m014.html,https://e-shop.psd.gov.jo/media/catalog/product/cache/6fe0f40091d9883a4caf18d72ffe3621/p/h/photo_2024-03-05_12-40-34.jpg,625UM2M014,فازا فسيفساء شريط أحمر وأسود القياسات: الطول 20*عرض7سم,In stock
EARTHENWARE & POTTERY,فازا فسيفساء خطوط سوداء,6.0,https://e-shop.psd.gov.jo/625um2m0129.html,https://e-shop.psd.gov.jo/media/catalog/product/cache/6fe0f40091d9883a4caf18d72ffe3621/p/h/photo_2024-03-05_12-41-13.jpg,625UM2M0129,فازا فسيفساء خطوط سوداء القياسات: الطول 22*عرض7سم,Out of stock
EARTHENWARE & POTTERY,فازا نجوم حمراء,5.0,https://e-shop.psd.gov.jo/625um2m015.html,https://e-shop.psd.gov.jo/media/catalog/product/cache/6fe0f40091d9883a4caf18d72ffe3621/p/h/photo_2024-03-05_12-41-27.jpg,625UM2M015,فازا نجوم حمراء القياسات: الطول 23*عرض6سم,In stock
EARTHENWARE & POTTERY,فازا فسيفساء شمس ونخيل,8.0,https://e-shop.psd.gov.jo/1um142436000.html,https://e-shop.psd.gov.jo/media/catalog/product/cache/6fe0f40091d9883a4caf18d72ffe3621/p/h/photo_2024-03-07_08-51-17.jpg,625UM2M5549,فازا فسيفساء شمس ونخيل القياسات: الطول 25*عرض9سم,Out of stock
EARTHENWARE & POTTERY,فازا أبيض نورس أزرق,5.0,https://e-shop.psd.gov.jo/625um2m0102.html,https://e-shop.psd.gov.jo/media/catalog/product/cache/6fe0f40091d9883a4caf18d72ffe3621/p/h/photo_2024-03-07_08-56-13.jpg,625UM2M0102,فازا أبيض نورس أزرق القياسات: الطول 25*عرض6سم,In stock
EARTHENWARE & POTTERY,فازا فسيفساء خطوط خمري,4.0,https://e-shop.psd.gov.jo/625um2m0233.html,https://e-shop.psd.gov.jo/media/catalog/product/cache/6fe0f40091d9883a4caf18d72ffe3621/p/h/photo_2024-03-07_09-00-00.jpg,625UM2M0233,فازا فسيفساء خطوط خمري القياسات: الطول 16*عرض6سم,Out of stock
EARTHENWARE & POTTERY,فازا فسيفساء 3 وردات أسود,5.0,https://e-shop.psd.gov.jo/625um2m0245.html,https://e-shop.psd.gov.jo/media/catalog/product/cache/6fe0f40091d9883a4caf18d72ffe3621/p/h/photo_2024-03-07_09-15-04.jpg,625UM2M0245,فازا فسيفساء 3 وردات أسود القياسات: الطول 16*عرض8سم,Out of stock
EARTHENWARE & POTTERY,فازا فسيفساء حصان ومحارب,4.0,https://e-shop.psd.gov.jo/625um2m02229.html,https://e-shop.psd.gov.jo/media/catalog/product/cache/6fe0f40091d9883a4caf18d72ffe3621/p/h/photo_2024-03-05_12-40-06.jpg,625UM2M02229,فازا فسيفساء حصان ومحارب القياسات: الطول 16*عرض4سم,In stock
EARTHENWARE & POTTERY,فازا فسيفساء وردتين أحمر,7.0,https://e-shop.psd.gov.jo/625um2m0158.html,https://e-shop.psd.gov.jo/media/catalog/product/cache/6fe0f40091d9883a4caf18d72ffe3621/p/h/photo_2024-03-05_12-41-07.jpg,625UM2M0158,فازا فسيفساء وردتين أحمر القياسات: الطول 20*عرض8سم,Out of stock
EARTHENWARE & POTTERY,فازا أبيض منقط,3.0,https://e-shop.psd.gov.jo/625um2m0103.html,https://e-shop.psd.gov.jo/media/catalog/product/cache/6fe0f40091d9883a4caf18d72ffe3621/p/h/photo_2024-05-16_09-09-37.jpg,625UM2M0103,فازا أبيض منقط القياسات: الطول 16*القاعدة 5 سم,Out of stock
EARTHENWARE & POTTERY,فازا نهدي (قطتين),4.0,https://e-shop.psd.gov.jo/625um2m0162.html,https://e-shop.psd.gov.jo/media/catalog/product/cache/6fe0f40091d9883a4caf18d72ffe3621/p/h/photo_2024-05-16_09-09-11.jpg,625UM2M0162,فازا نهدي (قطتين) القياسات: الطول 15*القاعدة 5سم,Out of stock
EARTHENWARE & POTTERY,فازا خط أحمر وورد نهدي,5.0,https://e-shop.psd.gov.jo/625um2m056.html,https://e-shop.psd.gov.jo/media/catalog/product/cache/6fe0f40091d9883a4caf18d72ffe3621/p/h/photo_2024-05-16_09-09-55_1.jpg,625UM2M056,فازا خط أحمر(ورد نهدي) القياسات: الطول 13*القاعدة 8سم,Out of stock
EARTHENWARE & POTTERY,فازا بني معتق,5.0,https://e-shop.psd.gov.jo/625um2m0274.html,https://e-shop.psd.gov.jo/media/catalog/product/cache/6fe0f40091d9883a4caf18d72ffe3621/p/h/photo_2024-05-16_09-09-46.jpg,625UM2M0274,فازا بني معتق القياسات: الطول 14*القاعدة 9سم,In stock
EARTHENWARE & POTTERY,فازا منظر طبيعي (3شجرات),3.0,https://e-shop.psd.gov.jo/625um2m0156.html,https://e-shop.psd.gov.jo/media/catalog/product/cache/6fe0f40091d9883a4caf18d72ffe3621/p/h/photo_2024-05-16_09-09-30.jpg,625UM2M0156,فازا منظر طبيعي (3شجرات) القياسات: الطول18*القاعدة 5سم,Out of stock
EARTHENWARE & POTTERY,فازا (بطة و بحيرة),4.0,https://e-shop.psd.gov.jo/625um2m0175.html,https://e-shop.psd.gov.jo/media/catalog/product/cache/6fe0f40091d9883a4caf18d72ffe3621/p/h/photo_2024-05-16_09-10-08.jpg,625UM2M0175,فازا (بطة وبحيرة) القياسات: الطول:12*العرض20سم,In stock
EARTHENWARE & POTTERY,فازا أبيض مثلثات أحمر,4.0,https://e-shop.psd.gov.jo/625um2m0137.html,https://e-shop.psd.gov.jo/media/catalog/product/cache/6fe0f40091d9883a4caf18d72ffe3621/p/h/photo_2024-05-16_09-09-01.jpg,625UM2M0137,فازا أبيض مثلثات أحمر القياسات: الطول:21*العرض:7سم,In stock
EARTHENWARE & POTTERY,فازا أبيض (قلوب),4.0,https://e-shop.psd.gov.jo/625um2m094.html,https://e-shop.psd.gov.jo/media/catalog/product/cache/6fe0f40091d9883a4caf18d72ffe3621/p/h/photo_2024-05-16_09-09-40.jpg,625UM2M094,فازا أبيض (قلوب) القياسات: الطول17*القاعدة 11سم,In stock
EARTHENWARE & POTTERY,فازا أبيض(ظبي),5.0,https://e-shop.psd.gov.jo/625um2m093.html,https://e-shop.psd.gov.jo/media/catalog/product/cache/6fe0f40091d9883a4caf18d72ffe3621/p/h/photo_2024-05-16_09-08-52.jpg,625UM2M093,فازا أبيض(ظبي) القياسات: الطول17*القاعدة10سم,Out of stock
EARTHENWARE & POTTERY,محلاية (smile),4.0,https://e-shop.psd.gov.jo/625um2m0123.html,https://e-shop.psd.gov.jo/media/catalog/product/cache/6fe0f40091d9883a4caf18d72ffe3621/p/h/photo_2024-05-16_09-08-44.jpg,625UM2M0123,محلاية (smile) القياسات: الطول 17*القاعدة7سم,Out of stock
EARTHENWARE & POTTERY,فازا أشكال هندسية,4.0,https://e-shop.psd.gov.jo/625um2m0148.html,https://e-shop.psd.gov.jo/media/catalog/product/cache/6fe0f40091d9883a4caf18d72ffe3621/p/h/photo_2024-05-16_09-09-59.jpg,625UM2M0148,فازا أشكال هندسية القياسات: الطول18*القاعدة8سم,Out of stock
EARTHENWARE & POTTERY,فازا (Arabian coffee),5.0,https://e-shop.psd.gov.jo/625um2m031.html,https://e-shop.psd.gov.jo/media/catalog/product/cache/6fe0f40091d9883a4caf18d72ffe3621/p/h/photo_2024-05-16_09-10-04.jpg,625UM2M031,فازا (Arabian coffee) القياسات: الطول17*القاعدة8سم,Out of stock
EARTHENWARE & POTTERY,فازا (الكواكب),5.0,https://e-shop.psd.gov.jo/625um2m0111.html,https://e-shop.psd.gov.jo/media/catalog/product/cache/6fe0f40091d9883a4caf18d72ffe3621/p/h/photo_2024-05-16_09-09-33_1.jpg,625UM2M0111,فازا (الكواكب) القياسات: الطول16*القاعدة9سم,In stock
EARTHENWARE & POTTERY,فازا أحمر و نهدي,6.0,https://e-shop.psd.gov.jo/625um2m0104.html,https://e-shop.psd.gov.jo/media/catalog/product/cache/6fe0f40091d9883a4caf18d72ffe3621/p/h/photo_2024-05-16_09-09-24.jpg,625UM2M0104,فازا أحمر و نهدي القياسات: الطول15*القاعدة14سم,In stock
EARTHENWARE & POTTERY,فازا أبيض عصفور,6.0,https://e-shop.psd.gov.jo/625um2m0106.html,https://e-shop.psd.gov.jo/media/catalog/product/cache/6fe0f40091d9883a4caf18d72ffe3621/p/h/photo_2024-05-16_09-09-08.jpg,625UM2M0106,فازا أبيض عصفور القياسات: الطول20*القاعدة12سم,Out of stock
EARTHENWARE & POTTERY,محلاية بيضوي أزرق نيلي,7.0,https://e-shop.psd.gov.jo/1um172336000.html,https://e-shop.psd.gov.jo/media/catalog/product/cache/6fe0f40091d9883a4caf18d72ffe3621/p/h/photo_2024-05-16_08-52-21.jpg,1UM172336000,محلاية بيضوي أزرق نيلي القياسات: الطول12*القاعدة11سم,Out of stock
EARTHENWARE & POTTERY,محلاية إسطواني معين أزرق,11.0,https://e-shop.psd.gov.jo/1um173336000.html,https://e-shop.psd.gov.jo/media/catalog/product/cache/6fe0f40091d9883a4caf18d72ffe3621/p/h/photo_2024-05-16_09-09-52.jpg,1UM173336000,محلاية إسطواني معين أزرق القياسات: الطول9*القاعدة14سم,Out of stock
EARTHENWARE & POTTERY,جرة صقر (Jordan),9.0,https://e-shop.psd.gov.jo/1um174336000.html,https://e-shop.psd.gov.jo/media/catalog/product/cache/6fe0f40091d9883a4caf18d72ffe3621/p/h/photo_2024-08-08_10-37-57.jpg,625UM2M5529,جرة صقر (Jordan) القياسات: الطول24*العرض11سم,In stock
EARTHENWARE & POTTERY,فازا فسيفساء أحرف وسط,6.0,https://e-shop.psd.gov.jo/625um2m0212.html,https://e-shop.psd.gov.jo/media/catalog/product/cache/6fe0f40091d9883a4caf18d72ffe3621/p/h/photo_2024-08-08_10-38-09.jpg,625UM2M0212,فازا فسيفساء أحرف وسط القياسات: الطول22*العرض7سم,Out of stock
EARTHENWARE & POTTERY,فازا الطبيعة الخضراء,9.0,https://e-shop.psd.gov.jo/625um2m080.html,https://e-shop.psd.gov.jo/media/catalog/product/cache/6fe0f40091d9883a4caf18d72ffe3621/p/h/photo_2024-08-08_10-38-15.jpg,625UM2M080,فازا الطبيعة الخضراء القياسات: الطول20*العرض10سم,Out of stock
EARTHENWARE & POTTERY,فازا نخيل وتمور,6.0,https://e-shop.psd.gov.jo/625um2m0244.html,https://e-shop.psd.gov.jo/media/catalog/product/cache/6fe0f40091d9883a4caf18d72ffe3621/p/h/photo_2024-08-08_10-38-18.jpg,625UM2M0244,فازا نخيل وتمور القياسات: الطول23*العرض8سم,Out of stock
EARTHENWARE & POTTERY,وعاء فخار عميق,3.0,https://e-shop.psd.gov.jo/625um2m1194.html,https://e-shop.psd.gov.jo/media/catalog/product/cache/6fe0f40091d9883a4caf18d72ffe3621/p/h/photo_2024-08-08_10-38-39.jpg,625UM2M1194,وعاء صغير  (Pot) القياسات: الطول11*العرض12سم,In stock
EARTHENWARE & POTTERY,فازا فسيفساء (نورس),7.0,https://e-shop.psd.gov.jo/625um2m0232.html,https://e-shop.psd.gov.jo/media/catalog/product/cache/6fe0f40091d9883a4caf18d72ffe3621/p/h/photo_2024-08-08_10-38-42.jpg,625UM2M0232,فازا فسيفساء (نورس) القياسات: الطول22*العرض10سم,In stock
EARTHENWARE & POTTERY,وعاء فخار وسط,5.0,https://e-shop.psd.gov.jo/625um2m1260.html,https://e-shop.psd.gov.jo/media/catalog/product/cache/6fe0f40091d9883a4caf18d72ffe3621/p/h/photo_2024-08-08_10-38-45.jpg,625UM2M1260,وعاء فخار وسط القياسات: الطول11*العرض16سم,In stock
EARTHENWARE & POTTERY,طاجن فخار بمقابض,12.0,https://e-shop.psd.gov.jo/625um2m1201.html,https://e-shop.psd.gov.jo/media/catalog/product/cache/6fe0f40091d9883a4caf18d72ffe3621/p/h/photo_2024-08-08_10-38-48.jpg,625UM2M1201,طاجن فخار بمقابض القياسات: الطول17*العرض19سم,In stock
EARTHENWARE & POTTERY,فازا فسيفساء قلبين أحمر,4.0,https://e-shop.psd.gov.jo/625um2m0187.html,https://e-shop.psd.gov.jo/media/catalog/product/cache/6fe0f40091d9883a4caf18d72ffe3621/p/h/photo_2024-08-08_10-38-59.jpg,625UM2M0187,فازا فسيفساء قلبين أحمر القياسات: الطول23*العرض10سم,In stock
EARTHENWARE & POTTERY,وعاء زيتون صغير,3.0,https://e-shop.psd.gov.jo/625um2m01.html,https://e-shop.psd.gov.jo/media/catalog/product/cache/6fe0f40091d9883a4caf18d72ffe3621/p/h/photo_2024-08-08_10-39-03.jpg,625UM2M01,وعاء زيتون صغير القياسات: الطول7*العرض13سم,Out of stock
EARTHENWARE & POTTERY,فازا شريط أحمر مثلثات,5.0,https://e-shop.psd.gov.jo/625um2m079.html,https://e-shop.psd.gov.jo/media/catalog/product/cache/6fe0f40091d9883a4caf18d72ffe3621/p/h/photo_2024-08-08_10-39-05.jpg,625UM2M079,فازا شريط أحمر مثلثات القياسات: الطول16*العرض12سم,In stock
EARTHENWARE & POTTERY,مزهرية أشكال هندسية متداخلة,10.0,https://e-shop.psd.gov.jo/625um2m0324.html,https://e-shop.psd.gov.jo/media/catalog/product/cache/6fe0f40091d9883a4caf18d72ffe3621/p/h/photo_2024-08-08_10-39-09.jpg,625UM2M0324,مزهرية أشكال هندسية متداخلة القياسات: الطول39*العرض8سم,Out of stock
EARTHENWARE & POTTERY,طاجن مغربي فخار,9.0,https://e-shop.psd.gov.jo/625um2m1200.html,https://e-shop.psd.gov.jo/media/catalog/product/cache/6fe0f40091d9883a4caf18d72ffe3621/p/h/photo_2024-08-08_10-38-48_1.jpg,625UM2M1200,طاجن مغربي فخار القياسات: الطول23*العرض18سم,In stock
EARTHENWARE & POTTERY,فازا بطة وغزال,11.0,https://e-shop.psd.gov.jo/1um196336000.html,https://e-shop.psd.gov.jo/media/catalog/product/cache/6fe0f40091d9883a4caf18d72ffe3621/p/h/photo_2024-08-08_12-38-12.jpg,1UM196336000,فازا بطة وغزال القياسات: الطول32*العرض20سم,Out of stock
EARTHENWARE & POTTERY,فازا فسيفساء  (معين ملون),7.0,https://e-shop.psd.gov.jo/625um2m016.html,https://e-shop.psd.gov.jo/media/catalog/product/cache/6fe0f40091d9883a4caf18d72ffe3621/p/h/photo_2024-08-08_12-37-44.jpg,625UM2M016,فازا فسيفساء  (معين ملون) القياسات: الطول24*العرض20سم,In stock
EARTHENWARE & POTTERY,فازا فسيفساء خط مركزي,8.0,https://e-shop.psd.gov.jo/625um2m041.html,https://e-shop.psd.gov.jo/media/catalog/product/cache/6fe0f40091d9883a4caf18d72ffe3621/p/h/photo_2024-08-08_12-37-59.jpg,625UM2M041,فازا فسيفساء خط مركزي القياسات: الطول24*العرض12سم,Out of stock
EARTHENWARE & POTTERY,فازا  (سبونج بوب),6.0,https://e-shop.psd.gov.jo/625um2m3361.html,https://e-shop.psd.gov.jo/media/catalog/product/cache/6fe0f40091d9883a4caf18d72ffe3621/p/h/photo_2024-08-08_12-37-55.jpg,625UM2M3361,فازا  (سبونج بوب) القياسات: الطول15*العرض10سم,In stock
EARTHENWARE & POTTERY,فخارة ماء سادة,7.0,https://e-shop.psd.gov.jo/625um2m1266.html,https://e-shop.psd.gov.jo/media/catalog/product/cache/6fe0f40091d9883a4caf18d72ffe3621/p/h/photo_2024-08-08_12-37-15.jpg,625UM2M1266,فخارة ماء سادة القياسات: الطول37*العرض12سم,Out of stock
EARTHENWARE & POTTERY,وعاء صغير,3.0,https://e-shop.psd.gov.jo/625um2m5371.html,https://e-shop.psd.gov.jo/media/catalog/product/cache/6fe0f40091d9883a4caf18d72ffe3621/p/h/photo_2024-08-08_10-38-45_1.jpg,625UM2M5371,وعاء فخار  (حجم وسط) القياسات: الطول24*العرض12سم,In stock
EARTHENWARE & POTTERY,صحن فخار,4.0,https://e-shop.psd.gov.jo/625um2m1195.html,https://e-shop.psd.gov.jo/media/catalog/product/cache/6fe0f40091d9883a4caf18d72ffe3621/p/h/photo_2024-08-08_12-37-31.jpg,625UM2M1195,صحن فخار القياسات: الطول24*العرض12سم,Out of stock
EARTHENWARE & POTTERY,محلاية عيد سعيد,10.0,https://e-shop.psd.gov.jo/625um2m032.html,https://e-shop.psd.gov.jo/media/catalog/product/cache/6fe0f40091d9883a4caf18d72ffe3621/p/h/photo_2024-08-08_12-37-03.jpg,625UM2M032,محلاية عيد سعيد القياسات: الطول21*العرض17سم,Out of stock
EARTHENWARE & POTTERY,"فازا فسيفساء أحرف (ح,م,ع,س.ق)",6.0,https://e-shop.psd.gov.jo/625um2m0285.html,https://e-shop.psd.gov.jo/media/catalog/product/cache/6fe0f40091d9883a4caf18d72ffe3621/p/h/photo_2024-08-08_12-37-41.jpg,625UM2M0285,"فازا فسيفساء أحرف (ح,م,ع,س.ق) القياسات: الطول:19*العرض:7سم",Out of stock
EARTHENWARE & POTTERY,فازا فسيفساء  (تفاحتين وعنب),4.0,https://e-shop.psd.gov.jo/625um2m0124.html,https://e-shop.psd.gov.jo/media/catalog/product/cache/6fe0f40091d9883a4caf18d72ffe3621/p/h/photo_2024-08-11_08-21-49.jpg,625UM2M0124,فازا فسيفساء  (تفاحتين وعنب) القياسات: الطول15*العرض14سم,Out of stock
EARTHENWARE & POTTERY,فازا فسيفساء سورة ياسين,7.0,https://e-shop.psd.gov.jo/625um2m0146.html,https://e-shop.psd.gov.jo/media/catalog/product/cache/6fe0f40091d9883a4caf18d72ffe3621/p/h/photo_2024-08-11_08-22-02.jpg,625UM2M0146,فازا فسيفساء سورة ياسين القياسات: الطول24*العرض13سم,Out of stock
EARTHENWARE & POTTERY,فازا فسيفساء غصن وورود ملونة,4.0,https://e-shop.psd.gov.jo/625um2m0210.html,https://e-shop.psd.gov.jo/media/catalog/product/cache/6fe0f40091d9883a4caf18d72ffe3621/p/h/photo_2024-08-11_08-22-11.jpg,625UM2M0210,فازا فسيفساء غصن وورود ملونة القياسات: الطول18*العرض14سم,Out of stock
EARTHENWARE & POTTERY,فازا فسيفساء معين بني و أخضر,6.0,https://e-shop.psd.gov.jo/625um2m0150.html,https://e-shop.psd.gov.jo/media/catalog/product/cache/6fe0f40091d9883a4caf18d72ffe3621/p/h/photo_2024-08-11_08-22-33.jpg,625UM2M0150,فازا فسيفساء معين بني و أخضر القياسات: الطول26*العرض11سم,Out of stock
EARTHENWARE & POTTERY,إبريق أورانج مهباش وجمل,6.0,https://e-shop.psd.gov.jo/625um2m0344.html,https://e-shop.psd.gov.jo/media/catalog/product/cache/6fe0f40091d9883a4caf18d72ffe3621/p/h/photo_2024-08-11_08-21-23.jpg,625UM2M0344,إبريق أورانج مهباش وجمل القياسات: الطول20*العرض7سم,Out of stock
EARTHENWARE & POTTERY,محلاية خط بني بغطاء,4.0,https://e-shop.psd.gov.jo/625um2m0319.html,https://e-shop.psd.gov.jo/media/catalog/product/cache/6fe0f40091d9883a4caf18d72ffe3621/p/h/photo_2024-08-11_08-21-34.jpg,625UM2M0319,محلاية خط بني بغطاء القياسات: الطول5*العرض8سم,In stock
EARTHENWARE & POTTERY,فازا سورة الإخلاص,7.0,https://e-shop.psd.gov.jo/625um2m0224.html,https://e-shop.psd.gov.jo/media/catalog/product/cache/6fe0f40091d9883a4caf18d72ffe3621/p/h/photo_2024-08-11_08-21-00.jpg,625UM2M0224,فازا سورة الإخلاص القياسات: الطول20*العرض8سم,In stock
EARTHENWARE & POTTERY,فازا فسيفساء وردة صفراء وخط أخضر,7.0,https://e-shop.psd.gov.jo/625um2m0125.html,https://e-shop.psd.gov.jo/media/catalog/product/cache/6fe0f40091d9883a4caf18d72ffe3621/p/h/photo_2024-08-11_08-21-40.jpg,625UM2M0125,فازا فسيفساء وردة صفراء وخط أخضر القياسات: الطول16*العرض10سم,In stock
EARTHENWARE & POTTERY,فازا قلوب أحمر,5.0,https://e-shop.psd.gov.jo/625um2m013.html,https://e-shop.psd.gov.jo/media/catalog/product/cache/6fe0f40091d9883a4caf18d72ffe3621/p/h/photo_2024-08-11_08-20-51.jpg,625UM2M013,فازا قلوب أحمر القياسات: الطول16*العرض7سم,In stock
EARTHENWARE & POTTERY,فازا فسيفساء عنق طويل ووردة أصفر,8.0,https://e-shop.psd.gov.jo/625um2m0126.html,https://e-shop.psd.gov.jo/media/catalog/product/cache/6fe0f40091d9883a4caf18d72ffe3621/p/h/photo_2024-08-11_08-21-11.jpg,625UM2M0126,فازا فسيفساء عنق طويل ووردة أصفر القياسات: الطول23*العرض7سم,Out of stock
EARTHENWARE & POTTERY,فازا فسيفساء زنبق,5.0,https://e-shop.psd.gov.jo/625um2m037.html,https://e-shop.psd.gov.jo/media/catalog/product/cache/6fe0f40091d9883a4caf18d72ffe3621/p/h/photo_2024-08-11_08-20-36.jpg,625UM2M037,فازا فسيفساء زنبق القياسات: الطول18*العرض5سم,In stock
EARTHENWARE & POTTERY,فازا فسيفساء (أجراس),5.0,https://e-shop.psd.gov.jo/625um2m0253.html,https://e-shop.psd.gov.jo/media/catalog/product/cache/6fe0f40091d9883a4caf18d72ffe3621/p/h/photo_2024-08-11_08-19-39.jpg,625UM2M0253,فازا فسيفساء (أجراس) القياسات: الطول15*العرض6سم,Out of stock
EARTHENWARE & POTTERY,فازا (الله خير حافظاً),4.0,https://e-shop.psd.gov.jo/625um2m0109.html,https://e-shop.psd.gov.jo/media/catalog/product/cache/6fe0f40091d9883a4caf18d72ffe3621/p/h/photo_2024-08-11_08-20-14.jpg,625UM2M0109,فازا (الله خير حافظاً) القياسات: الطول17*العرض6سم,In stock
EARTHENWARE & POTTERY,فازا خطوط مزخرفة,4.0,https://e-shop.psd.gov.jo/625um2m0207.html,https://e-shop.psd.gov.jo/media/catalog/product/cache/6fe0f40091d9883a4caf18d72ffe3621/p/h/photo_2024-08-11_10-01-08.jpg,625UM2M0207,فازا خطوط مزخرفة القياسات: الطول6*العرض10سم,Out of stock
EARTHENWARE & POTTERY,فازا فسيفساء شجرة حمراء وسوداء,6.0,https://e-shop.psd.gov.jo/625um2m0145.html,https://e-shop.psd.gov.jo/media/catalog/product/cache/6fe0f40091d9883a4caf18d72ffe3621/p/h/photo_2024-08-11_10-08-08.jpg,625UM2M0145,فازا فسيفساء شجرة حمراء وسوداء القياسات: الطول20*العرض6سم,Out of stock
EARTHENWARE & POTTERY,فازا صغيرة وورق شجر بني,2.0,https://e-shop.psd.gov.jo/1um1134336000.html,https://e-shop.psd.gov.jo/media/catalog/product/cache/6fe0f40091d9883a4caf18d72ffe3621/p/h/photo_2024-08-11_08-19-51.jpg,1UM1134336000,فازا صغيرة وورق شجر بني القياسات: الطول10*العرض5سم,Out of stock
EARTHENWARE & POTTERY,فازا  (عمان في القلب),4.0,https://e-shop.psd.gov.jo/625um2m0132.html,https://e-shop.psd.gov.jo/media/catalog/product/cache/6fe0f40091d9883a4caf18d72ffe3621/p/h/photo_2024-08-11_08-19-15.jpg,625UM2M0132,فازا  (عمان في القلب) القياسات: الطول20*العرض6سم,In stock
EARTHENWARE & POTTERY,فازا  (الإنسان الصياد),4.0,https://e-shop.psd.gov.jo/625um2m0173.html,https://e-shop.psd.gov.jo/media/catalog/product/cache/6fe0f40091d9883a4caf18d72ffe3621/p/h/photo_2024-08-11_10-33-32.jpg,625UM2M0173,فازا  (الإنسان الصياد) القياسات: الطول20*العرض5سم,Out of stock
EARTHENWARE & POTTERY,فازا (الله محمد),3.0,https://e-shop.psd.gov.jo/625um2m043.html,https://e-shop.psd.gov.jo/media/catalog/product/cache/6fe0f40091d9883a4caf18d72ffe3621/p/h/photo_2024-08-11_08-19-06.jpg,625UM2M043,فازا (الله محمد) القياسات: الطول 18سم*العرض 6 سم,In stock
EARTHENWARE & POTTERY,فازا فسيفساء (بلياردو),3.0,https://e-shop.psd.gov.jo/625um2m0246.html,https://e-shop.psd.gov.jo/media/catalog/product/cache/6fe0f40091d9883a4caf18d72ffe3621/p/h/photo_2024-08-11_08-19-02.jpg,625UM2M0246,فازا فسيفساء (بلياردو) القياسات: الطول 16سم*العرض 6 سم,In stock
EARTHENWARE & POTTERY,فازا فسيفساء ورق شجر زهري,8.0,https://e-shop.psd.gov.jo/625um2m0231.html,https://e-shop.psd.gov.jo/media/catalog/product/cache/6fe0f40091d9883a4caf18d72ffe3621/p/h/photo_2024-08-11_08-18-32_2.jpg,625UM2M0231,فازا فسيفساء ورق شجر زهري القياسات: الطول 12سم*العرض 9 سم,In stock
EARTHENWARE & POTTERY,فازا فسيفساء طه,6.0,https://e-shop.psd.gov.jo/625um2m055.html,https://e-shop.psd.gov.jo/media/catalog/product/cache/6fe0f40091d9883a4caf18d72ffe3621/p/h/photo_2024-08-11_08-22-47.jpg,625UM2M055,فازا فسيفساء طه القياسات: الطول 19سم*العرض 10 سم,Out of stock
EARTHENWARE & POTTERY,وعاء فخاري صغير,3.0,https://e-shop.psd.gov.jo/625um2m5366.html,https://e-shop.psd.gov.jo/media/catalog/product/cache/6fe0f40091d9883a4caf18d72ffe3621/p/h/photo_2024-08-08_12-37-08.jpg,625UM2M5366,وعاء فخاري عميق القياسات: الطول 16سم*العرض 7 سم,In stock
EARTHENWARE & POTTERY,فازا قلب و دب,12.0,https://e-shop.psd.gov.jo/625um2m0313.html,https://e-shop.psd.gov.jo/media/catalog/product/cache/6fe0f40091d9883a4caf18d72ffe3621/p/h/photo_2024-08-11_11-38-45.jpg,625UM2M0313,فازا قلب و دب القياسات: الطول 23سم*العرض 10 سم,In stock
EARTHENWARE & POTTERY,فازا لامع (مقابض),4.0,https://e-shop.psd.gov.jo/625um2m1353.html,https://e-shop.psd.gov.jo/media/catalog/product/cache/6fe0f40091d9883a4caf18d72ffe3621/_/1/_12121233_2__1.png,625UM2M1353,فازا لامع (مقابض) القياسات: الطول:12سم العرض:8سم,In stock
EARTHENWARE & POTTERY,إبريق يد مجدولة,5.0,https://e-shop.psd.gov.jo/1um1159336000.html,https://e-shop.psd.gov.jo/media/catalog/product/cache/6fe0f40091d9883a4caf18d72ffe3621/1/u/1um1159336000_2_.png,1UM1159336000,إبريق يد مجدولة القياسات: الطول:4سم العرض:28سم,Out of stock
EARTHENWARE & POTTERY,فازا (بالشكر تدوم النعم),7.0,https://e-shop.psd.gov.jo/625um2m0226.html,https://e-shop.psd.gov.jo/media/catalog/product/cache/6fe0f40091d9883a4caf18d72ffe3621/1/u/1um1161336000_1_.png,625UM2M0226,فازا (بالشكر تدوم النعم) القياسات: الطول:15سم العرض:10سم,Out of stock
EARTHENWARE & POTTERY,فازا بيضوي مموج بني و بيج,6.0,https://e-shop.psd.gov.jo/1um1162336000.html,https://e-shop.psd.gov.jo/media/catalog/product/cache/6fe0f40091d9883a4caf18d72ffe3621/_/1/_177_2_.png,1UM1162336000,فازا بيضوي مموج بني و بيج القياسات: الطول:20سم العرض:8سم,Out of stock
EARTHENWARE & POTTERY,مبخرة (نجمة و هلال),3.0,https://e-shop.psd.gov.jo/625um2m6356.html,https://e-shop.psd.gov.jo/media/catalog/product/cache/6fe0f40091d9883a4caf18d72ffe3621/_/2/_2310_2_.png,625UM2M6356,مبخرة (نجمة و هلال) القياسات: الطول:6سم العرض:10سم,In stock
EARTHENWARE & POTTERY,طاجن فخار سادة,12.0,https://e-shop.psd.gov.jo/625um2m1198.html,https://e-shop.psd.gov.jo/media/catalog/product/cache/6fe0f40091d9883a4caf18d72ffe3621/_/8/_87878_1__1.png,625UM2M1198,طاجن فخار سادة القياسات: الطول:15سم العرض:16سم,In stock
EARTHENWARE & POTTERY,إبريق سحري مزخرف,7.0,https://e-shop.psd.gov.jo/1um1166336000.html,https://e-shop.psd.gov.jo/media/catalog/product/cache/6fe0f40091d9883a4caf18d72ffe3621/_/1/_12102024_2_.png,1UM1166336000,إبريق سحري مزخرف القياسات: الطول:23سم العرض:3سم,Out of stock
EARTHENWARE & POTTERY,فازا فسيفساء ورد و بتلات,8.0,https://e-shop.psd.gov.jo/625um2m0110.html,https://e-shop.psd.gov.jo/media/catalog/product/cache/6fe0f40091d9883a4caf18d72ffe3621/_/8/_8765432_2_.png,625UM2M0110,فازا فسيفساء ورد و بتلات القياسات: الطول:22سم العرض:8سم,In stock
EARTHENWARE & POTTERY,فازا (سعادة،إقبال،سرور),9.0,https://e-shop.psd.gov.jo/625um2m0316.html,https://e-shop.psd.gov.jo/media/catalog/product/cache/6fe0f40091d9883a4caf18d72ffe3621/_/1/_1um1173336000_1.png,625UM2M0316,فازا (سعادة،إقبال،سرور) القياسانت: الطول:20سم العرض:10سم,Out of stock
EARTHENWARE & POTTERY,فازا (لفظ الجلالة الله),11.0,https://e-shop.psd.gov.jo/625um2m0312.html,https://e-shop.psd.gov.jo/media/catalog/product/cache/6fe0f40091d9883a4caf18d72ffe3621/_/1/_11576_2_.png,625UM2M0312,فازا (لفظ الجلالة الله) القياسات: الطول:26سم العرض:10سم,Out of stock
EARTHENWARE & POTTERY,وعاء فسيفساء ورد أسود,12.0,https://e-shop.psd.gov.jo/625um2m25.html,https://e-shop.psd.gov.jo/media/catalog/product/cache/6fe0f40091d9883a4caf18d72ffe3621/_/1/_123456787654321_2_.png,625UM2M25,وعاء فسيفساء ورد أسود القياسات: الطول:10سم العرض:24سم,Out of stock
EARTHENWARE & POTTERY,وعاء (أحرف مركزية),14.0,https://e-shop.psd.gov.jo/1um1180336000.html,https://e-shop.psd.gov.jo/media/catalog/product/cache/6fe0f40091d9883a4caf18d72ffe3621/_/3/_34356878_2_.png,1UM1180336000,وعاء (أحرف مركزية) القياسات: الطول:12سم العرض:24سم,Out of stock
EARTHENWARE & POTTERY,محلاية أبيض (أحمروأسود),15.0,https://e-shop.psd.gov.jo/625um2m0322.html,https://e-shop.psd.gov.jo/media/catalog/product/cache/6fe0f40091d9883a4caf18d72ffe3621/_/1/_15388_4__1_1.png,625UM2M0322,محلاية أبيض (أحمروأسود) القياسات: الطول:18سم العرض:13سم,In stock
EARTHENWARE & POTTERY,محلاية و غطاء أبيض و أسود,16.0,https://e-shop.psd.gov.jo/625um2m67.html,https://e-shop.psd.gov.jo/media/catalog/product/cache/6fe0f40091d9883a4caf18d72ffe3621/_/1/_1578904651010_1_.png,625UM2M67,محلاية مع غطاء أبيض و أسود القياسات: الطول:10سم العرض:18سم,Out of stock
EARTHENWARE & POTTERY,محلاية فسيفساء نهدي مع خط أحمر,17.0,https://e-shop.psd.gov.jo/625um2m0337.html,https://e-shop.psd.gov.jo/media/catalog/product/cache/6fe0f40091d9883a4caf18d72ffe3621/1/u/1um1184336000_3_.png,625UM2M0337,محلاية فسيفساء نهدي مع خط أحمر القياسات: الطول:10سم العرض:26سم,In stock
EARTHENWARE & POTTERY,فازا كبير (نمر),17.0,https://e-shop.psd.gov.jo/625um2l1342.html,https://e-shop.psd.gov.jo/media/catalog/product/cache/6fe0f40091d9883a4caf18d72ffe3621/1/u/1um1185336000_2_.png,625UM2L1342,فازا كبير (نمر) القياسات: الطول:38سم العرض:12سم,Out of stock
EARTHENWARE & POTTERY,محلاية يد مجدولة,17.0,https://e-shop.psd.gov.jo/625um2m0332.html,https://e-shop.psd.gov.jo/media/catalog/product/cache/6fe0f40091d9883a4caf18d72ffe3621/_/7/_7112025.png,625UM2M0332,محلاية يد مجدولة القياسات: الطول:30سم العرض:24سم,In stock
EARTHENWARE & POTTERY,فازا بيت أثري,16.0,https://e-shop.psd.gov.jo/625um2m123.html,https://e-shop.psd.gov.jo/media/catalog/product/cache/6fe0f40091d9883a4caf18d72ffe3621/1/u/1um1187336000_2_.png,625UM2M123,فازا كبير (بيت أثري) القياسات: الطول:13سم العرض:15سم,Out of stock
EARTHENWARE & POTTERY,لوحة فسيفساء أسد,30.0,https://e-shop.psd.gov.jo/625um2m0272.html,https://e-shop.psd.gov.jo/media/catalog/product/cache/6fe0f40091d9883a4caf18d72ffe3621/p/h/photoroom-____11_2_2.png,625UM2M0272,لوحة فسيفساء أسد القياسات: الطول:42سم العرض:27سم,In stock
EARTHENWARE & POTTERY,لوحة فسيفساء(ذئب),30.0,https://e-shop.psd.gov.jo/625um2m0271.html,https://e-shop.psd.gov.jo/media/catalog/product/cache/6fe0f40091d9883a4caf18d72ffe3621/1/u/1um1189336000.png,625UM2M0271,لوحة فسيفساء(ذئب) القياسات: الطول:42سم العرض:27سم,In stock
EARTHENWARE & POTTERY,لوحة فسيفساء حصان,30.0,https://e-shop.psd.gov.jo/625um2m0268.html,https://e-shop.psd.gov.jo/media/catalog/product/cache/6fe0f40091d9883a4caf18d72ffe3621/p/h/photoroom-____29_3_1.png,625UM2M0268,لوحة خشب (حصان) القياسات: الطول:42سم العرض:27سم,In stock
EARTHENWARE & POTTERY,لوحة فسيفساء  غزال عربي,30.0,https://e-shop.psd.gov.jo/625um2m0269.html,https://e-shop.psd.gov.jo/media/catalog/product/cache/6fe0f40091d9883a4caf18d72ffe3621/1/u/1um1191336000.png,625UM2M0269,لوحة خشب (غزال عربي) القياسات: الطول:42سم العرض:27سم,In stock
EARTHENWARE & POTTERY,لوحة فسيفساء ورد أحمر,30.0,https://e-shop.psd.gov.jo/625um2m0270.html,https://e-shop.psd.gov.jo/media/catalog/product/cache/6fe0f40091d9883a4caf18d72ffe3621/p/h/photoroom-____16_4_1.png,625UM2M0270,لوحة فسيفساء ورد أحمر القياسات: الطول:42سم العرض:27سم,In stock
EARTHENWARE & POTTERY,لوحة فسيفساء أسد,30.0,https://e-shop.psd.gov.jo/625um2m2358.html,https://e-shop.psd.gov.jo/media/catalog/product/cache/6fe0f40091d9883a4caf18d72ffe3621/1/u/1um1193336000.png,625UM2M2358,لوحة فسيفساء أسد القياسات: الطول:42سم العرض:27سم,In stock
EARTHENWARE & POTTERY,لوحة فسيفساء (غزال),26.0,https://e-shop.psd.gov.jo/625um2m0267.html,https://e-shop.psd.gov.jo/media/catalog/product/cache/6fe0f40091d9883a4caf18d72ffe3621/1/u/1um1194336000.png,625UM2M0267,لوحة فسيفساء (غزال) القياسات: الطول:40سم العرض:26سم,In stock
EARTHENWARE & POTTERY,دلة قهوة عربية,2.0,https://e-shop.psd.gov.jo/625um2s1192.html,https://e-shop.psd.gov.jo/media/catalog/product/cache/6fe0f40091d9883a4caf18d72ffe3621/_/9/_90000000000_1.png,625UM2S1192,دلة قهوة عربية القياسات: مختلف الأحجام,In stock
EARTHENWARE & POTTERY,طقم قهوة,25.0,https://e-shop.psd.gov.jo/625um2m0329.html,https://e-shop.psd.gov.jo/media/catalog/product/cache/6fe0f40091d9883a4caf18d72ffe3621/p/h/photoroom-____37_2.png,625UM2M0329,طقم قهوة القياسات: قطر الصينية:29سم,In stock
EARTHENWARE & POTTERY,فازا ورد أحمر وكحلي,4.0,https://e-shop.psd.gov.jo/625um2m0363.html,https://e-shop.psd.gov.jo/media/catalog/product/cache/6fe0f40091d9883a4caf18d72ffe3621/p/h/photoroom-____15_6_1.png,625UM2M0363,فازا ورد أحمر وكحلي القياسات: الطول:21سم العرض:9سم,Out of stock
EARTHENWARE & POTTERY,وعاء ورد البنفسج,3.0,https://e-shop.psd.gov.jo/625um2m0214.html,https://e-shop.psd.gov.jo/media/catalog/product/cache/6fe0f40091d9883a4caf18d72ffe3621/p/h/photoroom-____18_6.png,625UM2M0214,وعاء ورد البنفسج القياسات: الطول:11سم العرض9سم,Out of stock
EARTHENWARE & POTTERY,وعاء مقابض,5.0,https://e-shop.psd.gov.jo/625um2m0345.html,https://e-shop.psd.gov.jo/media/catalog/product/cache/6fe0f40091d9883a4caf18d72ffe3621/p/h/photoroom-____11_3_2.png,625UM2M0345,وعاء مقابض القياسات: الطول:15سم العرض:10سم,In stock
EARTHENWARE & POTTERY,جافظة زيت بمقبض (Olive),5.0,https://e-shop.psd.gov.jo/1um11214336000.html,https://e-shop.psd.gov.jo/media/catalog/product/cache/6fe0f40091d9883a4caf18d72ffe3621/p/h/photoroom-____7_4_1.png,1UM11214336000,جافظة زيت بمقبض (Olive) القياسات: الطول:21سم العرض:7سم,Out of stock
EARTHENWARE & POTTERY,فازا  (القرآن المجيد),5.0,https://e-shop.psd.gov.jo/625um2m0149.html,https://e-shop.psd.gov.jo/media/catalog/product/cache/6fe0f40091d9883a4caf18d72ffe3621/p/h/photoroom-____4_4_3.png,625UM2M0149,فازا  (القرآن المجيد) القياسات: الطول:20سم العرض:12سم,Out of stock
EARTHENWARE & POTTERY,فازا غزال وكرز,5.0,https://e-shop.psd.gov.jo/625um2m026.html,https://e-shop.psd.gov.jo/media/catalog/product/cache/6fe0f40091d9883a4caf18d72ffe3621/p/h/photoroom-____2_4.png,625UM2M026,فازا غزال وكرز القياسات: الطول:22سم العرض:15سم,Out of stock
EARTHENWARE & POTTERY,إبريق  (سوسنة سوداء),5.0,https://e-shop.psd.gov.jo/1um11222336000.html,https://e-shop.psd.gov.jo/media/catalog/product/cache/6fe0f40091d9883a4caf18d72ffe3621/p/h/photoroom-____3_3_1.png,1UM11222336000,إبريق  (سوسنة سوداء) القياسات: الطول:22سم العرض:11سم,Out of stock
EARTHENWARE & POTTERY,فازا إسطوانية (ورود),6.0,https://e-shop.psd.gov.jo/1um11223360000.html,https://e-shop.psd.gov.jo/media/catalog/product/cache/6fe0f40091d9883a4caf18d72ffe3621/p/h/photoroom-____1_7_1.png,625UM2M5540,فازا إسطوانية (ورود) القياسات: الطول:17سم العرض:10سم,In stock
EARTHENWARE & POTTERY,فازا ورد كحلي,6.0,https://e-shop.psd.gov.jo/625um2m0083.html,https://e-shop.psd.gov.jo/media/catalog/product/cache/6fe0f40091d9883a4caf18d72ffe3621/p/h/photoroom-____6_1_4.png,625UM2M0083,فازا ورد كحلي القياسات: الطول:14سم العرض:9سم,Out of stock
EARTHENWARE & POTTERY,فازا غزال راكض,6.0,https://e-shop.psd.gov.jo/625um2m029.html,https://e-shop.psd.gov.jo/media/catalog/product/cache/6fe0f40091d9883a4caf18d72ffe3621/_/1/_1997.png,625UM2M029,فازا غزال يركض القياسات: الطول:20سم العرض:11سم,Out of stock
EARTHENWARE & POTTERY,فازا ورد أسود,5.0,https://e-shop.psd.gov.jo/625um2m0128.html,https://e-shop.psd.gov.jo/media/catalog/product/cache/6fe0f40091d9883a4caf18d72ffe3621/_/1/_1995.png,625UM2M0128,فازا ورد أسود القياسات: الطول:21 العرض9سم,Out of stock
EARTHENWARE & POTTERY,وعاء منقط ضيافة,6.0,https://e-shop.psd.gov.jo/1um11228336000.html,https://e-shop.psd.gov.jo/media/catalog/product/cache/6fe0f40091d9883a4caf18d72ffe3621/_/1/_1234.png,1UM11228336000,وعاء منقط ضيافة القياسات: الطول:10سم العرض:15سم,Out of stock
EARTHENWARE & POTTERY,وعاء وردة خلفية سوداء,5.0,https://e-shop.psd.gov.jo/625um2m0114.html,https://e-shop.psd.gov.jo/media/catalog/product/cache/6fe0f40091d9883a4caf18d72ffe3621/_/6/_6544.png,625UM2M0114,وعاء وردة خلفية سوداء القياسات: الطول:16سم العرض:10سم,In stock
EARTHENWARE & POTTERY,فازا وردة سوداء حواف نهدي,8.0,https://e-shop.psd.gov.jo/625um2m0360.html,https://e-shop.psd.gov.jo/media/catalog/product/cache/6fe0f40091d9883a4caf18d72ffe3621/p/h/photoroom-____4_4_1.png,625UM2M0360,فازا وردة سوداء حواف نهدي القياسات: الطول:17سم االعرض:9سم,Out of stock
EARTHENWARE & POTTERY,وعاء ورود أزرق,7.0,https://e-shop.psd.gov.jo/1um11233336000.html,https://e-shop.psd.gov.jo/media/catalog/product/cache/6fe0f40091d9883a4caf18d72ffe3621/_/1/_1998.png,1UM11233336000,وعاء ورود أزرق القياسات: قطر الوعاء:19سم,Out of stock
EARTHENWARE & POTTERY,فازا معتق ورد نهدي,7.0,https://e-shop.psd.gov.jo/625um2m022.html,https://e-shop.psd.gov.jo/media/catalog/product/cache/6fe0f40091d9883a4caf18d72ffe3621/_/5/_545432.png,625UM2M022,فازا معتق ورد نهدي القياسات: الطول:27سم العرض:10سم,In stock
EARTHENWARE & POTTERY,صحن ورد بني,6.0,https://e-shop.psd.gov.jo/625um2m14.html,https://e-shop.psd.gov.jo/media/catalog/product/cache/6fe0f40091d9883a4caf18d72ffe3621/_/5/_5432111.png,625UM2M14,صحن ورود  بني القياسات: قطر الصحن:19سم,Out of stock
EARTHENWARE & POTTERY,إبريق بغطاء زيتي,9.0,https://e-shop.psd.gov.jo/625um2l9365.html,https://e-shop.psd.gov.jo/media/catalog/product/cache/6fe0f40091d9883a4caf18d72ffe3621/p/h/photoroom-____17_3_2.png,625UM2L9365,إبريق بغطاء زيتي القياسات: الطول:33سم العرض:11سم,Out of stock
EARTHENWARE & POTTERY,فازا  (كهيعص),8.0,https://e-shop.psd.gov.jo/625um2m0228.html,https://e-shop.psd.gov.jo/media/catalog/product/cache/6fe0f40091d9883a4caf18d72ffe3621/_/1/_123454321.png,625UM2M0228,فازا  (كهيعص) القياسات: الطول:20سم العرض:10سم,Out of stock
EARTHENWARE & POTTERY,ابريق بغطاء  (أحرف عربية),7.0,https://e-shop.psd.gov.jo/625um2l6368.html,https://e-shop.psd.gov.jo/media/catalog/product/cache/6fe0f40091d9883a4caf18d72ffe3621/_/9/_9898767.png,625UM2L6368,ابريق بغطاء  (أحرف عربية) القياسات: الطول:31سم العرض:9سم,Out of stock
EARTHENWARE & POTTERY,وعاء قاعدة صحن,11.0,https://e-shop.psd.gov.jo/625um2m1351.html,https://e-shop.psd.gov.jo/media/catalog/product/cache/6fe0f40091d9883a4caf18d72ffe3621/p/h/photoroom-____21_2_6.png,625UM2M1351,وعاء قاعدة صحن القياسات: الطول:14سم العرض:11سم,In stock
EARTHENWARE & POTTERY,فازا  ورود معتق,10.0,https://e-shop.psd.gov.jo/625um2m00297.html,https://e-shop.psd.gov.jo/media/catalog/product/cache/6fe0f40091d9883a4caf18d72ffe3621/_/4/_45454_1000987.png,625UM2M00297,فازا  ورود معتق القياسات: الطول:23سم العرض 12سم,In stock
EARTHENWARE & POTTERY,ابريق أحرف عربية,12.0,https://e-shop.psd.gov.jo/625um2m6367.html,https://e-shop.psd.gov.jo/media/catalog/product/cache/6fe0f40091d9883a4caf18d72ffe3621/p/h/photoroom-____27_3.png,625UM2M6367,ابريق أحرف عربية القياسات: الطول:28سم العرض:13سم,Out of stock
EARTHENWARE & POTTERY,صحن طاووس,13.0,https://e-shop.psd.gov.jo/625um2m0334.html,https://e-shop.psd.gov.jo/media/catalog/product/cache/6fe0f40091d9883a4caf18d72ffe3621/p/h/photoroom-____26_5_1.png,625UM2M0334,صحن طاووس القياسات: قطر الصحن :32سم,Out of stock
EARTHENWARE & POTTERY,فازا أزرق وأصفر,13.0,https://e-shop.psd.gov.jo/625um2m0306.html,https://e-shop.psd.gov.jo/media/catalog/product/cache/6fe0f40091d9883a4caf18d72ffe3621/p/h/photoroom-____28_1_1.png,625UM2M0306,فازا أزرق وأصفر القياسات: الطول:25سم العرض:13سم,Out of stock
EARTHENWARE & POTTERY,فازا بغطاء أشكال هندسية,13.0,https://e-shop.psd.gov.jo/625um2m0326.html,https://e-shop.psd.gov.jo/media/catalog/product/cache/6fe0f40091d9883a4caf18d72ffe3621/p/h/photoroom-____33_5.png,625UM2M0326,فازا بغطاء أشكال هندسية القياسات: الطول:30سم العرض:21سم,Out of stock
EARTHENWARE & POTTERY,زجاجة فسيفساء كبير,13.0,https://e-shop.psd.gov.jo/625um2m0314.html,https://e-shop.psd.gov.jo/media/catalog/product/cache/6fe0f40091d9883a4caf18d72ffe3621/p/h/photoroom-____29_4_1.png,625UM2M0314,زجاجة فسيفساء كبير القياسات: الطول:38سم العرض:15سم,Out of stock
EARTHENWARE & POTTERY,فازا أثرية معتقة فيروزي,16.0,https://e-shop.psd.gov.jo/1um11255336000.html,https://e-shop.psd.gov.jo/media/catalog/product/cache/6fe0f40091d9883a4caf18d72ffe3621/p/h/photoroom-____30_3_5.png,625UM2M5541,فازا أثرية معتقة فيروزي القياسات: الطول:59سم العرض:14سم,Out of stock
EARTHENWARE & POTTERY,مضيفة حلويات قاعدة أخضر,19.0,https://e-shop.psd.gov.jo/625um2m0331.html,https://e-shop.psd.gov.jo/media/catalog/product/cache/6fe0f40091d9883a4caf18d72ffe3621/p/h/photoroom-____34_3_1.png,625UM2M0331,مضيفة حلويات قاعدة أخضر القياسات: قطر الدائرة :26سم,Out of stock
EARTHENWARE & POTTERY,محلاية معتق فيروزي,9.0,https://e-shop.psd.gov.jo/625um2m5533.html,https://e-shop.psd.gov.jo/media/catalog/product/cache/6fe0f40091d9883a4caf18d72ffe3621/p/h/photoroom-____39_2_2.png,625UM2M5533,محلاية معتق فيروزي القياسات: قطر القاعدة:24سم,Out of stock
COPPERS,لوحة نحاسية معلم سياحي أردني(بوابة جرش),10.0,https://e-shop.psd.gov.jo/625ir3m190.html,https://e-shop.psd.gov.jo/media/catalog/product/cache/6fe0f40091d9883a4caf18d72ffe3621/_/6/_657777777777777777777777777777.png,625IR3M190,لوحة نحاسية معلم سياحي أردني(بوابة جرش) القياسات: الطول:24*العرض:32سم,In stock
COPPERS,لوحة نحاسية معلم سياحي أردني(السوسنة السوداء),10.0,https://e-shop.psd.gov.jo/625ir3m189.html,https://e-shop.psd.gov.jo/media/catalog/product/cache/6fe0f40091d9883a4caf18d72ffe3621/_/8/_8899999999.png,625IR3M189,لوحة نحاسية معلم سياحي أردني(السوسنة السوداء) القياسات: الطول:32*العرض:24سم,In stock
COPPERS,لوحة نحاسية معلم سياحي أردني(جبل القلعة),10.0,https://e-shop.psd.gov.jo/625ir3m188.html,https://e-shop.psd.gov.jo/media/catalog/product/cache/6fe0f40091d9883a4caf18d72ffe3621/_/8/_89999_1.png,625IR3M188,لوحة نحاسية معلم سياحي أردني(جبل القلعة) القياسات: الطول:32*العرض:24سم,In stock
COPPERS,لوحة نحاسية (PSD) كبير,15.0,https://e-shop.psd.gov.jo/625ir3m187.html,https://e-shop.psd.gov.jo/media/catalog/product/cache/6fe0f40091d9883a4caf18d72ffe3621/p/s/psd_899999999.png,625IR3M187,لوحة نحاسية (PSD) كبير القياسات: الطول:37*العرض:46سم,In stock
COPPERS,لوحة نحاسية (مبنى مديرية الأمن العام) كبير,15.0,https://e-shop.psd.gov.jo/625ir3m186.html,https://e-shop.psd.gov.jo/media/catalog/product/cache/6fe0f40091d9883a4caf18d72ffe3621/_/7/_788888888888888.png,625IR3M186,لوحة نحاسية (مبنى مديرية الأمن العام) كبير القياسات: الطول:29*العرض42سم,Out of stock
COPPERS,لوحة نحاسية طاووس,15.0,https://e-shop.psd.gov.jo/625ir3m120.html,https://e-shop.psd.gov.jo/media/catalog/product/cache/6fe0f40091d9883a4caf18d72ffe3621/m/s/msg6233817561-3658.jpg,625IR3M120,لوحة نحاسية طاووس القياسات: الطول45*العرض35سم,Out of stock
COPPERS,لوحة نحاسية (منظر طبيعي ),15.0,https://e-shop.psd.gov.jo/625ir3s177.html,https://e-shop.psd.gov.jo/media/catalog/product/cache/6fe0f40091d9883a4caf18d72ffe3621/m/s/msg6233817561-3656.jpg,625IR3S177,لوحة نحاسية (منظر طبيعي ) القياسات: الطول27*العرض45سم,In stock
COPPERS,(لوحة نحاسية (غسان كنفاني,8.0,https://e-shop.psd.gov.jo/625ir3m134.html,https://e-shop.psd.gov.jo/media/catalog/product/cache/6fe0f40091d9883a4caf18d72ffe3621/m/s/msg6233817561-3655.jpg,625IR3M134,لوحة نحاسية غسان كنفاني القياسات: الطول35*العرض27سم,In stock
COPPERS,لوحة نحاسية (فازا ورود),15.0,https://e-shop.psd.gov.jo/625ir3m111.html,https://e-shop.psd.gov.jo/media/catalog/product/cache/6fe0f40091d9883a4caf18d72ffe3621/m/s/msg6233817561-3654.jpg,625IR3M111,لوحة نحاسية (فازا ورود) القياسات: الطول45*العرض35سم,Out of stock
COPPERS,لوحة نحاسية فلامنجو,15.0,https://e-shop.psd.gov.jo/625ir3m112.html,https://e-shop.psd.gov.jo/media/catalog/product/cache/6fe0f40091d9883a4caf18d72ffe3621/m/s/msg6233817561-3651.jpg,625IR3M112,لوحة نحاسية فلامنجو القياسات: الطول45*العرض35سم,In stock
COPPERS,لوحة نحاسية (حصان راكض),15.0,https://e-shop.psd.gov.jo/625ir3m128.html,https://e-shop.psd.gov.jo/media/catalog/product/cache/6fe0f40091d9883a4caf18d72ffe3621/m/s/msg6233817561-3650.jpg,625IR3M128,لوحة نحاسية (حصان راكض) القياسات: الطول35*العرض44سم,In stock
COPPERS,لوحة نحاسية (فازا بيضوية ووردة),15.0,https://e-shop.psd.gov.jo/625ir3m123.html,https://e-shop.psd.gov.jo/media/catalog/product/cache/6fe0f40091d9883a4caf18d72ffe3621/m/s/msg6233817561-3648.jpg,625IR3M123,لوحة نحاسية (فازا بيضوية ووردة) القياسات: الطول45*العرض35سم,In stock
COPPERS,لوحة نحاسية  (قلم ومحارب),15.0,https://e-shop.psd.gov.jo/625ir3m14.html,https://e-shop.psd.gov.jo/media/catalog/product/cache/6fe0f40091d9883a4caf18d72ffe3621/m/s/msg6233817561-3660.jpg,625IR3M14,لوحة قلم وشجرة ومحارب نحاسي القياسات: الطول45*العرض35سم,Out of stock
COPPERS,لوحة نحاسية (قصر الحلابات),15.0,https://e-shop.psd.gov.jo/625ir3m131.html,https://e-shop.psd.gov.jo/media/catalog/product/cache/6fe0f40091d9883a4caf18d72ffe3621/p/h/photo_2024-02-27_10-51-10_1.jpg,625IR3M131,لوحة نحاسية (قصر الحلابات) ا لقياسات: الطول33 *العرض48سم,In stock
COPPERS,(لوحة نحاسية (جسر عبدون,15.0,https://e-shop.psd.gov.jo/625ir3m129.html,https://e-shop.psd.gov.jo/media/catalog/product/cache/6fe0f40091d9883a4caf18d72ffe3621/p/h/photo_2024-05-19_10-12-13.jpg,625IR3M129,لوحة نحاسية جسر عبدون القياسات: الطول36*العرض47سم,In stock
COPPERS,(لوحة نحاسية ( أسد,8.0,https://e-shop.psd.gov.jo/625ir3m135.html,https://e-shop.psd.gov.jo/media/catalog/product/cache/6fe0f40091d9883a4caf18d72ffe3621/p/h/photo_2024-05-19_10-14-25.jpg,625IR3M135,لوحة نحاسية وجه أسد القياسات: الطول33*العرض25سم,In stock
COPPERS,(لوحة نحاسية (الفلق,15.0,https://e-shop.psd.gov.jo/625ir3m53.html,https://e-shop.psd.gov.jo/media/catalog/product/cache/6fe0f40091d9883a4caf18d72ffe3621/p/h/photo_2024-05-19_10-30-46_2.jpg,625IR3M53,(لوحة نحاسية سورة ا(لفلق القياسات: الطول33*العرض44سم,In stock
COPPERS,لوحة نحاسية الأقصى,15.0,https://e-shop.psd.gov.jo/625ir3m132.html,https://e-shop.psd.gov.jo/media/catalog/product/cache/6fe0f40091d9883a4caf18d72ffe3621/p/h/photo_2024-05-19_10-38-32.jpg,625IR3M132,لوحة نحاسية الأقصى القياسات: الطول:33*العرض48سم,Out of stock
COPPERS,لوحة نحاسية (ساحة الأعمدة) صغير,8.0,https://e-shop.psd.gov.jo/625ir3m57.html,https://e-shop.psd.gov.jo/media/catalog/product/cache/6fe0f40091d9883a4caf18d72ffe3621/p/h/photo_2024-09-18_11-44-52.jpg,625IR3M57,لوحة نحاسية (ساحة الأعمدة) القياسات: الطول23*العرض32سم,In stock
COPPERS,لوحة نحاسية (القصر الأموي),8.0,https://e-shop.psd.gov.jo/625ir3m50.html,https://e-shop.psd.gov.jo/media/catalog/product/cache/6fe0f40091d9883a4caf18d72ffe3621/p/h/photo_2024-09-18_11-42-40.jpg,625IR3M50,لوحة نحاسية (القصر الأموي) القياسات: الطول23*العرض32سم,In stock
COPPERS,لوحة نحاسية (بحيرة وقارب),8.0,https://e-shop.psd.gov.jo/625ir3m126.html,https://e-shop.psd.gov.jo/media/catalog/product/cache/6fe0f40091d9883a4caf18d72ffe3621/i/m/img-20241121-wa0009.jpg,625IR3M126,لوحة نحاسية (بحيرة وقارب) القياسات: الطول :  42 سم العرض :30 سم,In stock
COPPERS,لوحة نحاسية (دراجة هوائية),15.0,https://e-shop.psd.gov.jo/625ir3m118.html,https://e-shop.psd.gov.jo/media/catalog/product/cache/6fe0f40091d9883a4caf18d72ffe3621/i/m/img-20241121-wa0008.jpg,625IR3M118,لوحة نحاسية (دراجة هوائية) القياسات: الطول 42سم العرض: 30سم,In stock
COPPERS,لوحة نحاسية (فرسين),15.0,https://e-shop.psd.gov.jo/625ir3m127.html,https://e-shop.psd.gov.jo/media/catalog/product/cache/6fe0f40091d9883a4caf18d72ffe3621/i/m/img-20241121-wa0010.jpg,625IR3M127,لوحة نحاسية (فرسين) القياسات: الطول 42سم العرض: 30سم,In stock
COPPERS,لوحة نحاسية (إوز البحيرة),15.0,https://e-shop.psd.gov.jo/625ir3m121.html,https://e-shop.psd.gov.jo/media/catalog/product/cache/6fe0f40091d9883a4caf18d72ffe3621/i/m/img-20241121-wa0004.jpg,625IR3M121,لوحة نحاسية (إوز في البحيرة) القياسات: الطول 42سم العرض: 30سم,In stock
COPPERS,لوحة نحاسية (ورد وإمرأة),15.0,https://e-shop.psd.gov.jo/625ir3m122.html,https://e-shop.psd.gov.jo/media/catalog/product/cache/6fe0f40091d9883a4caf18d72ffe3621/i/m/img-20241121-wa0005.jpg,625IR3M122,لوحة نحاسية (ورد وإمرأة) القياسات: الطول 42سم العرض: 30سم,In stock
COPPERS,لوحة نحاسية (قوس النصر ) صغير,8.0,https://e-shop.psd.gov.jo/625ir3m143.html,https://e-shop.psd.gov.jo/media/catalog/product/cache/6fe0f40091d9883a4caf18d72ffe3621/_/5/_588887_1.png,625IR3M143,لوحة نحاسية  (قوس النصر) القياسات: الطول:25سم العرض:34سم,In stock
COPPERS,لوحة نحاسي (انكساري),8.0,https://e-shop.psd.gov.jo/625ir3m140.html,https://e-shop.psd.gov.jo/media/catalog/product/cache/6fe0f40091d9883a4caf18d72ffe3621/_/9/_988888888888_1.png,625IR3M140,لوحة نحاسي (انكساري) القياسات: الطول:33سم العرض:24سم,Out of stock
COPPERS,لوحة نحاسية  (المولد),8.0,https://e-shop.psd.gov.jo/625ir3m44.html,https://e-shop.psd.gov.jo/media/catalog/product/cache/6fe0f40091d9883a4caf18d72ffe3621/_/7/_777777666666666.png,625IR3M44,لوحة نحاسية  (المولد) القياسات: الطول:23سم العرض:31سم,Out of stock
COPPERS,لوحة نحاسية (الحمدالله),8.0,https://e-shop.psd.gov.jo/625ir3m46.html,https://e-shop.psd.gov.jo/media/catalog/product/cache/6fe0f40091d9883a4caf18d72ffe3621/_/7/_7888889.png,625IR3M46,لوحة نحاسية (الحمدالله) القياسات: الطول:32سم العرض:23سم,In stock
COPPERS,لوحة نحاسية  (سبحان الله),8.0,https://e-shop.psd.gov.jo/625ir3m142.html,https://e-shop.psd.gov.jo/media/catalog/product/cache/6fe0f40091d9883a4caf18d72ffe3621/_/9/_988881111.png,625IR3M142,لوحة نحاسية  (سبحان الله) القياسات: الطول:32سم العرض23سم,In stock
COPPERS,لوحة نحاسية  (صقر),8.0,https://e-shop.psd.gov.jo/625ir3m45.html,https://e-shop.psd.gov.jo/media/catalog/product/cache/6fe0f40091d9883a4caf18d72ffe3621/_/5/_555555599.png,625IR3M45,لوحة نحاسية  (صقر) القياسات: الطول:25سم العرض34سم,In stock
COPPERS,لوحة نحاسية  (أنا وأمي),5.0,https://e-shop.psd.gov.jo/625ir3s138.html,https://e-shop.psd.gov.jo/media/catalog/product/cache/6fe0f40091d9883a4caf18d72ffe3621/f/i/file_16_1.png,625IR3S138,لوحة نحاسية  (أنا وأمي) القياسات: الطول:22سم العرض27سم,Out of stock
COPPERS,لوحة نحاسية (بوابة جرش ),8.0,https://e-shop.psd.gov.jo/625ir3m113.html,https://e-shop.psd.gov.jo/media/catalog/product/cache/6fe0f40091d9883a4caf18d72ffe3621/_/8/_888_1.png,625IR3M113,لوحة نحاسية (بوابة جرش ) القياسات: الطول:25*العرض34سم,Out of stock
COPPERS,لوحة نحاسية (جبل القلعة),15.0,https://e-shop.psd.gov.jo/625ir3m115.html,https://e-shop.psd.gov.jo/media/catalog/product/cache/6fe0f40091d9883a4caf18d72ffe3621/_/0/_0000.png,625IR3M115,لوحة نحاسية (جبل القلعة) القياسات: الطول:44*العرض32سم,Out of stock
COPPERS,لوحة نحاسية (جبل القلعة) صغير,8.0,https://e-shop.psd.gov.jo/625ir3m136.html,https://e-shop.psd.gov.jo/media/catalog/product/cache/6fe0f40091d9883a4caf18d72ffe3621/_/6/_66666.png,625IR3M136,لوحة نحاسية (جبل القلعة) صغير القياسات: الطول:32*العرض:23سم,In stock
COPPERS,لوحة نحاسية (الله نور السموات ),15.0,https://e-shop.psd.gov.jo/625ir3m59.html,https://e-shop.psd.gov.jo/media/catalog/product/cache/6fe0f40091d9883a4caf18d72ffe3621/_/6/_666_1_1.png,625IR3M59,لوحة نحاسية (الله نور السموات ) القياسات: الطول:35*العرض:43سم,Out of stock
COPPERS,لوحة نحاسية (نسيج أمي),10.0,https://e-shop.psd.gov.jo/625ir3m63.html,https://e-shop.psd.gov.jo/media/catalog/product/cache/6fe0f40091d9883a4caf18d72ffe3621/6/2/625ir3m63_uuuu.png,625IR3m63,لوحة نحاسية (نسيج أمي) القياسات: الطول24*العرض42سم,In stock
COPPERS,لوحة نحاسية ( قوس النصر)2025/8,15.0,https://e-shop.psd.gov.jo/625ir3m84.html,https://e-shop.psd.gov.jo/media/catalog/product/cache/6fe0f40091d9883a4caf18d72ffe3621/i/m/img_5775.jpg,625IR3M84,لوحة نحاسية ( قوس النصر)2025/8 القياسات: الطول:33*العرض44سم,In stock
COPPERS,لوحة نحاسية(قل هو الله أحد) 2025/8,15.0,https://e-shop.psd.gov.jo/625ir3m85.html,https://e-shop.psd.gov.jo/media/catalog/product/cache/6fe0f40091d9883a4caf18d72ffe3621/i/m/img_5774_copy.jpg,625IR3M85,لوحة نحاسية(قل هو الله أحد) 2025/8 القياسات: الطول:40*العرض:34سم,In stock
COPPERS,لوحة نحاسية (حصان ذهبي),10.0,https://e-shop.psd.gov.jo/625ir3m86.html,https://e-shop.psd.gov.jo/media/catalog/product/cache/6fe0f40091d9883a4caf18d72ffe3621/i/m/img_5767_copy.jpg,625IR3M86,لوحة نحاسية (حصان ذهبي) القياسات: الطول:35*العرض:25سم,Out of stock
COPPERS,لوحة نحاسية (بئر) صغير,5.0,https://e-shop.psd.gov.jo/625ir3s90.html,https://e-shop.psd.gov.jo/media/catalog/product/cache/6fe0f40091d9883a4caf18d72ffe3621/i/m/img_5769.jpg,625IR3S90,لوحة نحاسية (بئر) صغير القياسات: الطول:23*العرض:19سم,Out of stock
COPPERS,لوحة نحاسية (الإخلاص) صغير 2025/8,10.0,https://e-shop.psd.gov.jo/625ir3m87.html,https://e-shop.psd.gov.jo/media/catalog/product/cache/6fe0f40091d9883a4caf18d72ffe3621/i/m/img_5765_copy_1_1.jpg,625IR3M87,لوحة نحاسية (الإخلاص) صغير 2025/8 القياسات: الطول:25*العرض:35سم:,In stock
COPPERS,لوحة نحاسية (البسملة) 2025/8,10.0,https://e-shop.psd.gov.jo/625ir3m88.html,https://e-shop.psd.gov.jo/media/catalog/product/cache/6fe0f40091d9883a4caf18d72ffe3621/i/m/img_5766.jpg,625IR3M88,لوحة نحاسية (البسملة) 2025/8 القياسات: الطول:35*العرض:25سم,In stock
COPPERS,لوحة نحاسية The petra,15.0,https://e-shop.psd.gov.jo/625ir3s9009.html,https://e-shop.psd.gov.jo/media/catalog/product/cache/6fe0f40091d9883a4caf18d72ffe3621/_/t/_the_petra_.png,625IR3S9009,لوحة نحاسية The petra القياسات: الطول:43*العرض:33سم,In stock
COPPERS,لوحة نحاسية مربع (صبر),8.0,https://e-shop.psd.gov.jo/625ir3s92.html,https://e-shop.psd.gov.jo/media/catalog/product/cache/6fe0f40091d9883a4caf18d72ffe3621/_/2/_2025_2_2.png,625IR3S92,لوحة نحاسية مربع (صبر) القياسات: الطول:26*العرض:26سم,Out of stock
COPPERS,لوحة نحاسية مربع (القدوس),8.0,https://e-shop.psd.gov.jo/625ir3s93.html,https://e-shop.psd.gov.jo/media/catalog/product/cache/6fe0f40091d9883a4caf18d72ffe3621/_/3/_33333.png,625IR3S93,لوحة نحاسية مربع (القدوس) القياسات: الطول:26*العرض:26سم,In stock
COPPERS,لوحة نحاسية مستطيل(حُب),8.0,https://e-shop.psd.gov.jo/625ir3s94.html,https://e-shop.psd.gov.jo/media/catalog/product/cache/6fe0f40091d9883a4caf18d72ffe3621/_/2/_2025_12222.png,625IR3S94,لوحة نحاسية مستطيل(حُب) القياسات: الطول:20*العرض:33سم,In stock
COPPERS,لوحة نحاسية مربع (الرحمن),8.0,https://e-shop.psd.gov.jo/625ir3s95.html,https://e-shop.psd.gov.jo/media/catalog/product/cache/6fe0f40091d9883a4caf18d72ffe3621/_/2/_2025_1119999999.png,625IR3S95,لوحة نحاسية مربع (الرحمن) القياسات: الطول:26*العرض:26سم,Out of stock
COPPERS,لوحة نحاسية مربع (المولد),8.0,https://e-shop.psd.gov.jo/625ir3s96.html,https://e-shop.psd.gov.jo/media/catalog/product/cache/6fe0f40091d9883a4caf18d72ffe3621/_/2/_20254444444444444444444444444.png,625IR3S96,لوحة نحاسية مربع (المولد) القياسات: الطول:26*العرض:26سم,Out of stock
COPPERS,لوحة نحاسية مربع (الحمد لله),8.0,https://e-shop.psd.gov.jo/625ir3s97.html,https://e-shop.psd.gov.jo/media/catalog/product/cache/6fe0f40091d9883a4caf18d72ffe3621/_/2/_2025_4444333333.png,625IR3S97,لوحة نحاسية مربع (الحمد لله) القياسات: الطول:26*العرض:26سم,In stock
COPPERS,لوحة نحاسية مستطيل (الله لطيف بعبادة),8.0,https://e-shop.psd.gov.jo/625ir3s98.html,https://e-shop.psd.gov.jo/media/catalog/product/cache/6fe0f40091d9883a4caf18d72ffe3621/_/2/_2025_3333.png,625IR3S98,لوحة نحاسية مستطيل (الله لطيف بعبادة) القياسات: الطول:20*العرض:33سم,Out of stock
COPPERS,لوحة نحاسية مستطيل (يا مالك الملك),8.0,https://e-shop.psd.gov.jo/625ir3s99.html,https://e-shop.psd.gov.jo/media/catalog/product/cache/6fe0f40091d9883a4caf18d72ffe3621/_/2/_2025_666666.png,625IR3S99,لوحة نحاسية مستطيل (يا مالك الملك) القياسات: الطول:20*العرض:33سم,Out of stock
COPPERS,لوحة نحاسية مستطيل (البسسملة),8.0,https://e-shop.psd.gov.jo/625ir3s102.html,https://e-shop.psd.gov.jo/media/catalog/product/cache/6fe0f40091d9883a4caf18d72ffe3621/_/2/_2025_43444444444.png,625IR3S102,لوحة نحاسية مستطيل (البسسملة) القياسات: الطول:20*العرض:33سم,Out of stock
COPPERS,لوحة نحاسية الإخلاص  A3,15.0,https://e-shop.psd.gov.jo/625ir3s113.html,https://e-shop.psd.gov.jo/media/catalog/product/cache/6fe0f40091d9883a4caf18d72ffe3621/_/8/_888888888888888888882025.png,625IR3S113,لوحة نحاسية الإخلاص  A3 القياسات: الطول:29*العرض:46سم,Out of stock
COPPERS,لوحة مستطيل (الله لطيف بعبادة),8.0,https://e-shop.psd.gov.jo/625ir3s114.html,https://e-shop.psd.gov.jo/media/catalog/product/cache/6fe0f40091d9883a4caf18d72ffe3621/_/2/_2025_3333_1.png,625IR3S114,لوحة مستطيل (الله لطيف بعبادة) القياسات: الطول:26*العرض:26سم,In stock
COPPERS,لوحة مربع (القدوس),8.0,https://e-shop.psd.gov.jo/625ir3s115.html,https://e-shop.psd.gov.jo/media/catalog/product/cache/6fe0f40091d9883a4caf18d72ffe3621/i/m/img_1171.png,625IR3S115,لوحة مربع (القدوس) القياسات: الطول:26*العرض:26سم,Out of stock
COPPERS,لوحة مستطيل (حب),8.0,https://e-shop.psd.gov.jo/625ir3s116.html,https://e-shop.psd.gov.jo/media/catalog/product/cache/6fe0f40091d9883a4caf18d72ffe3621/i/m/img_1156_copy.png,625IR3S116,لوحة مستطيل (حب) القياسات: الطول:20*العرض:33سم,Out of stock
COPPERS,لوحة مستطيل (فإنك بأعيننا),8.0,https://e-shop.psd.gov.jo/625ir3s117.html,https://e-shop.psd.gov.jo/media/catalog/product/cache/6fe0f40091d9883a4caf18d72ffe3621/i/m/img_1158_copy.jpg,625IR3S117,لوحة مستطيل (فإنك بأعيننا) القياسات: الطول:20*العرض:33سم,Out of stock
COPPERS,لوحة مربع (الرحمن),8.0,https://e-shop.psd.gov.jo/625ir3s118.html,https://e-shop.psd.gov.jo/media/catalog/product/cache/6fe0f40091d9883a4caf18d72ffe3621/i/m/img_1153_copy.png,625IR3S118,لوحة مربع (الرحمن) القياسات: الطول:26*العرض:26سم,In stock
COPPERS,لوحة مستطيل (البسملة),8.0,https://e-shop.psd.gov.jo/625ir3s120.html,https://e-shop.psd.gov.jo/media/catalog/product/cache/6fe0f40091d9883a4caf18d72ffe3621/i/m/img_1148_1.png,625IR3S120,لوحة مستطيل (البسملة) القياسات: الطول:20*العرض:33سم,In stock
COPPERS,لوحة مربع (الحمد لله),8.0,https://e-shop.psd.gov.jo/625ir3s122.html,https://e-shop.psd.gov.jo/media/catalog/product/cache/6fe0f40091d9883a4caf18d72ffe3621/i/m/img_1145_copy.png,625IR3S122,لوحة مربع (الحمد لله) القياسات: الطول:26*العرض:26سم,In stock
COPPERS,لوحة نحاسية أمل إطار بيج,8.0,https://e-shop.psd.gov.jo/625ir3s130.html,https://e-shop.psd.gov.jo/media/catalog/product/cache/6fe0f40091d9883a4caf18d72ffe3621/_/9/_9900000111.png,625IR3S130,لوحة نحاسية أمل إطار بيج القياسات: الطول:26*العرض:26سم,Out of stock
COPPERS,لوحة نحاسية حب إطار بيج,8.0,https://e-shop.psd.gov.jo/625ir3s132.html,https://e-shop.psd.gov.jo/media/catalog/product/cache/6fe0f40091d9883a4caf18d72ffe3621/_/8/_887771111111.png,625IR3S132,لوحة نحاسية حب إطار بيج القياسات: الطول:20*العرض:34سم,Out of stock
COPPERS,لوحة نحاسية حياة إطاربني,8.0,https://e-shop.psd.gov.jo/625ir3s135.html,https://e-shop.psd.gov.jo/media/catalog/product/cache/6fe0f40091d9883a4caf18d72ffe3621/_/6/_666666669.png,625IR3S135,لوحة نحاسية حياة إطاربني القياسات: الطول:20*العرض:34سم,Out of stock
COPPERS,لوحة نحاسية حصان ذهبي,10.0,https://e-shop.psd.gov.jo/625ir3s136.html,https://e-shop.psd.gov.jo/media/catalog/product/cache/6fe0f40091d9883a4caf18d72ffe3621/_/9/_9999999999999999.png,625IR3S136,لوحة نحاسية حصان ذهبي القياسات: الطول:31*العرض:26سم,In stock
COPPERS,لوحة نحاسية نسيج أمي 2025/10,10.0,https://e-shop.psd.gov.jo/625ir3s137.html,https://e-shop.psd.gov.jo/media/catalog/product/cache/6fe0f40091d9883a4caf18d72ffe3621/_/6/_6655122000--.png,625IR3S137,لوحة نحاسية نسيج أمي 2025/10 القياسات: الطول:27*العرض:32سم,In stock
COPPERS,لوحة نحاسية (حصان ) إطار بيج,10.0,https://e-shop.psd.gov.jo/625ir3s139.html,https://e-shop.psd.gov.jo/media/catalog/product/cache/6fe0f40091d9883a4caf18d72ffe3621/8/8/8888888_.png,625IR3S139,لوحة نحاسية (حصان ) إطار بيج القياسات: الطول:35*العرض:26سم,Out of stock
COPPERS,لوحة نحاسية (البسملة) إطار بني,10.0,https://e-shop.psd.gov.jo/625ir3s140.html,https://e-shop.psd.gov.jo/media/catalog/product/cache/6fe0f40091d9883a4caf18d72ffe3621/_/8/_888880--00.png,625IR3S140,لوحة نحاسية (البسملة) إطار بني القياسات: الطول:35*العرض:24سم,In stock
COPPERS,لوحة نحاسية (بئر ماء) إطار بيج,10.0,https://e-shop.psd.gov.jo/625ir3s141.html,https://e-shop.psd.gov.jo/media/catalog/product/cache/6fe0f40091d9883a4caf18d72ffe3621/_/6/_65551442.png,625IR3S141,لوحة نحاسية (بئر ماء) إطار بيج القياسات: الطول:35*العرض:25سم,In stock
COPPERS,لوحة نحاسية (الأمان ) إطار بيج,10.0,https://e-shop.psd.gov.jo/625ir3s142.html,https://e-shop.psd.gov.jo/media/catalog/product/cache/6fe0f40091d9883a4caf18d72ffe3621/_/0/_000_1.png,625IR3S142,لوحة نحاسية (الأمان ) إطار بيج القياسات: الطول:35*العرض:26سم,In stock
COPPERS,لوحة نحاسية (غزال) إطار بيج,10.0,https://e-shop.psd.gov.jo/625ir3s143.html,https://e-shop.psd.gov.jo/media/catalog/product/cache/6fe0f40091d9883a4caf18d72ffe3621/_/8/_888888111111.png,625IR3S143,لوحة نحاسية (غزال) إطار بيج القياسات: الطول:35*العرض:26سم,In stock
COPPERS,لوحة نحاسية (الحمداللة رب العالمين) إطار بني,15.0,https://e-shop.psd.gov.jo/625ir3s144.html,https://e-shop.psd.gov.jo/media/catalog/product/cache/6fe0f40091d9883a4caf18d72ffe3621/_/9/_9999878.png,625IR3S144,لوحة نحاسية (الحمداللة رب العالمين) إطار بني القياسات: الطول:47*العرض:33سم,In stock
COPPERS,لوحة نحاسية (سلام),15.0,https://e-shop.psd.gov.jo/625ir3s147.html,https://e-shop.psd.gov.jo/media/catalog/product/cache/6fe0f40091d9883a4caf18d72ffe3621/_/1/_19999876652029_1.png,625IR3S147,لوحة نحاسية (سلام) القياسات: الطول:40*العرض:31سم,Out of stock
COPPERS,لوحة نحاسية (صبر),15.0,https://e-shop.psd.gov.jo/625ir3s148.html,https://e-shop.psd.gov.jo/media/catalog/product/cache/6fe0f40091d9883a4caf18d72ffe3621/_/7/_77865543310-.png,625IR3S148,لوحة نحاسية (صبر) القياسات: الطول:40*العرض:31سم,Out of stock
COPPERS,لوحة نحاسية (سعادة),15.0,https://e-shop.psd.gov.jo/625ir3s149.html,https://e-shop.psd.gov.jo/media/catalog/product/cache/6fe0f40091d9883a4caf18d72ffe3621/_/9/_98888880099.png,625IR3S149,لوحة نحاسية (سعادة) القياسات: الطول:40*العرض:31سم,Out of stock
COPPERS,لوحة نحاسية (رحمة),15.0,https://e-shop.psd.gov.jo/625ir3s150.html,https://e-shop.psd.gov.jo/media/catalog/product/cache/6fe0f40091d9883a4caf18d72ffe3621/_/9/_9008776.png,625IR3S150,لوحة نحاسية (رحمة) القياسات: الطول:40*العرض:31سم,Out of stock
COPPERS,لوحة سورة الفلق,10.0,https://e-shop.psd.gov.jo/625irv104.html,https://e-shop.psd.gov.jo/media/catalog/product/cache/6fe0f40091d9883a4caf18d72ffe3621/_/6/_667899000.png,625IRV104,لوحة سورة الفلق القياسات: الطول24*العرض42سم,In stock
COPPERS,لوحة صقر,10.0,https://e-shop.psd.gov.jo/625irv102.html,https://e-shop.psd.gov.jo/media/catalog/product/cache/6fe0f40091d9883a4caf18d72ffe3621/_/8/_8900000.png,625IRV102,لوحة صقر القياسات: الطول:27*العرض:32سم,In stock
COPPERS,لوحة نحاسية (البسملة),15.0,https://e-shop.psd.gov.jo/625ir3m119.html,https://e-shop.psd.gov.jo/media/catalog/product/cache/6fe0f40091d9883a4caf18d72ffe3621/1/7/1742899003371.jpg,625IR3M119,لوحة نحاسية (البسملة) القياسات : الطول 47سم * العرض 42 سم,In stock
COPPERS,لوحة نحاسية (وردة),15.0,https://e-shop.psd.gov.jo/625ir3m12.html,https://e-shop.psd.gov.jo/media/catalog/product/cache/6fe0f40091d9883a4caf18d72ffe3621/d/s/dsc_0016_1.png,625IR3M12,لوحة نحاسية (وردة) القياسات: الطول 41 سم * العرض 33 سم,In stock
COPPERS,لوحة نحاسية (الصقر),15.0,https://e-shop.psd.gov.jo/625ir3s176.html,https://e-shop.psd.gov.jo/media/catalog/product/cache/6fe0f40091d9883a4caf18d72ffe3621/w/h/whatsapp_image_2022-09-22_at_10.45.05_am_1_.jpeg,625IR3S176,لوحة نحاسية (الصقر) القياسات : الطول 35 * العرض 35 سم,In stock
COPPERS,لوحة نحاسية الحكمة,15.0,https://e-shop.psd.gov.jo/625ir3m56.html,https://e-shop.psd.gov.jo/media/catalog/product/cache/6fe0f40091d9883a4caf18d72ffe3621/w/h/whatsapp_image_2022-09-22_at_10.45.17_am_1.jpeg,625IR3M56,لوحة ذهبيةبإطار خشبي (يعلمكم الكتاب و الحكمة) القياسات : الطول 45 سم * العرض 49 سم,In stock
COPPERS,لوحة نحاسية (الأمن),15.0,https://e-shop.psd.gov.jo/625ir3m51.html,https://e-shop.psd.gov.jo/media/catalog/product/cache/6fe0f40091d9883a4caf18d72ffe3621/w/h/whatsapp_image_2022-09-22_at_10.45.17_am_3_.jpeg,625IR3M51,لوحة نحاسية بإطار خشبي (الأمن) القياسات الطول 24 سم * العرض 49 سم,In stock
COPPERS,لوحة نحاسية (مديرية الأمن العام),15.0,https://e-shop.psd.gov.jo/625ir3s155.html,https://e-shop.psd.gov.jo/media/catalog/product/cache/6fe0f40091d9883a4caf18d72ffe3621/_/9/_9999999999999999999999999999.png,625IR3S155,لوحة نحاسية (مديرية الأمن العام) القياسات: الطول:40*العرض:31سم,Out of stock
COPPERS,درع نحاسي (مديرية الأمن العام),15.0,https://e-shop.psd.gov.jo/625ir3s156.html,https://e-shop.psd.gov.jo/media/catalog/product/cache/6fe0f40091d9883a4caf18d72ffe3621/_/9/_98000712.png,625IR3S156,درع نحاسي (مديرية الأمن العام) القياسات: الطول:35*العرض:24سم,Out of stock
COPPERS,لوحة نحاسية (البتراء),10.0,https://e-shop.psd.gov.jo/625ir3s158.html,https://e-shop.psd.gov.jo/media/catalog/product/cache/6fe0f40091d9883a4caf18d72ffe3621/_/0/_009998876666666666.png,625IR3S158,لوحة نحاسية (البتراء) القياسات: الطول:27*العرض:32سم,In stock
COPPERS,لوحة نحاسية (محمد صلى الله عليه وسلم),10.0,https://e-shop.psd.gov.jo/625ir3s160.html,https://e-shop.psd.gov.jo/media/catalog/product/cache/6fe0f40091d9883a4caf18d72ffe3621/f/i/file_28_1.png,625IR3S160,لوحة نحاسية (محمد صلى الله عليه وسلم) القياسات: االطول:26*العرض26سم,In stock
COPPERS,لوحة نحاسية (الكرسي),10.0,https://e-shop.psd.gov.jo/625ir3s161.html,https://e-shop.psd.gov.jo/media/catalog/product/cache/6fe0f40091d9883a4caf18d72ffe3621/_/9/_99999_1.png,625IR3S161,لوحة نحاسية (الكرسي) القياسات: الطول:26*العرض26سم,Out of stock
COPPERS,لوحة نحاسية (خير الرازقين),8.0,https://e-shop.psd.gov.jo/625ir3s162.html,https://e-shop.psd.gov.jo/media/catalog/product/cache/6fe0f40091d9883a4caf18d72ffe3621/_/9/_90009888_1.png,625IR3S162,لوحة نحاسية (خير الرازقين) القياسات: الطول:26*العرض26سم,Out of stock
COPPERS,لوحة نحاسية (بيت وبير),8.0,https://e-shop.psd.gov.jo/625ir3s163.html,https://e-shop.psd.gov.jo/media/catalog/product/cache/6fe0f40091d9883a4caf18d72ffe3621/_/6/_6777777777777777.png,625IR3S163,لوحة نحاسية (بيت وبير) القياسات: الطول:26*العرض26سم,In stock
COPPERS,لوحة جدتي,10.0,https://e-shop.psd.gov.jo/625irv101.html,https://e-shop.psd.gov.jo/media/catalog/product/cache/6fe0f40091d9883a4caf18d72ffe3621/6/2/625ir3m63_uuuu_1.png,625IRV101,لوحة جدتي القياسات: الطول24*العرض42سم,In stock
COPPERS,لوحة نحاسية (القدوس) مزخرف,8.0,https://e-shop.psd.gov.jo/625ir3s164.html,https://e-shop.psd.gov.jo/media/catalog/product/cache/6fe0f40091d9883a4caf18d72ffe3621/_/6/_655532000.png,625IR3S164,لوحة نحاسية (القدوس) مزخرف القياسات: الطول:25*العرض25سم,In stock
COPPERS,لوحة نحاسية( الرحمن ) مربع,8.0,https://e-shop.psd.gov.jo/625ir3s165.html,https://e-shop.psd.gov.jo/media/catalog/product/cache/6fe0f40091d9883a4caf18d72ffe3621/_/9/_988766666666666666666666.png,625IR3S165,لوحة نحاسية( الرحمن ) مربع القياسات: الطول:26*العرض26سم,In stock
COPPERS,لوحة نحاسية (البسملة) مستطيل,8.0,https://e-shop.psd.gov.jo/625ir3s166.html,https://e-shop.psd.gov.jo/media/catalog/product/cache/6fe0f40091d9883a4caf18d72ffe3621/_/7/_77777777777777777777.png,625IR3S166,لوحة نحاسية (البسملة) مستطيل القياسات: الطول:19*العرض34سم,In stock
COPPERS,لوحة  (الله لطيف بعباده) مستطيل,8.0,https://e-shop.psd.gov.jo/625ir3s167.html,https://e-shop.psd.gov.jo/media/catalog/product/cache/6fe0f40091d9883a4caf18d72ffe3621/_/9/_908888888888877.png,625IR3S167,لوحة  (الله لطيف بعباده) مستطيل القياسات: الطول:19*العرض33سم,In stock
COPPERS,لوحة  (يامالك الملك) مستطيل,8.0,https://e-shop.psd.gov.jo/625ir3s168.html,https://e-shop.psd.gov.jo/media/catalog/product/cache/6fe0f40091d9883a4caf18d72ffe3621/_/9/_900000000000_1.png,625IR3S168,لوحة  (يامالك الملك) مستطيل القياسات: الطول:19*العرض34سم,In stock
COPPERS,لوحة  (الحمدالله) مربع بيج,8.0,https://e-shop.psd.gov.jo/625ir3s169.html,https://e-shop.psd.gov.jo/media/catalog/product/cache/6fe0f40091d9883a4caf18d72ffe3621/_/0/_0998877.png,625IR3S169,لوحة  (الحمدالله) مربع بيج القياسات: الطول:26*العرض26سم,In stock
COPPERS,لوحة  (صبر) مسنطيل,8.0,https://e-shop.psd.gov.jo/625ir3s171.html,https://e-shop.psd.gov.jo/media/catalog/product/cache/6fe0f40091d9883a4caf18d72ffe3621/_/8/_88888888888889999999.png,625IR3S171,لوحة  (صبر) مسنطيل القياسات: الطول:19*العرض33سم,In stock
COPPERS,لوحة  (الحمدالله رب العالمين) مزخرف,8.0,https://e-shop.psd.gov.jo/625ir3s173.html,https://e-shop.psd.gov.jo/media/catalog/product/cache/6fe0f40091d9883a4caf18d72ffe3621/_/8/_89999000000.png,625IR3S173,لوحة  (الحمدالله رب العالمين) مزخرف القياسات: الطول:28*العرض26سم,In stock
COPPERS,لوحة مربع (البسملة) بيج,8.0,https://e-shop.psd.gov.jo/625ir3s174.html,https://e-shop.psd.gov.jo/media/catalog/product/cache/6fe0f40091d9883a4caf18d72ffe3621/_/9/_9000000000.png,625IR3S174,لوحة مربع (البسملة) بيج القياسات: الطول:25*العرض19سم,In stock
COPPERS,لوحة نحاسية (هوية الأردن الذهبية) بني,12.0,https://e-shop.psd.gov.jo/625ir3s178.html,https://e-shop.psd.gov.jo/media/catalog/product/cache/6fe0f40091d9883a4caf18d72ffe3621/_/8/_89000000000000000000000000000004.png,625IR3S178,لوحة نحاسية (هوية الأردن الذهبية) بني القياسات: الطول:26*العرض34سم,In stock
COPPERS,لوحة نحاسية (هوية الأردن الذهبية),10.0,https://e-shop.psd.gov.jo/625ir3s179.html,https://e-shop.psd.gov.jo/media/catalog/product/cache/6fe0f40091d9883a4caf18d72ffe3621/_/9/_90877777778.png,625IR3S179,لوحة نحاسية (هوية الأردن الذهبية) القياسات: الطول:26*العرض34سم,In stock
COPPERS,لوحة  (الحمدالله رب العالمين) بني,8.0,https://e-shop.psd.gov.jo/625ir3s180.html,https://e-shop.psd.gov.jo/media/catalog/product/cache/6fe0f40091d9883a4caf18d72ffe3621/_/8/_899000222.png,625IR3S180,لوحة  (الحمدالله رب العالمين) بني القياسات: الطول:26*العرض34سم,In stock
COPPERS,لوحة  (الفرس الذهبي) صغير,8.0,https://e-shop.psd.gov.jo/625ir3s175.html,https://e-shop.psd.gov.jo/media/catalog/product/cache/6fe0f40091d9883a4caf18d72ffe3621/_/8/_8777777777777777.png,625IR3S175,لوحة  (الفرس الذهبي) صغير القياسات: الطول:19*العرض25سم,Out of stock
COPPERS,لوحة نحاسية البتراء 2026/2,15.0,https://e-shop.psd.gov.jo/625irpsd800.html,https://e-shop.psd.gov.jo/media/catalog/product/cache/6fe0f40091d9883a4caf18d72ffe3621/_/3/_333300000__1.png,625IRPSD800,لوحة نحاسية البتراء 2026/2 القياسات: الطول:44*العرض33سم,In stock
COPPERS,لوحة نحاسية بوابة جرش 2026/2,15.0,https://e-shop.psd.gov.jo/625irpsd900.html,https://e-shop.psd.gov.jo/media/catalog/product/cache/6fe0f40091d9883a4caf18d72ffe3621/p/h/photo_2024-09-18_11-44-42_1_1.jpg,625IRPSD900,لوحة نحاسية بوابة جرش 2026/2 القياسات: الطول:33*العرض44سم,In stock
COPPERS,لوحة نحاسية بوابة جرش 2026/3,15.0,https://e-shop.psd.gov.jo/625ir3m182.html,https://e-shop.psd.gov.jo/media/catalog/product/cache/6fe0f40091d9883a4caf18d72ffe3621/p/h/photo_2024-09-18_11-44-42_1_1_1.jpg,625IR3M182,لوحة نحاسية بوابة جرش 2026/3 القياسات: الطول:33*العرض44سم,In stock
COPPERS,لوحة نحاسية البتراء صغير 2026/3,10.0,https://e-shop.psd.gov.jo/625ir3m183.html,https://e-shop.psd.gov.jo/media/catalog/product/cache/6fe0f40091d9883a4caf18d72ffe3621/1/i/1ir10841000_3.jpg,625IR3M183,لوحة نحاسية البتراء صغير 2026/3 القياسات: الطول:32*العرض24سم,In stock
COPPERS,لوحة نحاسية الخزنة من السيق 2026/3,10.0,https://e-shop.psd.gov.jo/625ir3m184.html,https://e-shop.psd.gov.jo/media/catalog/product/cache/6fe0f40091d9883a4caf18d72ffe3621/i/m/img-20241121-wa0006_1.jpg,625IR3M184,لوحة نحاسية الخزنة من السيق 2026/3 القياسات: الطول:32*العرض24سم,In stock
COPPERS,لوحة نحاسية (رسمة يد),15.0,https://e-shop.psd.gov.jo/625ir3m125.html,https://e-shop.psd.gov.jo/media/catalog/product/cache/6fe0f40091d9883a4caf18d72ffe3621/w/h/whatsapp_image_2023-03-05_at_9.07.50_am_2_.jpeg,625IR3M125,لوحة نحاسية (رسمة يد) القياسات: الطول 49*العرض40سم,In stock
COPPERS,لوحة نحاسية (صقر),15.0,https://e-shop.psd.gov.jo/625ir3m15.html,https://e-shop.psd.gov.jo/media/catalog/product/cache/6fe0f40091d9883a4caf18d72ffe3621/p/h/photo1700483901.jpeg,625IR3M15,لوحة نحاسية (صقر) الفياسات: الطول 45*العرض33سم,Out of stock
COPPERS,لوحة ذهبي (خيول),15.0,https://e-shop.psd.gov.jo/625ir3m116.html,https://e-shop.psd.gov.jo/media/catalog/product/cache/6fe0f40091d9883a4caf18d72ffe3621/i/m/img_0070.jpg,625IR3M116,لوحة ذهبي (خيول) القياسات: الطول 34*العرض45سم,Out of stock
COPPERS,لوحة ذهبية (اللهم إنك عفو),15.0,https://e-shop.psd.gov.jo/625ir3m124.html,https://e-shop.psd.gov.jo/media/catalog/product/cache/6fe0f40091d9883a4caf18d72ffe3621/i/m/img_0079_1.jpg,625IR3M124,لوحة ذهبية (اللهم إنك عفو) القياسات: الطول 35*العرض45سم,In stock
COPPERS,لوحة نحاسية (وردة في قلب),15.0,https://e-shop.psd.gov.jo/625ir3m110.html,https://e-shop.psd.gov.jo/media/catalog/product/cache/6fe0f40091d9883a4caf18d72ffe3621/i/m/img_6651_1.jpg,625IR3M110,لوحة نحاسية (وردةفي قلب) القياسات: لطول 48*العرض37سم,In stock
COPPERS,لوحة نحاسية (البسملة),15.0,https://e-shop.psd.gov.jo/625ir3m52.html,https://e-shop.psd.gov.jo/media/catalog/product/cache/6fe0f40091d9883a4caf18d72ffe3621/i/m/img_6661.jpg,625IR3M52,لوحة نحاسية (البسملة) القياسات: الطول44*العرض33سم,In stock
COPPERS,لوحة نحاسية (بسملة),15.0,https://e-shop.psd.gov.jo/625ir3m16.html,https://e-shop.psd.gov.jo/media/catalog/product/cache/6fe0f40091d9883a4caf18d72ffe3621/i/m/img_6650.jpg,625IR3M16,لوحة نحاسية (بسملة) القياسات: الطول 46*العرض34سم,In stock
COPPERS,لوحة نحاسية بإطار ذهبي (وردة),12.0,https://e-shop.psd.gov.jo/1ir4843000.html,https://e-shop.psd.gov.jo/media/catalog/product/cache/6fe0f40091d9883a4caf18d72ffe3621/p/h/photo_2023-11-05_08-29-17.jpg,1IR4843000,لوحة نحاسية بإطار ذهبي (وردة) القياسات: الطول33*العرض43سم,Out of stock
COPPERS,لوحة نحاسية (مبنى مديرية الأمن العام) صغير,10.0,https://e-shop.psd.gov.jo/625ir3m185.html,https://e-shop.psd.gov.jo/media/catalog/product/cache/6fe0f40091d9883a4caf18d72ffe3621/_/9/_909.png,625IR3M185,لوحة نحاسية (مبنى مديرية الأمن العام) صغير القياسات: الطول:29*العرض21سم,Out of stock
COPPERS,لوحة نحاسية (ارفع علم الأردن),8.0,https://e-shop.psd.gov.jo/625ir3m48.html,https://e-shop.psd.gov.jo/media/catalog/product/cache/6fe0f40091d9883a4caf18d72ffe3621/_/9/_989999.png,625IR3M48,لوحة نحاسية (ارفع علم الأردن) القياسات: الطول36*العرض25سم,Out of stock
leather products,حقيبة جلد خمري مربع,7.0,https://e-shop.psd.gov.jo/625jw4m0647.html,https://e-shop.psd.gov.jo/media/catalog/product/cache/6fe0f40091d9883a4caf18d72ffe3621/_/1/_199410_1.png,625JW4M0647,حقيبة جلد خمري مربع القياسات: الطول:30*العرض:35سم,Out of stock
leather products,حقيبة جلد أسود مربع,5.0,https://e-shop.psd.gov.jo/625jw4m0646.html,https://e-shop.psd.gov.jo/media/catalog/product/cache/6fe0f40091d9883a4caf18d72ffe3621/_/8/_8777777777777777_1.png,625JW4M0646,حقيبة جلد أسود مربع القياسات: الطول:22*العرض:23سم,In stock
leather products,حقيبة جلد مطرزة 2 قطعة,7.0,https://e-shop.psd.gov.jo/625jw4m0643.html,https://e-shop.psd.gov.jo/media/catalog/product/cache/6fe0f40091d9883a4caf18d72ffe3621/_/0/_0099.png,625JW4M0643,حقيبة جلد مطرزة 2 قطعة القياسات: الطول:33*العرض:41 سم,Out of stock
leather products,حقيبة جينز سحابين,10.0,https://e-shop.psd.gov.jo/625jw4m0534.html,https://e-shop.psd.gov.jo/media/catalog/product/cache/6fe0f40091d9883a4caf18d72ffe3621/_/5/_54441229299999999999999.png,625JW4M0534,حقيبة جينز سحابين القياسات: الطول:23*العرض:26سم,Out of stock
leather products,حقيبة جلد مربع,5.0,https://e-shop.psd.gov.jo/625jw4m0532.html,https://e-shop.psd.gov.jo/media/catalog/product/cache/6fe0f40091d9883a4caf18d72ffe3621/_/8/_887777771111111.png,625JW4M0532,حقيبة جلد مربع القياسات: الطول:23*العرض:26سم,In stock
leather products,حقيبة Cross,2.0,https://e-shop.psd.gov.jo/625zq70102.html,https://e-shop.psd.gov.jo/media/catalog/product/cache/6fe0f40091d9883a4caf18d72ffe3621/p/h/photo_2024-02-27_12-38-47.jpg,625ZQ70102,حقيبة Cross القياسات: الطول 20*العرض28سم,In stock
leather products,حقيبة جلد (سكني),3.0,https://e-shop.psd.gov.jo/625jw4m1037.html,https://e-shop.psd.gov.jo/media/catalog/product/cache/6fe0f40091d9883a4caf18d72ffe3621/p/h/photoroom-____24_2.png,625JW4M1037,حقيبة جلد (سكني) القياسات الطول41*العرض32سم,Out of stock
leather products,حقيبة ظهر بني,5.0,https://e-shop.psd.gov.jo/625jw4m136.html,https://e-shop.psd.gov.jo/media/catalog/product/cache/6fe0f40091d9883a4caf18d72ffe3621/p/h/photo_2024-09-02_12-31-31.jpg,625JW4M136,حقيبة ظهر بني القياسات: الطول 43 * العرض30 سم,In stock
leather products,حقيبة جلد  (HAND BAG),2.0,https://e-shop.psd.gov.jo/625jw7m2222.html,https://e-shop.psd.gov.jo/media/catalog/product/cache/6fe0f40091d9883a4caf18d72ffe3621/_/0/_09999999.png,625JW7M2222,حقيبة جلد  (HAND BAG) القياسات: الطول:22سم العرض:17سم,Out of stock
leather products,شنتة جلد كبيرة,3.0,https://e-shop.psd.gov.jo/625jw4m0400.html,https://e-shop.psd.gov.jo/media/catalog/product/cache/6fe0f40091d9883a4caf18d72ffe3621/p/h/photoroom-____7_5_2.png,625JW4M0400,شنتة جلد كبيرة القياسات: الطول:32*العرض:37سم,In stock
leather products,حقيبة جلد صغيرة,3.0,https://e-shop.psd.gov.jo/625jw6m0354.html,https://e-shop.psd.gov.jo/media/catalog/product/cache/6fe0f40091d9883a4caf18d72ffe3621/f/i/file_20.png,625JW6M0354,شنتة جلد صغيرة القياسات: الطول:27*العرض:28سم,In stock
leather products,حقيبة جلد خمري,4.0,https://e-shop.psd.gov.jo/625jw4m0416.html,https://e-shop.psd.gov.jo/media/catalog/product/cache/6fe0f40091d9883a4caf18d72ffe3621/f/i/file_20_1.png,625JW4M0416,حقيبة جلد خمري القياسات: الطول:24*العرض:24سم,In stock
leather products,حقيبة رياضية خمري,6.0,https://e-shop.psd.gov.jo/625jw4m0417.html,https://e-shop.psd.gov.jo/media/catalog/product/cache/6fe0f40091d9883a4caf18d72ffe3621/_/0/_000000000000000000.png,625JW4M0417,حقيبة رياضية خمري القياسات: الطول:21*العرض:34سم,In stock
leather products,حقيبة جلد,5.0,https://e-shop.psd.gov.jo/625jw4m0464.html,https://e-shop.psd.gov.jo/media/catalog/product/cache/6fe0f40091d9883a4caf18d72ffe3621/_/2/_2025_9111777777.png,625JW4M0464,حقيبة جلد القياسات: الطول:34*العرض:32سم,In stock
leather products,مقلمة جلد أسود,2.0,https://e-shop.psd.gov.jo/625jw4m0466.html,https://e-shop.psd.gov.jo/media/catalog/product/cache/6fe0f40091d9883a4caf18d72ffe3621/_/6/_6551010_9993.png,625JW4M0466,مقلمة جلد أسود القياسات: الطول:15*العرض:27سم,In stock
leather products,حقيبة جلد رياضية 2025/9,5.0,https://e-shop.psd.gov.jo/625jw4m0518.html,https://e-shop.psd.gov.jo/media/catalog/product/cache/6fe0f40091d9883a4caf18d72ffe3621/p/h/photoroom-____5_8_1.png,625JW4M0518,حقيبة جلد رياضية 2025/9 القياسات: الطول:22*العرض38سم,In stock
leather products,جلد صناعي قرميدي(Hand bag),4.0,https://e-shop.psd.gov.jo/2zq1511000.html,https://e-shop.psd.gov.jo/media/catalog/product/cache/6fe0f40091d9883a4caf18d72ffe3621/d/s/dsc_0007.jpg,2ZQ1511000,شنتة جلد صناعي (Hand bag) قركيدي القياسات: الطول 28 سم * العرض 51سم,Out of stock
leather products,حقيبة (Make up) صغير زهري,2.0,https://e-shop.psd.gov.jo/625jw4m0132.html,https://e-shop.psd.gov.jo/media/catalog/product/cache/6fe0f40091d9883a4caf18d72ffe3621/i/m/img_6374.jpg,625JW4M0132,حقيبة (Make up) صغير زهري القياسات: الطول 15 * العرض 25سم,In stock
Resin products,لوحة القدس جبص,10.0,https://e-shop.psd.gov.jo/625sw1m241.html,https://e-shop.psd.gov.jo/media/catalog/product/cache/6fe0f40091d9883a4caf18d72ffe3621/_/9/_900000000000.png,625SW1M241,لوحة القدس جبص القياسات: الطول:56*العرض:18سم,Out of stock
Resin products,منظر مكتبي  خارطة الاردن,5.0,https://e-shop.psd.gov.jo/625sw1m242.html,https://e-shop.psd.gov.jo/media/catalog/product/cache/6fe0f40091d9883a4caf18d72ffe3621/_/9/_9999_2_1.png,625SW1M242,منظر مكتبي  خارطة الاردن القياسات: الطول:23*العرض:19سم,In stock
Resin products,مجسم البتراء كبير,10.0,https://e-shop.psd.gov.jo/625sw1m240.html,https://e-shop.psd.gov.jo/media/catalog/product/cache/6fe0f40091d9883a4caf18d72ffe3621/_/0/_099992122_1.png,625SW1M240,مجسم البتراء كبير القياسات: الطول:25*العرض:16سم,In stock
Resin products,مجسم البتراء وسط,5.0,https://e-shop.psd.gov.jo/625sw1m239.html,https://e-shop.psd.gov.jo/media/catalog/product/cache/6fe0f40091d9883a4caf18d72ffe3621/_/0/_099992122.png,625SW1M239,مجسم البتراء وسط القياسات: الطول:23*العرض:16سم,In stock
Resin products,مجسم البتراء صغير,3.0,https://e-shop.psd.gov.jo/625sw1m238.html,https://e-shop.psd.gov.jo/media/catalog/product/cache/6fe0f40091d9883a4caf18d72ffe3621/_/7/_77776666889.png,625SW1M238,مجسم البتراء صغير القياسات: الطول:20*العرض:16سم,In stock
Resin products,شجرة كريستال خمري,15.0,https://e-shop.psd.gov.jo/1jw35486000.html,https://e-shop.psd.gov.jo/media/catalog/product/cache/6fe0f40091d9883a4caf18d72ffe3621/p/h/photoroom-____22_4.png,625JW4M0588,شجرة كريستال خمري القياسات: الطول28*العرض5سم,In stock
Resin products,شجرة كريستال فيروزي,10.0,https://e-shop.psd.gov.jo/1jw35686000.html,https://e-shop.psd.gov.jo/media/catalog/product/cache/6fe0f40091d9883a4caf18d72ffe3621/1/2/1234.png,1JW35686000,شجرة كريستال فيروزي القياسات: الطول18*العرض3سم,Out of stock
Resin products,قاعدة مصحف,13.0,https://e-shop.psd.gov.jo/1jw35886000.html,https://e-shop.psd.gov.jo/media/catalog/product/cache/6fe0f40091d9883a4caf18d72ffe3621/p/h/photoroom-____21_2_1.png,1JW35886000,قاعدة مصحف القياسات: الطول 19*العرض30سم,Out of stock
Resin products,طقم كوستر ريزن أسود (5قطع),5.0,https://e-shop.psd.gov.jo/625jw6m10298.html,https://e-shop.psd.gov.jo/media/catalog/product/cache/6fe0f40091d9883a4caf18d72ffe3621/p/h/photoroom-____11_1_1.png,625JW6M10298,طقم كوستر مع قاعدة أسود 5قطع القياسات: أحجام مختلفة,In stock
Resin products,كوستر( زهري غامق),6.0,https://e-shop.psd.gov.jo/625jw10m0186.html,https://e-shop.psd.gov.jo/media/catalog/product/cache/6fe0f40091d9883a4caf18d72ffe3621/5/4/5454_1.png,625JW10M0186,كوستر( زهري غامق) القياسات: الطول 8*العرض8سم,In stock
Resin products,طقم صواني زيتي,18.0,https://e-shop.psd.gov.jo/625jw4m0184.html,https://e-shop.psd.gov.jo/media/catalog/product/cache/6fe0f40091d9883a4caf18d72ffe3621/6/2/625jw6m0249__1.png,625JW4M0184,طقم صواني زيتي القياسات: أحجام مختلفة,In stock
Resin products,طقم شمعدان أبيض,10.0,https://e-shop.psd.gov.jo/625jw10m6165.html,https://e-shop.psd.gov.jo/media/catalog/product/cache/6fe0f40091d9883a4caf18d72ffe3621/p/h/photoroom-____5_3.png,625JW10M6165,طقم شمعدان أبيض القياسات: أحجام مختلفه,In stock
Resin products,طقم صينية و سكرية,17.0,https://e-shop.psd.gov.jo/625jw6m8282.html,https://e-shop.psd.gov.jo/media/catalog/product/cache/6fe0f40091d9883a4caf18d72ffe3621/3/3/333.png,625JW6M8282,طقم صينية و سكرية القياسات: أحجام مختلفه,In stock
Resin products,طقم ريزن صدف البحر(4 قطع ),32.0,https://e-shop.psd.gov.jo/625jw6m0316.html,https://e-shop.psd.gov.jo/media/catalog/product/cache/6fe0f40091d9883a4caf18d72ffe3621/p/h/photoroom-____1_2.png,625JW6M0316,طقم ريزن صدف البحر(4 قطع ) القياسات: أحجام مختلفه,In stock
Resin products,طاولة ريزن(شطرنج),22.0,https://e-shop.psd.gov.jo/1jw38586000.html,https://e-shop.psd.gov.jo/media/catalog/product/cache/6fe0f40091d9883a4caf18d72ffe3621/p/h/photoroom-____14_2.png,1JW38586000,طاولة ريزن(شطرنج) القياسات: الطول28*العرض28سم,Out of stock
Resin products,ميداليات ريزن طويل,2.0,https://e-shop.psd.gov.jo/625jw40116.html,https://e-shop.psd.gov.jo/media/catalog/product/cache/6fe0f40091d9883a4caf18d72ffe3621/7/7/7766.png,625JW40116,ميداليات ريزن طويل القياسات: الطول 37سم,In stock
Resin products,مطفأة سجائر ذهبية (ريزن ),4.0,https://e-shop.psd.gov.jo/625jw6m8279.html,https://e-shop.psd.gov.jo/media/catalog/product/cache/6fe0f40091d9883a4caf18d72ffe3621/p/h/photo_2024-08-04_12-39-36.jpg,625JW6M8279,مطفأة سجائر ذهبية (ريزن ) القياسات: الطول10*العرض10سم,In stock
Resin products,طقم كوستر ريزن أسود( 3 قطع),5.0,https://e-shop.psd.gov.jo/625jw6m2240.html,https://e-shop.psd.gov.jo/media/catalog/product/cache/6fe0f40091d9883a4caf18d72ffe3621/p/h/photo_2024-08-04_13-15-37.jpg,625JW6M2240,طقم كوستر ريزن أسود( 3 قطع) القياسات: مختلف الأحجام,In stock
Resin products,(قاعدة صابون وشمعة (ريزن,7.0,https://e-shop.psd.gov.jo/625jw6m0280.html,https://e-shop.psd.gov.jo/media/catalog/product/cache/6fe0f40091d9883a4caf18d72ffe3621/p/h/photo_2024-08-04_13-15-30.jpg,625JW6M0280,قاعدة صابون وشمعة ريزن القياسات: طول القاعدة12*العرض9سم,In stock
Resin products,طقم شمع كوستر ريزن (اورانج),9.0,https://e-shop.psd.gov.jo/625jw10m0189.html,https://e-shop.psd.gov.jo/media/catalog/product/cache/6fe0f40091d9883a4caf18d72ffe3621/p/h/photoroom-____13_3.png,625JW10M0189,طقم شمع كوستر ريزن (اورانج) القياسات: مختلف الأحجام,In stock
Resin products,فازا  ريزن (فضي ),11.0,https://e-shop.psd.gov.jo/625jw6m10314.html,https://e-shop.psd.gov.jo/media/catalog/product/cache/6fe0f40091d9883a4caf18d72ffe3621/p/h/photoroom-____8_2.png,625JW6M10314,فازا  ريزن (فضي ) القياسات: الطول9*العرض8سم,In stock
Resin products,طقم ريزن فازا كوستر( 3 قطع),14.0,https://e-shop.psd.gov.jo/625jw6m0271.html,https://e-shop.psd.gov.jo/media/catalog/product/cache/6fe0f40091d9883a4caf18d72ffe3621/5/6/56789.png,625JW6M0271,طقم ريزن فازا كوستر( 3 قطع) القياسات: مختلف الأحجام,In stock
Resin products,مطفأة سجائر ريزن (أسود),4.0,https://e-shop.psd.gov.jo/625jw10m2188.html,https://e-shop.psd.gov.jo/media/catalog/product/cache/6fe0f40091d9883a4caf18d72ffe3621/w/h/whatsapp_image_2024-08-08_at_8.06.47_am_18_.jpeg,625JW10M2188,مطفأة سجائر ريزن (أسود) القياسات: الطول3  * العرض9 سم,In stock
Resin products,ميداليات ريزن,1.0,https://e-shop.psd.gov.jo/625jw40115.html,https://e-shop.psd.gov.jo/media/catalog/product/cache/6fe0f40091d9883a4caf18d72ffe3621/p/h/photo_2024-09-02_11-43-38.jpg,625JW40115,ميداليات ريزن القياسات: أحجام مختلفة,In stock
Resin products,طقم ريزن شفاف( 5 قطع ),27.0,https://e-shop.psd.gov.jo/625jw6m10278.html,https://e-shop.psd.gov.jo/media/catalog/product/cache/6fe0f40091d9883a4caf18d72ffe3621/p/h/photo_2024-09-02_12-10-53.jpg,625JW6M10278,طقم ريزن شفاف( 5 قطع ) القياسات: الطول 37 * العرض31 سم,In stock
Resin products,مجسم  ريزن (صدفة),2.0,https://e-shop.psd.gov.jo/625jw6m0299.html,https://e-shop.psd.gov.jo/media/catalog/product/cache/6fe0f40091d9883a4caf18d72ffe3621/w/h/whatsapp_image_2024-10-12_at_4.40.29_pm_2_.jpeg,625JW6M0299,مجسم  ريزن (صدفة) القياسات الطول 13 * العرض5 سم,In stock
Resin products,كوستر ريزن غطاء وردة جوري,7.0,https://e-shop.psd.gov.jo/625jw10m0157.html,https://e-shop.psd.gov.jo/media/catalog/product/cache/6fe0f40091d9883a4caf18d72ffe3621/w/h/whatsapp_image_2024-10-12_at_4.39.14_pm_1_.jpeg,625JW10M0157,كوستر ريزن غطاء وردة جوري القياسات الطول 10 * العرض8 سم,In stock
Resin products,فازا ريزن (بني ),8.0,https://e-shop.psd.gov.jo/625jw6m0300.html,https://e-shop.psd.gov.jo/media/catalog/product/cache/6fe0f40091d9883a4caf18d72ffe3621/w/h/whatsapp_image_2024-10-12_at_4.39.18_pm_1_.jpeg,625JW6M0300,فازا ريزن (بني ) القياسات الطول 13* العرض21 سم,In stock
Resin products,علبة  مربع و دب (ريزن),5.0,https://e-shop.psd.gov.jo/625jw10m0155.html,https://e-shop.psd.gov.jo/media/catalog/product/cache/6fe0f40091d9883a4caf18d72ffe3621/w/h/whatsapp_image_2025-01-08_at_12.05.10_pm.jpeg,625JW10M0155,علبة  مربع و دب (ريزن) القياسات الطول 6 * العرض9 سم,In stock
Resin products,طقم ريزن  3 قطع (زهري),8.0,https://e-shop.psd.gov.jo/625jw10m0153.html,https://e-shop.psd.gov.jo/media/catalog/product/cache/6fe0f40091d9883a4caf18d72ffe3621/w/h/whatsapp_image_2025-01-08_at_12.05.11_pm.jpeg,625JW10M0153,طقم ريزن  3 قطع (زهري) القياسات مختلف الأحجام,In stock
Resin products,طقم ريزن مطفأة سجائر وورق شجر (أسود),6.0,https://e-shop.psd.gov.jo/625jw6m2241.html,https://e-shop.psd.gov.jo/media/catalog/product/cache/6fe0f40091d9883a4caf18d72ffe3621/w/h/whatsapp_image_2024-10-12_at_4.38.52_pm_1_.jpeg,625JW6M2241,طقم ريزن مطفأة سجائر وورق شجر (أسود) القياسات مختلف الأحجام,In stock
Resin products,طقم ريزن صينية أزرق وكوستر ( 3 قطع),15.0,https://e-shop.psd.gov.jo/625jw10m4185.html,https://e-shop.psd.gov.jo/media/catalog/product/cache/6fe0f40091d9883a4caf18d72ffe3621/w/h/whatsapp_image_2024-10-12_at_4.39.09_pm.jpeg,625JW10M4185,طقم ريزن صينية أزرق وكوستر ( 3 قطع) القياسات مختلف الأحجام,Out of stock
Resin products,مجسم ملاك ريزن (شفاف),2.0,https://e-shop.psd.gov.jo/625jw6m10275.html,https://e-shop.psd.gov.jo/media/catalog/product/cache/6fe0f40091d9883a4caf18d72ffe3621/w/h/whatsapp_image_2024-10-12_at_4.38.51_pm.jpeg,625JW6M10275,مجسم ملاك ريزن (شفاف) القياسات الطول 11سم,In stock
Resin products,صينية ريزن ذهبي,15.0,https://e-shop.psd.gov.jo/1jw48483000.html,https://e-shop.psd.gov.jo/media/catalog/product/cache/6fe0f40091d9883a4caf18d72ffe3621/w/h/whatsapp_image_2024-10-12_at_4.39.02_pm.jpeg,1JW48483000,صينية ريزن ذهبي القياسات الطول 27 * العرض35 سم,Out of stock
Resin products,(فازا بني (مضلع,3.0,https://e-shop.psd.gov.jo/625jw6m1302.html,https://e-shop.psd.gov.jo/media/catalog/product/cache/6fe0f40091d9883a4caf18d72ffe3621/w/h/whatsapp_image_2024-10-12_at_4.39.00_pm_1_.jpeg,625JW6M1302,(فازا بني (مضلع القياسات الطول 10 * العرض7 سم,In stock
Resin products,كوستر (شجرة السرو),4.0,https://e-shop.psd.gov.jo/625jw6m0306.html,https://e-shop.psd.gov.jo/media/catalog/product/cache/6fe0f40091d9883a4caf18d72ffe3621/w/h/whatsapp_image_2024-10-12_at_4.38.56_pm.jpeg,625JW6M0306,كوستر (شجرة السرو) القياسات الطول 10 * العرض7 سم,In stock
Resin products,مضيفة ريزن (طبقتين),12.0,https://e-shop.psd.gov.jo/625mw6m679.html,https://e-shop.psd.gov.jo/media/catalog/product/cache/6fe0f40091d9883a4caf18d72ffe3621/w/h/whatsapp_image_2024-10-13_at_10.48.13_am_1_.jpeg,625MW6M679,مضيفة ريزن (طبقتين) القياسات القطر 24 سم,In stock
Resin products,صينية ضيافة (ريزن),17.0,https://e-shop.psd.gov.jo/625jw10m0192.html,https://e-shop.psd.gov.jo/media/catalog/product/cache/6fe0f40091d9883a4caf18d72ffe3621/w/h/whatsapp_image_2024-10-13_at_10.47.37_am_1_.jpeg,625JW10M0192,صينية ضيافة (ريزن) القياسات الطول 37سم* العرض18سم,In stock
Resin products,صينية زيزن نيلي,17.0,https://e-shop.psd.gov.jo/625mw6m482.html,https://e-shop.psd.gov.jo/media/catalog/product/cache/6fe0f40091d9883a4caf18d72ffe3621/w/h/whatsapp_image_2024-10-13_at_10.47.38_am_1_.jpeg,625MW6M482,صينية زيزن نيلي القياسات الطول 37سم* العرض18سم,In stock
Resin products,ميداليات ريزن,1.0,https://e-shop.psd.gov.jo/625mw6m0084.html,https://e-shop.psd.gov.jo/media/catalog/product/cache/6fe0f40091d9883a4caf18d72ffe3621/w/h/whatsapp_image_2024-10-13_at_11.14.50_am_1_.jpeg,625MW6M0084,ميدالية خارطة الأردن ريزن القياسات الطول 9سم* العرض4سم,In stock
Resin products,كأس ريزن وخشب,7.0,https://e-shop.psd.gov.jo/625mw6m061.html,https://e-shop.psd.gov.jo/media/catalog/product/cache/6fe0f40091d9883a4caf18d72ffe3621/w/h/whatsapp_image_2024-10-13_at_11.14.39_am.jpeg,625MW6M061,كأس ريزن وخشب القياسات الطول 17سم* العرض8سم,Out of stock
Resin products,صحن مضلع ثماني ذهبي وفضي,2.0,https://e-shop.psd.gov.jo/625mw11m0200.html,https://e-shop.psd.gov.jo/media/catalog/product/cache/6fe0f40091d9883a4caf18d72ffe3621/w/h/whatsapp_image_2024-10-13_at_10.48.59_am.jpeg,625MW11M020,صحن مضلع ثماني ذهبي وفضي القياسات القطر:10سم,In stock
Resin products,خارطة فلسطين صغير جبص,5.0,https://e-shop.psd.gov.jo/625mw6m576.html,https://e-shop.psd.gov.jo/media/catalog/product/cache/6fe0f40091d9883a4caf18d72ffe3621/w/h/whatsapp_image_2024-10-13_at_10.48.27_am_1__1.jpeg,625MW6M576,خارطة فلسطين صغير جبص القياسات الطول 18سم* العرض6سم,In stock
Resin products,خارطة فلسطين صغير بيج,5.0,https://e-shop.psd.gov.jo/2mw35481000.html,https://e-shop.psd.gov.jo/media/catalog/product/cache/6fe0f40091d9883a4caf18d72ffe3621/w/h/whatsapp_image_2024-10-13_at_10.48.21_am_1__1.jpeg,2MW35481000,خارطة فلسطين صغير بيج القياسات الطول 18سم* العرض6سم,Out of stock
Resin products,مضيفة ريزن (طبقة واحدة),13.0,https://e-shop.psd.gov.jo/625mw6m680.html,https://e-shop.psd.gov.jo/media/catalog/product/cache/6fe0f40091d9883a4caf18d72ffe3621/p/h/photoroom-____45_5.png,625MW6M680,مضيفة ريزن (طبقة واحدة) القياسات: القطر 24 سم,In stock
Resin products,مجسم ريزن الخزنة فيروزي (دائري),12.0,https://e-shop.psd.gov.jo/625jw4m4238.html,https://e-shop.psd.gov.jo/media/catalog/product/cache/6fe0f40091d9883a4caf18d72ffe3621/p/h/photoroom-____22_6_1.png,625JW4M4238,مجسم ريزن الخزنة فيروزي (دائري) القياسات: القطر 19 سم,In stock
Resin products,صينية خشب وريزن عدة ألوان,15.0,https://e-shop.psd.gov.jo/625mw6m023.html,https://e-shop.psd.gov.jo/media/catalog/product/cache/6fe0f40091d9883a4caf18d72ffe3621/p/h/photoroom-____33_3.png,625MW6M023,صينية ريزن وخشب زهري القياسات: الطول 43سم* العرض28سم,In stock
Resin products,مجسم خارطة فلسطين و برواز,45.0,https://e-shop.psd.gov.jo/625mw1m062.html,https://e-shop.psd.gov.jo/media/catalog/product/cache/6fe0f40091d9883a4caf18d72ffe3621/p/h/photoroom-____2_2_2.png,625MW1M062,مجسم خارطة فلسطين و برواز القياسات: الطول 62سم* العرض29سم,In stock
Resin products,واجهة البتراء دائري بيج صغير,12.0,https://e-shop.psd.gov.jo/2mw336810000.html,https://e-shop.psd.gov.jo/media/catalog/product/cache/6fe0f40091d9883a4caf18d72ffe3621/_/5/_564321_2_.png,625MW6M1120,واجهة البتراء دائري بيج صغير القياسات: قطر: 19سم,In stock
Resin products,صحن فواكة (جبص),6.0,https://e-shop.psd.gov.jo/625mw2m019.html,https://e-shop.psd.gov.jo/media/catalog/product/cache/6fe0f40091d9883a4caf18d72ffe3621/8/7/8787878_3_.png,625MW2M019,صحن فواكة (جبص) القياسات: الطول 30سم* العرض25سم,In stock
Resin products,منظر بوابة جرش و قاعدة خشب,5.0,https://e-shop.psd.gov.jo/625mw1m169.html,https://e-shop.psd.gov.jo/media/catalog/product/cache/6fe0f40091d9883a4caf18d72ffe3621/2/m/2mw36286000_1.png,625MW1M169,منظر بوابة جرش و قاعدة خشب القياسات: الطول: 15سم العرض: 22سم,In stock
Resin products,منظر مكتبي خارطة الأردن صغير,2.0,https://e-shop.psd.gov.jo/625mw6s565.html,https://e-shop.psd.gov.jo/media/catalog/product/cache/6fe0f40091d9883a4caf18d72ffe3621/2/m/2mw36486000_3_.png,625MW6S565,منظر مكتبي خارطة الأردن صغير القياسات: الطول: 8سم العرض: 8سم,In stock
Resin products,فازا اسطوانية ريزن (شفاف أورنج),4.0,https://e-shop.psd.gov.jo/625jw6m0248.html,https://e-shop.psd.gov.jo/media/catalog/product/cache/6fe0f40091d9883a4caf18d72ffe3621/p/h/photoroom-____13_6.png,625JW6M0248,فازا اسطوانية ريزن (شفاف أورنج) القياسات: الطول11 * العرض6 سم,In stock
Resin products,مجسم صدفة ريزن (شفاف),3.0,https://e-shop.psd.gov.jo/625jw6m0245.html,https://e-shop.psd.gov.jo/media/catalog/product/cache/6fe0f40091d9883a4caf18d72ffe3621/2/j/2jw49086000_1.png,625JW6M0245,مجسم صدفة ريزن (شفاف) القياسات: الطول3 * العرض12 سم,In stock
Resin products,فازا مضغوطة ريزن (شفاف-اورنج),6.0,https://e-shop.psd.gov.jo/625jw6m0249.html,https://e-shop.psd.gov.jo/media/catalog/product/cache/6fe0f40091d9883a4caf18d72ffe3621/6/2/625jw6m0249_.png,625JW6M0249,فازا مضغوطة ريزن (شفاف-اورنج) القياسات: الطول9 * العرض7 سم,In stock
Resin products,محلاية  ريزن صغير  (شفاف-برتقالي),3.0,https://e-shop.psd.gov.jo/625jw6m0246.html,https://e-shop.psd.gov.jo/media/catalog/product/cache/6fe0f40091d9883a4caf18d72ffe3621/_/2/_2369_1_.png,625JW6M0246,محلاية  ريزن صغير  (شفاف-برتقالي) القياسات: قطر القاعدة:7سم,In stock
Resin products,طقم ريزن (ذهبي وبني ),11.0,https://e-shop.psd.gov.jo/625jw6m8281.html,https://e-shop.psd.gov.jo/media/catalog/product/cache/6fe0f40091d9883a4caf18d72ffe3621/_/1/_1234_1__1.png,625JW6M8281,طقم ريزن (ذهبي وبني ) القياسات: أحجام مختلفة,In stock
Resin products,طقم ريزن طبقتين (زهري فاتح صينية),7.0,https://e-shop.psd.gov.jo/625jw6m0232.html,https://e-shop.psd.gov.jo/media/catalog/product/cache/6fe0f40091d9883a4caf18d72ffe3621/1/j/1jw50886000_2_.png,625JW6M0232,طقم ريزن طبقتين (زهري فاتح صينية) القياسات: الطول:20سم العرض: 12سم,In stock
Resin products,شجرة كرستال أخضر صغيرة,9.0,https://e-shop.psd.gov.jo/1jw50986000.html,https://e-shop.psd.gov.jo/media/catalog/product/cache/6fe0f40091d9883a4caf18d72ffe3621/1/j/1jw50986000_2_.png,625JW4M0593,شجرة كرستال أخضر صغيرة االقياسات: الطول:20سم العرض: 5سم,In stock
Resin products,مجسم صدف (طبق) زهري,7.0,https://e-shop.psd.gov.jo/625jw10m0152.html,https://e-shop.psd.gov.jo/media/catalog/product/cache/6fe0f40091d9883a4caf18d72ffe3621/1/j/1jw51386000.png,625JW10M0152,مجسم صدف (طبق) زهري القياسات: الطول:12سم العرض:14سم,In stock
Resin products,مجسم صدف (طبق) أصفر,7.0,https://e-shop.psd.gov.jo/625jw6m3323.html,https://e-shop.psd.gov.jo/media/catalog/product/cache/6fe0f40091d9883a4caf18d72ffe3621/f/i/file_10.png,625JW6M3323,مجسم صدف (طبق) أصفر القياسات: الطول:12سم العرض:14سم,In stock
Resin products,صينية (أمواج) زهري,5.0,https://e-shop.psd.gov.jo/625jw6m0151.html,https://e-shop.psd.gov.jo/media/catalog/product/cache/6fe0f40091d9883a4caf18d72ffe3621/1/j/1jw51586000.png,625JW6M0151,صينية (أمواج) زهري القياسات: الطول:22سم العرض:14سم,In stock
Resin products,صحن (قلب)أزرق,4.0,https://e-shop.psd.gov.jo/1jw51686000.html,https://e-shop.psd.gov.jo/media/catalog/product/cache/6fe0f40091d9883a4caf18d72ffe3621/1/j/1jw51686000.png,625JW4M0574,صحن (قلب)أزرق القياسات: الطول:10سم العرض:9سم,In stock
Resin products,صينية (شوكولاته) أزرق,12.0,https://e-shop.psd.gov.jo/1jw51886000.html,https://e-shop.psd.gov.jo/media/catalog/product/cache/6fe0f40091d9883a4caf18d72ffe3621/1/j/1jw51886000_2_.png,625JW4M0570,صينية (شوكولاته) أزرق القياسات: الطول:30سم العرض:10سم,In stock
Resin products,صينية تقديم (شوكولاتة),12.0,https://e-shop.psd.gov.jo/625jw6m7243.html,https://e-shop.psd.gov.jo/media/catalog/product/cache/6fe0f40091d9883a4caf18d72ffe3621/_/2/_2888.png,625JW6M7243,صينية تقديم (شوكولاتة) القياسات: الطول4*العرض29سم,In stock
Resin products,طقم صينية كريستال حبيبات (أزرق),17.0,https://e-shop.psd.gov.jo/625jw4m0585.html,https://e-shop.psd.gov.jo/media/catalog/product/cache/6fe0f40091d9883a4caf18d72ffe3621/_/1/_144.png,625JW4M0585,طقم صينية كريستال حبيبات (أزرق) القياسات: لطول4*العرض28سم,In stock
Resin products,منظر مكتبي طوق (فيروزي),10.0,https://e-shop.psd.gov.jo/1jw54888000.html,https://e-shop.psd.gov.jo/media/catalog/product/cache/6fe0f40091d9883a4caf18d72ffe3621/_/1/_132.png,625JW4M0571,منظر مكتبي طوق (فيروزي) القياسات: الطول 5*العرض10 سم,In stock
Resin products,بني(Christmas)    Santa Claus منظر,10.0,https://e-shop.psd.gov.jo/625jw10m1160.html,https://e-shop.psd.gov.jo/media/catalog/product/cache/6fe0f40091d9883a4caf18d72ffe3621/_/1/_134567.png,625JW10M1160,بني(Christmas)    Santa Claus منظر القياسات: لطول8*العرض11سم,In stock
Resin products,طقم ريزن لؤلؤ (خمري) 6 قطع,24.0,https://e-shop.psd.gov.jo/625jw4m0565.html,https://e-shop.psd.gov.jo/media/catalog/product/cache/6fe0f40091d9883a4caf18d72ffe3621/_/1/_101093.png,625JW4M0565,طقم ريزن لؤلؤ (خمري) 6 قطع القياسات: مختلف الأحجام,In stock
Resin products,طقم ريزن لؤلؤ ( أخضر) 6 قطع,32.0,https://e-shop.psd.gov.jo/625jw6m9266.html,https://e-shop.psd.gov.jo/media/catalog/product/cache/6fe0f40091d9883a4caf18d72ffe3621/_/1/_17547.png,625JW6M9266,طقم ريزن لؤلؤ ( أخضر) 6 قطع القياسات: مختلف الأحجام,In stock
Resin products,منظر ريزن  صدفة البحر (شفاف),8.0,https://e-shop.psd.gov.jo/625jw6m0272.html,https://e-shop.psd.gov.jo/media/catalog/product/cache/6fe0f40091d9883a4caf18d72ffe3621/_/1/_1434343.png,625JW6M0272,منظر ريزن  صدفة البحر (شفاف) القياسات: لطول 14*العرض10سم,In stock
Resin products,منظر شمعدان ورد (شفاف),6.0,https://e-shop.psd.gov.jo/625jw6m0273.html,https://e-shop.psd.gov.jo/media/catalog/product/cache/6fe0f40091d9883a4caf18d72ffe3621/_/6/_656565.png,625JW6M0273,منظر شمعدان ورد (شفاف) القياسات: الطول 13*قطر القاعدة11سم,In stock
Resin products,منظر مكتبي شفاف وشجر أزرق,12.0,https://e-shop.psd.gov.jo/1jw55788000.html,https://e-shop.psd.gov.jo/media/catalog/product/cache/6fe0f40091d9883a4caf18d72ffe3621/_/1/_1818187.png,625JW4M0597,منظر مكتبي شفاف وشجر أزرق القياسات: الطول 14*قطر القاعدة 11 سم,In stock
Resin products,طقم صواني زهري( 4 قطع),7.0,https://e-shop.psd.gov.jo/625jw6m0231.html,https://e-shop.psd.gov.jo/media/catalog/product/cache/6fe0f40091d9883a4caf18d72ffe3621/_/3/_3012.png,625JW6M0231,طقم صواني زهري( 4 قطع) القياسات: مختلف الأحجام,In stock
Resin products,طقم ريزن حجر( أخضر 6 قطع ),21.0,https://e-shop.psd.gov.jo/625jw6m9267.html,https://e-shop.psd.gov.jo/media/catalog/product/cache/6fe0f40091d9883a4caf18d72ffe3621/_/1/_178.png,625JW6M9267,طقم ريزن حجر( أخضر 6 قطع ) القياسات: مختلف الأحجام,Out of stock
Resin products,منظر ريزن وردة (أحمر),6.0,https://e-shop.psd.gov.jo/1jw560811000.html,https://e-shop.psd.gov.jo/media/catalog/product/cache/6fe0f40091d9883a4caf18d72ffe3621/_/6/_654321.png,1JW560811000,منظر ريزن وردة (أحمر) القياسات: لطول 7*العرض 9سم,Out of stock
Resin products,منظر ريزن وردة (أصفر ),6.0,https://e-shop.psd.gov.jo/625jw6m3318.html,https://e-shop.psd.gov.jo/media/catalog/product/cache/6fe0f40091d9883a4caf18d72ffe3621/_/1/_12345_1.png,625JW6M3318,منظر ريزن  وردة (أصفر) القياسات: الطول 8*العرض 11سم,In stock
Resin products,منظر ريزن وردة (أبيض ),6.0,https://e-shop.psd.gov.jo/625jw10m6163.html,https://e-shop.psd.gov.jo/media/catalog/product/cache/6fe0f40091d9883a4caf18d72ffe3621/f/i/file_12.png,625JW10M6163,منظر ريزن وردة (أبيض) القياسات: الطول 8*العرض 11سم,In stock
Resin products,منظر ريزن شجرة الميلاد,6.0,https://e-shop.psd.gov.jo/625jw10m0167.html,https://e-shop.psd.gov.jo/media/catalog/product/cache/6fe0f40091d9883a4caf18d72ffe3621/_/9/_987654.png,625JW10M0167,منظر ريزن شجرة الميلاد القياسات: لطول 8*العرض 11سم,In stock
Resin products,منظر ريزن  بلوط (أحمر),13.0,https://e-shop.psd.gov.jo/625jw6m0317.html,https://e-shop.psd.gov.jo/media/catalog/product/cache/6fe0f40091d9883a4caf18d72ffe3621/_/1/_1432222.png,625JW6M0317,منظر ريزن  بلوط (أحمر) القياسات: الطول 8*العرض 11سم,In stock
Resin products,طقم مجسم (قلب) 3 قطع,13.0,https://e-shop.psd.gov.jo/1jw56586000.html,https://e-shop.psd.gov.jo/media/catalog/product/cache/6fe0f40091d9883a4caf18d72ffe3621/_/1/_1231233.png,1JW56586000,طقم مجسم (قلب) 3 قطع القياسات: مختلف الأحجام,Out of stock
Resin products,علبة مربع صدف (بني),7.0,https://e-shop.psd.gov.jo/625jw10m1159.html,https://e-shop.psd.gov.jo/media/catalog/product/cache/6fe0f40091d9883a4caf18d72ffe3621/_/2/_2376.png,625JW10M1159,علبة مربع صدف (بني) القياسات: الطول 9*العرض 9سم,In stock
Resin products,منظر  christmas كاستين(Santa cluse),9.0,https://e-shop.psd.gov.jo/625jw10m0161.html,https://e-shop.psd.gov.jo/media/catalog/product/cache/6fe0f40091d9883a4caf18d72ffe3621/_/1/_12345677.png,625JW10M0161,(Christmas)منظر كاستين القياسات: الطول 14*العرض10سم,In stock
Resin products,مجسم (محار) دائري,7.0,https://e-shop.psd.gov.jo/1jw60756000.html,https://e-shop.psd.gov.jo/media/catalog/product/cache/6fe0f40091d9883a4caf18d72ffe3621/_/1/_1610888.png,625JW4M0567,مجسم (محار) دائري القياسات: القطر : 14 سم,In stock
Resin products,منظر حجر (تركواز ),7.0,https://e-shop.psd.gov.jo/625jw6m0315.html,https://e-shop.psd.gov.jo/media/catalog/product/cache/6fe0f40091d9883a4caf18d72ffe3621/_/1/_13379.png,625JW6M0315,منظر حجر (تركواز ) القياسات: لطول:11 سم العرض: 17 سم,In stock
Resin products,منظر مكتبي اورانج ريزن,6.0,https://e-shop.psd.gov.jo/1jw60956000.html,https://e-shop.psd.gov.jo/media/catalog/product/cache/6fe0f40091d9883a4caf18d72ffe3621/_/5/_567892221.png,625JW4M0596,منظر مكتبي اورانج ريزن القياسات: القطر : 11 سم,In stock
Resin products,كوستر قلبين (جوري ),11.0,https://e-shop.psd.gov.jo/625jw6m0322.html,https://e-shop.psd.gov.jo/media/catalog/product/cache/6fe0f40091d9883a4caf18d72ffe3621/_/8/_8777777.png,625JW6M0322,كوستر قلبين (جوري ) القياسات: الطول: 9 سم العرض: 2 سم,In stock
Resin products,كوستر (LOVE),5.0,https://e-shop.psd.gov.jo/625jw10m0166.html,https://e-shop.psd.gov.jo/media/catalog/product/cache/6fe0f40091d9883a4caf18d72ffe3621/l/o/love_888888888.png,625JW10M0166,كوستر (LOVE) القياسات: الطول:12 سم العرض: 13 سم,In stock
Resin products,كوستر شفاف (مظلة),5.0,https://e-shop.psd.gov.jo/625jw6m10276.html,https://e-shop.psd.gov.jo/media/catalog/product/cache/6fe0f40091d9883a4caf18d72ffe3621/_/1/_1666666666.png,625JW6M10276,كوستر شفاف (مظلة) القياسات: الطول:6 سم العرض: 10 سم,In stock
Resin products,كوستر أبيض (قلب ودب),6.0,https://e-shop.psd.gov.jo/625jw6m0319.html,https://e-shop.psd.gov.jo/media/catalog/product/cache/6fe0f40091d9883a4caf18d72ffe3621/_/6/_666666.png,625JW6M0319,كوستر أبيض (قلب ودب) القياسات: الطول:6 سم العرض: 15 سم,In stock
Resin products,كوستر وصحن (إطار اسود),8.0,https://e-shop.psd.gov.jo/625jw4m0561.html,https://e-shop.psd.gov.jo/media/catalog/product/cache/6fe0f40091d9883a4caf18d72ffe3621/_/9/_987612222222222222222.png,625JW4M0561,كوستر وصحن (إطار اسود) القياسات: الطول:11 سم العرض: 17 سم,In stock
Resin products,شمعدان  صغير  (شفاف),5.0,https://e-shop.psd.gov.jo/625jw6m10274.html,https://e-shop.psd.gov.jo/media/catalog/product/cache/6fe0f40091d9883a4caf18d72ffe3621/_/1/_151099_1.png,625JW6M10274,شمعدان  صغير  (شفاف) القياسات: الطول:5 سم العرض: 17 سم,In stock
Resin products,كوستر شجرة و2 كأس نيلي,14.0,https://e-shop.psd.gov.jo/1jw62056000.html,https://e-shop.psd.gov.jo/media/catalog/product/cache/6fe0f40091d9883a4caf18d72ffe3621/_/6/_65555555.png,625JW4M0591,كوستر شجرة و2 كأس نيلي القياسات: الطول:20 سم,In stock
Resin products,طقم 4 قطع أزرق فاتح,21.0,https://e-shop.psd.gov.jo/1jw62156000.html,https://e-shop.psd.gov.jo/media/catalog/product/cache/6fe0f40091d9883a4caf18d72ffe3621/_/9/_988888888888.png,625JW4M0590,طقم 4 قطع أزرق فاتح القياسات: لطول:11 سم العرض: 17 سم,In stock
Resin products,طقم 4 قطع (نيلي غامق),21.0,https://e-shop.psd.gov.jo/1jw62256000.html,https://e-shop.psd.gov.jo/media/catalog/product/cache/6fe0f40091d9883a4caf18d72ffe3621/4/_/4_212.png,625JW4M0589,طقم 4 قطع (نيلي غامق) القياسات: الطول:24 سم العرض: 12 سم,In stock
Resin products,منظر مكتبي (أصفر و اخضر),7.0,https://e-shop.psd.gov.jo/625jw6m0311.html,https://e-shop.psd.gov.jo/media/catalog/product/cache/6fe0f40091d9883a4caf18d72ffe3621/_/2/_212.png,625JW6M0311,منظر مكتبي (أصفر و اخضر) القياسات: الطول:6 سم العرض: 14 سم,Out of stock
Resin products,صواني شوكولاته و شجرة كرستال (أحمر),27.0,https://e-shop.psd.gov.jo/1jw62456000.html,https://e-shop.psd.gov.jo/media/catalog/product/cache/6fe0f40091d9883a4caf18d72ffe3621/p/h/photoroom-____37_2_1.png,625JW4M0584,صواني شوكولاته و شجرة كرستال (أحمر) القياسات: الطول:30 سم العرض: 5 سم,In stock
Resin products,مطفأة سجائر صغير ذهبي,7.0,https://e-shop.psd.gov.jo/625mw6s866.html,https://e-shop.psd.gov.jo/media/catalog/product/cache/6fe0f40091d9883a4caf18d72ffe3621/2/m/2mw43586000.png,625MW6S866,مطفأة سجائر صغير ذهبي القياسات: الطول:12سم العرض:11سم,In stock
Resin products,مطفأة سجائر (جمل),7.0,https://e-shop.psd.gov.jo/625mw6m564.html,https://e-shop.psd.gov.jo/media/catalog/product/cache/6fe0f40091d9883a4caf18d72ffe3621/p/h/photoroom-____11_5.png,625MW6M564,مطفأة سجائر (جمل) القياسات: لطول:12سم العرض:11سم,In stock
Resin products,كبير_ JO _خارطة الأردن,35.0,https://e-shop.psd.gov.jo/2mw43786000.html,https://e-shop.psd.gov.jo/media/catalog/product/cache/6fe0f40091d9883a4caf18d72ffe3621/i/m/img__110__1.jpg,2MW43786000,كبير JO خارطة الأردن القياسات: الطول:55سم العرض:30سم,Out of stock
Resin products,قاعدة شمع نصف دائري,3.0,https://e-shop.psd.gov.jo/625mw6s1067.html,https://e-shop.psd.gov.jo/media/catalog/product/cache/6fe0f40091d9883a4caf18d72ffe3621/2/m/2mw44086000.png,625MW6S1067,قاعدة شمع نصف دائري القياسات: الطول:7سم العرض:3سم,In stock
Resin products,شمعدان ريزن (ذهبي),8.0,https://e-shop.psd.gov.jo/625jw6m8268.html,https://e-shop.psd.gov.jo/media/catalog/product/cache/6fe0f40091d9883a4caf18d72ffe3621/p/h/photoroom-____30_4.png,625JW6M8268,شمعدان ريزن (ذهبي) القياسات: الطول:19سم,In stock
Resin products,منظر كاس (ورد),5.0,https://e-shop.psd.gov.jo/625jw10m0156.html,https://e-shop.psd.gov.jo/media/catalog/product/cache/6fe0f40091d9883a4caf18d72ffe3621/1/j/1jw65356000.png,625JW10M0156,منظر كأس وورود ريزن القياسات: لطول:21*العرض12سم,In stock
Resin products,نجمة وهلال  صغير  (ريزن),6.0,https://e-shop.psd.gov.jo/625jw6m10277.html,https://e-shop.psd.gov.jo/media/catalog/product/cache/6fe0f40091d9883a4caf18d72ffe3621/p/h/photoroom-____45_3_1.png,625JW6M10277,نجمة وهلال  صغير  (ريزن) القياسات: الطول:8*العرض7سم,In stock
Resin products,كوستر وردة جوري حمراء,7.0,https://e-shop.psd.gov.jo/625jw10m0162.html,https://e-shop.psd.gov.jo/media/catalog/product/cache/6fe0f40091d9883a4caf18d72ffe3621/p/h/photoroom-____21_2_7.png,625JW10M0162,كوستر وردة جوري حمراء القياسات: الطول20*العرض26سم,In stock
Resin products,كوستر (باقة ورد ),7.0,https://e-shop.psd.gov.jo/625jw6m0309.html,https://e-shop.psd.gov.jo/media/catalog/product/cache/6fe0f40091d9883a4caf18d72ffe3621/p/h/photoroom-____4_5.png,625JW6M0309,كوستر (باقة ورد ) القياسات: الطول:8*العرض13سم,In stock
Resin products,كوستر وردة (فيروزي),6.0,https://e-shop.psd.gov.jo/625jw6m4310.html,https://e-shop.psd.gov.jo/media/catalog/product/cache/6fe0f40091d9883a4caf18d72ffe3621/p/h/photoroom-____14_5_1.png,625JW6M4310,كوستر وردة (فيروزي) القياسات: الطول:6*العرض16سم,In stock
Resin products,كوستر فيروزي (وردتين ),7.0,https://e-shop.psd.gov.jo/625jw6m4313.html,https://e-shop.psd.gov.jo/media/catalog/product/cache/6fe0f40091d9883a4caf18d72ffe3621/3/5/3519d8e2-901b-4f05-8597-791cc6ad99b6.png,625JW6M4313,كوستر فيروزي (وردتين ) القياسات: الطول:6*العرض14سم,In stock
Resin products,علبة غطاء ريزن(شفاف),6.0,https://e-shop.psd.gov.jo/625jw6m0247.html,https://e-shop.psd.gov.jo/media/catalog/product/cache/6fe0f40091d9883a4caf18d72ffe3621/_/1/_12345_1__1.png,625JW6M0247,علبة غطاء ريزن(شفاف) القياسات: الطول:15**قطر القاعدة :8سم,In stock
Resin products,كوستر (ريزن),2.0,https://e-shop.psd.gov.jo/625jw10m0187.html,https://e-shop.psd.gov.jo/media/catalog/product/cache/6fe0f40091d9883a4caf18d72ffe3621/6/2/625jw10m0187_.png,625JW10M0187,كوستر (ريزن) القياسات: الطول4*العرض3سم,In stock
Resin products,كوستر دب (أحمر ),5.0,https://e-shop.psd.gov.jo/625jw6m0324.html,https://e-shop.psd.gov.jo/media/catalog/product/cache/6fe0f40091d9883a4caf18d72ffe3621/_/8/_888888_1.png,625JW6M0324,كوستر دب (أحمر ) القياسات: الطول:10*العرض:11سم,In stock
Resin products,صينية (ريزن),5.0,https://e-shop.psd.gov.jo/625jw10m0191.html,https://e-shop.psd.gov.jo/media/catalog/product/cache/6fe0f40091d9883a4caf18d72ffe3621/6/2/625jw10m0191_.png,625JW10M0191,صينية (ريزن) القياسات: الطول:19*العرض39سم,Out of stock
Resin products,صحن ريزن,4.0,https://e-shop.psd.gov.jo/625mw6m083.html,https://e-shop.psd.gov.jo/media/catalog/product/cache/6fe0f40091d9883a4caf18d72ffe3621/6/2/625mw1m05685_888888888888.png,625MW6M083,صحن ريزن القياسات: قطر الصحن:11سم,In stock
Resin products,مطفأة سجائر ريزن,6.0,https://e-shop.psd.gov.jo/625mw6s081.html,https://e-shop.psd.gov.jo/media/catalog/product/cache/6fe0f40091d9883a4caf18d72ffe3621/6/2/625mw6s081_.png,625MW6S081,مطفأة سجائر ريزن القياسات: القطر:11سم,In stock
Resin products,مجسم ورق شجر شفاف,4.0,https://e-shop.psd.gov.jo/625mw6m678.html,https://e-shop.psd.gov.jo/media/catalog/product/cache/6fe0f40091d9883a4caf18d72ffe3621/6/2/625mw6m678_.png,625MW6M678,مجسم ورق شجر شفاف القياسات: الطول:10*العرض6سم,In stock
Resin products,درع تأسيس الأمن العام كبير,10.0,https://e-shop.psd.gov.jo/625mw1l1146.html,https://e-shop.psd.gov.jo/media/catalog/product/cache/6fe0f40091d9883a4caf18d72ffe3621/6/2/625mw1l1146_.png,625MW1L1146,درع تأسيس الأمن العام كبير القياسات: الطول:21*العرض:20سم,In stock
Resin products,درع تأسيس الأمن العام صغير,5.0,https://e-shop.psd.gov.jo/625mw1m1147.html,https://e-shop.psd.gov.jo/media/catalog/product/cache/6fe0f40091d9883a4caf18d72ffe3621/6/2/625mw1m1147_7777777.png,625MW1M1147,درع تأسيس الأمن العام صغير القياسات: الطول:14*العرض:14سم,In stock
Resin products,مجسم البتراء مع صندوق,20.0,https://e-shop.psd.gov.jo/625sw6l183.html,https://e-shop.psd.gov.jo/media/catalog/product/cache/6fe0f40091d9883a4caf18d72ffe3621/6/2/625sw6l183_.png,625SW6L183,مجسم البتراء مع صندوق القياسات: الطول:37*العرض:42سم,In stock
Resin products,البتراء ريزن كبير 2025,30.0,https://e-shop.psd.gov.jo/625mw6l1160.html,https://e-shop.psd.gov.jo/media/catalog/product/cache/6fe0f40091d9883a4caf18d72ffe3621/6/2/625mw6m1179_fdv_kkkk_1.png,625MW6L1160,البتراء ريزن كبير 2025 القياسات: الطول:37*العرض:24سم,In stock
Resin products,البتراء ريزن دائري وسط 2025,12.0,https://e-shop.psd.gov.jo/625mw6m1162.html,https://e-shop.psd.gov.jo/media/catalog/product/cache/6fe0f40091d9883a4caf18d72ffe3621/_/5/_564321_2__1.png,625MW6M1162,البتراء ريزن دائري وسط 2025 القياسات: القطر:18سم,In stock
Resin products,مطفأة سجائر  ريزن جمل  2025,7.0,https://e-shop.psd.gov.jo/625mw6m1163.html,https://e-shop.psd.gov.jo/media/catalog/product/cache/6fe0f40091d9883a4caf18d72ffe3621/_/2/_2__1_1_1.png,625MW6M1163,مطفأة سجائر  ريزن جمل  2025 القياسات: القطر:9سم,In stock
Resin products,مكتة ريزن صغير 2025,7.0,https://e-shop.psd.gov.jo/625mw6m1164.html,https://e-shop.psd.gov.jo/media/catalog/product/cache/6fe0f40091d9883a4caf18d72ffe3621/6/2/625mw6m1164_.png,625MW6M1164,مكتة ريزن صغير 2025 القياسات: الطول:3*العرض:9سم,In stock
Resin products,البتراء ريزن دائري كبير 2025,16.0,https://e-shop.psd.gov.jo/625mw6l1166.html,https://e-shop.psd.gov.jo/media/catalog/product/cache/6fe0f40091d9883a4caf18d72ffe3621/_/5/_564321_2__2.png,625MW6L1166,البتراء ريزن دائري كبير 2025 القياسات: القطر:26سم,Out of stock
Resin products,شمعدان البتراء ريزن,5.0,https://e-shop.psd.gov.jo/625mw6m1165.html,https://e-shop.psd.gov.jo/media/catalog/product/cache/6fe0f40091d9883a4caf18d72ffe3621/_/8/_876_545_.png,625MW6M1165,شمعدان البتراء ريزن القياسات: الطول:8*العرض:3سم,In stock
Resin products,شمع بقوالب ريزن,2.0,https://e-shop.psd.gov.jo/625jw6m0353.html,https://e-shop.psd.gov.jo/media/catalog/product/cache/6fe0f40091d9883a4caf18d72ffe3621/p/h/photoroom-____40_2_4.png,625JW6M0353,شمع بقوالب ريزن القياسات: الطول:7*العرض:4سم,In stock
Resin products,منظر بوابة جرش ريزن,5.0,https://e-shop.psd.gov.jo/625mw6m1196.html,https://e-shop.psd.gov.jo/media/catalog/product/cache/6fe0f40091d9883a4caf18d72ffe3621/_/9/_99999999988888888.png,625MW6M1196,منظر بوابة جرش ريزن القياسات: الطول:14*العرض:21سم,In stock
Resin products,خارطة الأردن ريزن مع قاعدة خشب,35.0,https://e-shop.psd.gov.jo/625mw6m1192.html,https://e-shop.psd.gov.jo/media/catalog/product/cache/6fe0f40091d9883a4caf18d72ffe3621/p/h/photoroom-____3_6.png,625MW6M1192,خارطة الأردن ريزن مع قاعدة خشب القياسات: الطول:63*العرض:25,In stock
Resin products,مطفأة سجائر ريزن 2025,7.0,https://e-shop.psd.gov.jo/625mw6m1187.html,https://e-shop.psd.gov.jo/media/catalog/product/cache/6fe0f40091d9883a4caf18d72ffe3621/_/2/_2025_888888_1.png,625MW6M1187,مطفأة سجائر ريزن 2025 القياسات: القطر:9سم,In stock
Resin products,البتراء ريزن دائري صغير 2025,7.0,https://e-shop.psd.gov.jo/625mw6m1185.html,https://e-shop.psd.gov.jo/media/catalog/product/cache/6fe0f40091d9883a4caf18d72ffe3621/_/5/_564321_2__3.png,625MW6M1185,البتراء ريزن دائري صغير 2025 القياسات: القطر:12سم,In stock
Resin products,قاعدة شمع ريزن 2025,2.0,https://e-shop.psd.gov.jo/625mw6m1189.html,https://e-shop.psd.gov.jo/media/catalog/product/cache/6fe0f40091d9883a4caf18d72ffe3621/_/2/_2025_99999999.png,625MW6M1189,قاعدة شمع ريزن 2025 القياسات: الطول:5*العرض:5سم,In stock
Resin products,محلاي ريزن 2025,3.0,https://e-shop.psd.gov.jo/625mw6m1197.html,https://e-shop.psd.gov.jo/media/catalog/product/cache/6fe0f40091d9883a4caf18d72ffe3621/_/1/_129129_2__1.png,625MW6M1197,محلاي ريزن 2025 القياسات: الطول:6*العرض:4سم,In stock
Resin products,الخزنة ريزن صغير,7.0,https://e-shop.psd.gov.jo/625mw6m1186.html,https://e-shop.psd.gov.jo/media/catalog/product/cache/6fe0f40091d9883a4caf18d72ffe3621/6/2/625mw6m1179_88888888888jjjjj_1.png,625MW6M1186,الخزنة ريزن صغير القياسات: الطول:21*العرض:16سم,In stock
Resin products,كوستر شمعدان أحمر,8.0,https://e-shop.psd.gov.jo/625jw6m0408.html,https://e-shop.psd.gov.jo/media/catalog/product/cache/6fe0f40091d9883a4caf18d72ffe3621/_/7/_777777888.png,625JW6M0408,كوستر شمعدان أحمر القياسات: الطول:12*العرض:17سم,In stock
Resin products,كوستر شمعدان مربع وجوري,13.0,https://e-shop.psd.gov.jo/625jw6m0409.html,https://e-shop.psd.gov.jo/media/catalog/product/cache/6fe0f40091d9883a4caf18d72ffe3621/_/7/_7777777_1.png,625JW6M0409,كوستر شمعدان مربع وجوري القياسات: الطول:9*العرض:12سم,In stock
Resin products,كوستر أحمر ورد صغير,7.0,https://e-shop.psd.gov.jo/625jw6m0410.html,https://e-shop.psd.gov.jo/media/catalog/product/cache/6fe0f40091d9883a4caf18d72ffe3621/_/7/_766666.png,625JW6M0410,كوستر أحمر ورد صغير القياسات: الطول:7*العرض:12سم,In stock
Resin products,طقم ريزن نيلي مذهب 5 قطع,23.0,https://e-shop.psd.gov.jo/625jw6m0411.html,https://e-shop.psd.gov.jo/media/catalog/product/cache/6fe0f40091d9883a4caf18d72ffe3621/_/5/_5_88888888.png,625JW6M0411,طقم ريزن نيلي مذهب 5 قطع القياسات: مختلف الأحجام,In stock
Resin products,صحن ريزن رخام,8.0,https://e-shop.psd.gov.jo/625jw6m0412.html,https://e-shop.psd.gov.jo/media/catalog/product/cache/6fe0f40091d9883a4caf18d72ffe3621/_/7/_77777777.png,625JW6M0412,صحن ريزن رخام القياسات: الطول:29سم,In stock
Resin products,منظر بوابة جرش,5.0,https://e-shop.psd.gov.jo/625mw6m1125.html,https://e-shop.psd.gov.jo/media/catalog/product/cache/6fe0f40091d9883a4caf18d72ffe3621/2/m/2mw36286000_1_1.png,625MW6M1125,منظر بوابة جرش القياسات:,In stock
Resin products,طقم رزن اسود (شمعة),6.0,https://e-shop.psd.gov.jo/625jw4m0562.html,https://e-shop.psd.gov.jo/media/catalog/product/cache/6fe0f40091d9883a4caf18d72ffe3621/_/1/_1333333310109777_1.png,625JW4M0562,طقم رزن اسود (شمعة) القياسات: طول القاعدة:15سم,In stock
Resin products,طقم شمعة أسود,7.0,https://e-shop.psd.gov.jo/625jw4m0563.html,https://e-shop.psd.gov.jo/media/catalog/product/cache/6fe0f40091d9883a4caf18d72ffe3621/_/7/_77666111111111111111111.png,625JW4M0563,طقم شمعة أسود القياسات: عرض القاعدة:14سم,In stock
Resin products,مجسم صدف ريزن,2.0,https://e-shop.psd.gov.jo/625jw4m0568.html,https://e-shop.psd.gov.jo/media/catalog/product/cache/6fe0f40091d9883a4caf18d72ffe3621/_/8/_87654321111_.png,625JW4M0568,مجسم صدف ريزن القياسات: الطول:12سم,In stock
Resin products,مطفأة سجائر ريزن صغير 2025/10,5.0,https://e-shop.psd.gov.jo/625mw6m11165.html,https://e-shop.psd.gov.jo/media/catalog/product/cache/6fe0f40091d9883a4caf18d72ffe3621/_/9/_999999_777.png,625MW6M11165,مطفأة سجائر ريزن صغير 2025/10 القياسات: القطر:9سم,In stock
Resin products,مطفأة سجائر ريزن كبير ذهبي2025/10,7.0,https://e-shop.psd.gov.jo/625mw6m11166.html,https://e-shop.psd.gov.jo/media/catalog/product/cache/6fe0f40091d9883a4caf18d72ffe3621/p/h/photoroom-____18_9.png,625MW6M11166,مطفأة سجائر ريزن كبير ذهبي2025/10 القياسات: القطر:14سم,In stock
Resin products,مجسم الخزنة ريزن 2025/10,7.0,https://e-shop.psd.gov.jo/625mw6l11166.html,https://e-shop.psd.gov.jo/media/catalog/product/cache/6fe0f40091d9883a4caf18d72ffe3621/_/6/_65554321900_1.png,625MW6L11166,مجسم الخزنة ريزن 2025/10 القياسات: الطول:21*العرض:14سم,In stock
Resin products,مجسم الخزنة ريزن دائري 2025/10,12.0,https://e-shop.psd.gov.jo/625mw6m11167.html,https://e-shop.psd.gov.jo/media/catalog/product/cache/6fe0f40091d9883a4caf18d72ffe3621/_/5/_5444432111_.png,625MW6M11167,مجسم الخزنة ريزن دائري 2025/10 القياسات: القطر:12سم,In stock
Resin products,محلاي ريزن 2025/10,5.0,https://e-shop.psd.gov.jo/625mw6m11169.html,https://e-shop.psd.gov.jo/media/catalog/product/cache/6fe0f40091d9883a4caf18d72ffe3621/_/8/_8888888889097_.png,625MW6M11169,محلاي ريزن 2025/10 القياسات: الطول:6*العرض:4سم,In stock
Resin products,منظر مكتبي خارطة الأردن ريزن 2025/10,2.0,https://e-shop.psd.gov.jo/625mw6m11170.html,https://e-shop.psd.gov.jo/media/catalog/product/cache/6fe0f40091d9883a4caf18d72ffe3621/_/9/_9008776766.png,625MW6M11170,منظر مكتبي خارطة الأردن ريزن 2025/10 القياسات: الطول:8*العرض:8سم,In stock
Resin products,خارطة فلسطين ريزن 2025/10,5.0,https://e-shop.psd.gov.jo/625mw6m11171.html,https://e-shop.psd.gov.jo/media/catalog/product/cache/6fe0f40091d9883a4caf18d72ffe3621/p/h/photoroom-____12_11.png,625MW6M11171,خارطة فلسطين ريزن 2025/10 القياسات: الطول 18سم* العرض6سم,In stock
Resin products,فازا ريزن مضلع أسود,4.0,https://e-shop.psd.gov.jo/625jw4m0569.html,https://e-shop.psd.gov.jo/media/catalog/product/cache/6fe0f40091d9883a4caf18d72ffe3621/_/7/_7666111111111111.png,625JW4M0569,فازا ريزن مضلع أسود القياسات: الطول:14سم,In stock
Resin products,علبة وغطاء دائري ازرق,8.0,https://e-shop.psd.gov.jo/625jw4m0572.html,https://e-shop.psd.gov.jo/media/catalog/product/cache/6fe0f40091d9883a4caf18d72ffe3621/_/0/_00009991222222222.png,625JW4M0572,علبة وغطاء دائري ازرق القياسات: القطر:10سم,In stock
Resin products,كاسة (CHRISTMAS)منظر,8.0,https://e-shop.psd.gov.jo/625jw4m0564.html,https://e-shop.psd.gov.jo/media/catalog/product/cache/6fe0f40091d9883a4caf18d72ffe3621/_/2/_233333.png,625JW4M0564,كاسة (CHRISTMAS)منظر القياسات: الطول:16*العرض:12سم,In stock
Resin products,شمعدان شفاف كبير,9.0,https://e-shop.psd.gov.jo/625jw4m0566.html,https://e-shop.psd.gov.jo/media/catalog/product/cache/6fe0f40091d9883a4caf18d72ffe3621/_/2/_22222222222222355.png,625JW4M0566,شمعدان شفاف كبير القياسات: الطول:16*العرض:8سم,In stock
Resin products,طقم صينية ضيافة (أصفر),13.0,https://e-shop.psd.gov.jo/625jw4m0587.html,https://e-shop.psd.gov.jo/media/catalog/product/cache/6fe0f40091d9883a4caf18d72ffe3621/_/7/_7777777777120000000000000--.png,625JW4M0587,طقم صينية ضيافة (أصفر) القياسات: الطول:29سم,In stock
Resin products,طقم صينية ضيافة (زهري),13.0,https://e-shop.psd.gov.jo/625jw4m0586.html,https://e-shop.psd.gov.jo/media/catalog/product/cache/6fe0f40091d9883a4caf18d72ffe3621/_/6/_6666661220000022.png,625JW4M0586,طقم صينية ضيافة (زهري) القياسات: الطول:29سم,In stock
Resin products,مطفأة سجائر صغير ذهبي,4.0,https://e-shop.psd.gov.jo/625mw6m1128.html,https://e-shop.psd.gov.jo/media/catalog/product/cache/6fe0f40091d9883a4caf18d72ffe3621/2/m/2mw43586000_1.png,625MW6M1128,مطفأة سجائر صغير ذهبي القياسات: الطول:12سم*العرض:12سم,In stock
Resin products,قاعدة شمع نصف دائري,3.0,https://e-shop.psd.gov.jo/625mw6m1130.html,https://e-shop.psd.gov.jo/media/catalog/product/cache/6fe0f40091d9883a4caf18d72ffe3621/2/m/2mw44086000_1.png,625MW6M1130,قاعدة شمع نصف دائري القياسات: القطر:9سم,In stock
Resin products,قاعدة شمعة,2.0,https://e-shop.psd.gov.jo/625mw6m1131.html,https://e-shop.psd.gov.jo/media/catalog/product/cache/6fe0f40091d9883a4caf18d72ffe3621/2/m/2mw44286000_1.png,625MW6M1131,قاعدة شمعة القياسات: الطول:8سم,In stock
Resin products,مجسم الخزنة,7.0,https://e-shop.psd.gov.jo/625mw6m1132.html,https://e-shop.psd.gov.jo/media/catalog/product/cache/6fe0f40091d9883a4caf18d72ffe3621/w/h/whatsapp_image_2024-10-13_at_10.57.41_am_1.jpeg,625MW6M1132,مجسم الخزنة القياسات: الطول:21*العرض:13سم,In stock
Resin products,شجرة كريستال أخضر,19.0,https://e-shop.psd.gov.jo/1jw35286000.html,https://e-shop.psd.gov.jo/media/catalog/product/cache/6fe0f40091d9883a4caf18d72ffe3621/p/h/photoroom-____17_2.png,625JW4M0592,شجرة كريستال أخضر القياسات: الطول30*العرض5سم,Out of stock
Packaged products,لوحة نحاسية (مبنى مديرية الأمن العام) كبير,15.0,https://e-shop.psd.gov.jo/625ir3m186.html,https://e-shop.psd.gov.jo/media/catalog/product/cache/6fe0f40091d9883a4caf18d72ffe3621/_/7/_788888888888888.png,625IR3M186,لوحة نحاسية (مبنى مديرية الأمن العام) كبير القياسات: الطول:29*العرض42سم,Out of stock
Packaged products,Vasa دوار ( برتقالي),11.0,https://e-shop.psd.gov.jo/625um2m5445.html,https://e-shop.psd.gov.jo/media/catalog/product/cache/6fe0f40091d9883a4caf18d72ffe3621/_/8/_888888888_1.png,625UM2M5445,Vasa دوار ( برتقالي) القياسات: الطول:26*العرض:7سم,In stock
Packaged products,فازا نهدي قلب أسود,4.0,https://e-shop.psd.gov.jo/625um2m5615.html,https://e-shop.psd.gov.jo/media/catalog/product/cache/6fe0f40091d9883a4caf18d72ffe3621/_/6/_65_1.png,625UM2M5615,فازا نهدي قلب أسود القياسات: الطول:15*العرض:10سم,In stock
Packaged products,مجسم الخزنة خشب 2025,35.0,https://e-shop.psd.gov.jo/625mw1m1157.html,https://e-shop.psd.gov.jo/media/catalog/product/cache/6fe0f40091d9883a4caf18d72ffe3621/_/0/_098777.png,625MW1M1157,مجسم الخزنة خشب 2025 القياسات: الطول:30*العرض:24سم,In stock
Packaged products,شمعة رملية,2.0,https://e-shop.psd.gov.jo/625jw6m0269.html,https://e-shop.psd.gov.jo/media/catalog/product/cache/6fe0f40091d9883a4caf18d72ffe3621/_/6/_6555555555555555555.png,625JW6M0269,شمعة رملية القياسات: الطول:8*العرض5سم,In stock
Packaged products,طقم كروشيه (أزرق وأبيض ),15.0,https://e-shop.psd.gov.jo/625jw4m4237.html,https://e-shop.psd.gov.jo/media/catalog/product/cache/6fe0f40091d9883a4caf18d72ffe3621/_/2/_2.jpg,625JW4M4237,طقم كروشيه (أزرق وأبيض ) القياسات: مختلف الأحجام( كبير وسط صغير),Out of stock
Packaged products,دلة قهوة عربية,2.0,https://e-shop.psd.gov.jo/625um2s1192.html,https://e-shop.psd.gov.jo/media/catalog/product/cache/6fe0f40091d9883a4caf18d72ffe3621/_/9/_90000000000_1.png,625UM2S1192,دلة قهوة عربية القياسات: مختلف الأحجام,In stock
Packaged products,لوحة رملية (التاج الملكي),15.0,https://e-shop.psd.gov.jo/625jm1164.html,https://e-shop.psd.gov.jo/media/catalog/product/cache/6fe0f40091d9883a4caf18d72ffe3621/_/6/_678.png,625JM1164,لوحة رملية (التاج الملكي) القياسات: الطول : 24 سم * العرض 29 سم,In stock
Packaged products,زجاجة رملية (علم الأردن),5.0,https://e-shop.psd.gov.jo/625jm1163.html,https://e-shop.psd.gov.jo/media/catalog/product/cache/6fe0f40091d9883a4caf18d72ffe3621/_/9/_99877777777.png,625JM1163,زجاجة رملية (علم الأردن) القياسات: الطول : 29 سم * العرض 9 سم,In stock
Packaged products,فازا خزف أزرق وردة ياسمين,10.0,https://e-shop.psd.gov.jo/625um2m0302.html,https://e-shop.psd.gov.jo/media/catalog/product/cache/6fe0f40091d9883a4caf18d72ffe3621/_/8/_8888888888888809_1.png,625UM2M0302,Vasa خزف لون أزرق (وردة ياسمين) القياسات: الطول 9*العرض6سم,In stock
Packaged products,مهباش تراثي 2025,20.0,https://e-shop.psd.gov.jo/625mw6m1100.html,https://e-shop.psd.gov.jo/media/catalog/product/cache/6fe0f40091d9883a4caf18d72ffe3621/_/6/_655555555555.png,625MW6M1100,مهباش تراثي 2025 القياسات: الطول:73*العرض:24سم,Out of stock
Packaged products,طقم بهارات 6 قطع أبيض و أزرق,18.0,https://e-shop.psd.gov.jo/1um131036000.html,https://e-shop.psd.gov.jo/media/catalog/product/cache/6fe0f40091d9883a4caf18d72ffe3621/_/9/_9000000000_1.png,625UM2M5544,طقم بهارات 6 قطع أبيض و أزرق القياسات: الطول10*العرض5سم,In stock
